model,target,step,train_loss,validation_loss,validation_score,training_objective_loss,regime_train_loss,regime_validation_loss,regime_train_entropy,regime_validation_entropy
realmlp,all,1,0.6930843346259173,0.5268280506134033,0.5948227047920227,1.009609423139516,3.165250830790576,1.382642149925232,0.7178710690316032,0.8375473022460938
realmlp,kpx_group_1,1,0.6874713485731798,0.49080079793930054,0.6280889511108398,,,,,
realmlp,kpx_group_2,1,0.6899192867910161,0.48223191499710083,0.6202496290206909,,,,,
realmlp,kpx_group_3,1,0.7018623737727895,0.607451319694519,0.5361295342445374,,,,,
realmlp,all,2,0.5912231934421203,0.47771668434143066,0.6305646300315857,0.7723370983320124,1.811138912158854,1.3430522680282593,0.6362583102548823,0.7111390233039856
realmlp,kpx_group_1,2,0.5926030681413763,0.4286452531814575,0.6755765676498413,,,,,
realmlp,kpx_group_2,2,0.56493999589892,0.508867084980011,0.5971041917800903,,,,,
realmlp,kpx_group_3,2,0.6161265145329868,0.49563759565353394,0.6190131902694702,,,,,
realmlp,all,3,0.5655825953273212,0.47076502442359924,0.6409768462181091,0.7200262178392971,1.5444361339597141,1.2287298440933228,0.6149783248410505,0.7360411882400513
realmlp,kpx_group_1,3,0.5625664994997137,0.4570713937282562,0.6549265384674072,,,,,
realmlp,kpx_group_2,3,0.5352378321044585,0.4450951814651489,0.6571587324142456,,,,,
realmlp,kpx_group_3,3,0.5989434648962582,0.5101284980773926,0.6108452081680298,,,,,
realmlp,all,4,0.5548583400600097,0.4668540954589844,0.6421855092048645,0.6936789777349023,1.3882062435150146,1.2630220651626587,0.6142488428775001,0.6868748068809509
realmlp,kpx_group_1,4,0.5546543606940437,0.4280049800872803,0.6769642233848572,,,,,
realmlp,kpx_group_2,4,0.521240613916341,0.46136295795440674,0.6397784948348999,,,,,
realmlp,kpx_group_3,4,0.5886800543350332,0.5111943483352661,0.6098139882087708,,,,,
realmlp,all,5,0.5417893967207741,0.4665200710296631,0.6454715132713318,0.6724093056776944,1.3061989843845367,1.147793173789978,0.5861504261984545,0.6466050744056702
realmlp,kpx_group_1,5,0.5403510393465266,0.4660419523715973,0.6504531502723694,,,,,
realmlp,kpx_group_2,5,0.507165859289029,0.4375070631504059,0.6632980108261108,,,,,
realmlp,kpx_group_3,5,0.5778513138785082,0.4960111975669861,0.6226633191108704,,,,,
realmlp,all,6,0.5320553218617159,0.47813549637794495,0.6365607380867004,0.6557164902196211,1.2366116888382856,1.2121630907058716,0.5781755868126365,0.6895755529403687
realmlp,kpx_group_1,6,0.5314007874797372,0.45412832498550415,0.6619472503662109,,,,,
realmlp,kpx_group_2,6,0.49551355312852297,0.44580721855163574,0.6501486897468567,,,,,
realmlp,kpx_group_3,6,0.5692516328657374,0.5344710350036621,0.5975862741470337,,,,,
realmlp,all,7,0.5248770354425206,0.49484047293663025,0.6254198551177979,0.6415635829462725,1.1668655311360079,1.1456764936447144,0.5793836712837219,0.6685196161270142
realmlp,kpx_group_1,7,0.5258942513781435,0.4960537254810333,0.6289036273956299,,,,,
realmlp,kpx_group_2,7,0.48530373985276504,0.43249911069869995,0.66534024477005,,,,,
realmlp,kpx_group_3,7,0.5634331203558866,0.5559685230255127,0.5820157527923584,,,,,
realmlp,all,8,0.5149986384546056,0.4454139471054077,0.6605494022369385,0.6281165620859932,1.1311791767092312,1.2018619775772095,0.5773676633834839,0.624996542930603
realmlp,kpx_group_1,8,0.5137345282470479,0.4277413487434387,0.6776169538497925,,,,,
realmlp,kpx_group_2,8,0.47740398610339446,0.4433165192604065,0.6552553772926331,,,,,
realmlp,kpx_group_3,8,0.5538574185441522,0.4651840031147003,0.6487758159637451,,,,,
realmlp,all,9,0.5060395370511448,0.4582427442073822,0.652237594127655,0.6154511746238259,1.0941163827391232,1.160904049873352,0.5795660799040514,0.6288031935691833
realmlp,kpx_group_1,9,0.5056203687015701,0.4533195495605469,0.6591260433197021,,,,,
realmlp,kpx_group_2,9,0.46672264092108784,0.4370664358139038,0.6629608273506165,,,,,
realmlp,kpx_group_3,9,0.5457755914505791,0.48434221744537354,0.6346259713172913,,,,,
realmlp,all,10,0.49515453506918516,0.4497652053833008,0.6566542983055115,0.6007938867106157,1.0563934515504276,1.2316126823425293,0.5779265419525259,0.6317443251609802
realmlp,kpx_group_1,10,0.4947544507244054,0.42326605319976807,0.6821976900100708,,,,,
realmlp,kpx_group_2,10,0.45684167523594466,0.44730252027511597,0.6495527029037476,,,,,
realmlp,kpx_group_3,10,0.5338674853829777,0.47872695326805115,0.6382125616073608,,,,,
realmlp,all,11,0.48507604528875914,0.45703351497650146,0.6512249112129211,0.5885584669954637,1.0348242293385899,1.1642314195632935,0.5801283962586347,0.6241881847381592
realmlp,kpx_group_1,11,0.4839988442904809,0.4491986930370331,0.6627662181854248,,,,,
realmlp,kpx_group_2,11,0.44923150933840694,0.4326370060443878,0.6622439622879028,,,,,
realmlp,kpx_group_3,11,0.5219977844287368,0.4892647862434387,0.6286644339561462,,,,,
realmlp,all,12,0.4777809714569765,0.45724019408226013,0.6493902206420898,0.5795005481032764,1.0171957576976103,1.1750178337097168,0.5807692005353815,0.6271565556526184
realmlp,kpx_group_1,12,0.47731571206275153,0.4464903473854065,0.6645746827125549,,,,,
realmlp,kpx_group_2,12,0.4409409437109442,0.4369305670261383,0.6578936576843262,,,,,
realmlp,kpx_group_3,12,0.515086263856467,0.48829948902130127,0.6257022023200989,,,,,
realmlp,all,13,0.4727814977659899,0.4568208158016205,0.6499112844467163,0.5736553677741218,1.0087387158590204,1.181390404701233,0.5878596893128227,0.6340450644493103
realmlp,kpx_group_1,13,0.4720393914510222,0.4476354718208313,0.664560079574585,,,,,
realmlp,kpx_group_2,13,0.437639457776266,0.43649789690971375,0.6570560932159424,,,,,
realmlp,kpx_group_3,13,0.5086656563422259,0.48632895946502686,0.6281176209449768,,,,,
realmlp,all,14,0.4713307132615763,0.4559308588504791,0.6511934995651245,0.5720513594501159,1.0072064636384739,1.177918791770935,0.5869839989087161,0.6312957406044006
realmlp,kpx_group_1,14,0.4692313675494755,0.44620856642723083,0.6665776371955872,,,,,
realmlp,kpx_group_2,14,0.4372493317898582,0.4362642168998718,0.65767902135849,,,,,
realmlp,kpx_group_3,14,0.5075114329948145,0.4853197932243347,0.6293237805366516,,,,,
realmlp,all,15,0.4726518808918841,0.4536548852920532,0.6539523005485535,0.573521243298755,1.008693682796815,1.1789406538009644,0.5827315598726273,0.623397171497345
realmlp,kpx_group_1,15,0.4716530126683852,0.4456626772880554,0.6652266979217529,,,,,
realmlp,kpx_group_2,15,0.4370884768226567,0.4370388984680176,0.6575838923454285,,,,,
realmlp,kpx_group_3,15,0.5092141457340297,0.47826310992240906,0.639046311378479,,,,,
realmlp,all,16,0.47365032224094167,0.4495614767074585,0.6577224731445312,0.5742066616521162,1.0055634686175514,1.187050700187683,0.5830465327290928,0.6339742541313171
realmlp,kpx_group_1,16,0.4740637019276619,0.4363238215446472,0.6736313700675964,,,,,
realmlp,kpx_group_2,16,0.4373651011025204,0.43328747153282166,0.6626414060592651,,,,,
realmlp,kpx_group_3,16,0.5095221597482177,0.4790731370449066,0.6368946433067322,,,,,
realmlp,all,17,0.4763452283599797,0.46095606684684753,0.6476827263832092,0.5775820945992189,1.012368662392392,1.1690105199813843,0.581455689142732,0.6232064962387085
realmlp,kpx_group_1,17,0.47549813941997643,0.4475459158420563,0.6641788482666016,,,,,
realmlp,kpx_group_2,17,0.440387500121313,0.4364084005355835,0.6585949659347534,,,,,
realmlp,kpx_group_3,17,0.5131500385263387,0.4989140033721924,0.6202743053436279,,,,,
realmlp,all,18,0.4818311267915894,0.45362842082977295,0.6540389657020569,0.5844865528976216,1.0265542032087551,1.191876769065857,0.5756754848886939,0.6290739178657532
realmlp,kpx_group_1,18,0.4807487603496103,0.4396876394748688,0.6724979281425476,,,,,
realmlp,kpx_group_2,18,0.44536416758509245,0.432976096868515,0.6619348526000977,,,,,
realmlp,kpx_group_3,18,0.519380460767185,0.4882216155529022,0.6276842951774597,,,,,
realmlp,all,19,0.4857172917793779,0.44882461428642273,0.6571676135063171,0.5884541614967234,1.0273686445811216,1.2237300872802734,0.5741560599383186,0.6357841491699219
realmlp,kpx_group_1,19,0.4848705595907043,0.43410399556159973,0.6719003915786743,,,,,
realmlp,kpx_group_2,19,0.4475094496327288,0.433982789516449,0.6611826419830322,,,,,
realmlp,kpx_group_3,19,0.5247718814541312,0.47838711738586426,0.6384196877479553,,,,,
realmlp,all,20,0.4872448523254955,0.46065768599510193,0.6506204009056091,0.5911344666691387,1.0388961232760374,1.1470112800598145,0.5705125954221276,0.6242735981941223
realmlp,kpx_group_1,20,0.4845273301881902,0.4685301184654236,0.6504851579666138,,,,,
realmlp,kpx_group_2,20,0.45208758159595375,0.4253898859024048,0.6705824732780457,,,,,
realmlp,kpx_group_3,20,0.5251196456306121,0.48805302381515503,0.6307934522628784,,,,,
realmlp,all,21,0.4884158670902252,0.44623616337776184,0.6620145440101624,0.5921565793892917,1.0374071896076202,1.1360164880752563,0.5686027214807623,0.5900313854217529
realmlp,kpx_group_1,21,0.4868176544413847,0.4347561299800873,0.6734927892684937,,,,,
realmlp,kpx_group_2,21,0.4508847813395893,0.42877382040023804,0.6683115363121033,,,,,
realmlp,kpx_group_3,21,0.5275451860883656,0.47517862915992737,0.6442393064498901,,,,,
realmlp,all,22,0.488020456450827,0.475018709897995,0.6407939791679382,0.5912194550037384,1.0319899828994976,1.1478580236434937,0.5581857334165012,0.6245463490486145
realmlp,kpx_group_1,22,0.4865350372651044,0.49043941497802734,0.6343597173690796,,,,,
realmlp,kpx_group_2,22,0.4510347378604552,0.42666494846343994,0.6692907810211182,,,,,
realmlp,kpx_group_3,22,0.5264915902824963,0.5079517960548401,0.6187313795089722,,,,,
realmlp,all,23,0.488924045334844,0.4594295024871826,0.6501736640930176,0.5926128029823303,1.0368876124129576,1.1782256364822388,0.5590756246272255,0.6190647482872009
realmlp,kpx_group_1,23,0.48772791510119157,0.4328165650367737,0.6747212409973145,,,,,
realmlp,kpx_group_2,23,0.4515424984342912,0.44179487228393555,0.6557230949401855,,,,,
realmlp,kpx_group_3,23,0.5275017119505826,0.5036770701408386,0.6200766563415527,,,,,
realmlp,all,24,0.4865298845312175,0.4656595289707184,0.6440629363059998,0.5892551278366762,1.0272524050053429,1.1512373685836792,0.5532033460981706,0.6064614057540894
realmlp,kpx_group_1,24,0.48302360141978545,0.4644547998905182,0.6494608521461487,,,,,
realmlp,kpx_group_2,24,0.44979947148000493,0.43418508768081665,0.6619617938995361,,,,,
realmlp,kpx_group_3,24,0.5267665776259759,0.4983387291431427,0.6207659840583801,,,,,
realmlp,all,25,0.4853004002395798,0.47397860884666443,0.6414778828620911,0.5879233759992263,1.026229722534909,1.1410452127456665,0.5532905415577047,0.651764452457428
realmlp,kpx_group_1,25,0.4825432269888766,0.4736032485961914,0.6456619501113892,,,,,
realmlp,kpx_group_2,25,0.44903123115791993,0.4206150472164154,0.6751267910003662,,,,,
realmlp,kpx_group_3,25,0.5243267495842541,0.5277173519134521,0.603644847869873,,,,,
realmlp,all,26,0.4794292761122479,0.4542592465877533,0.6527340412139893,0.5803365172708735,1.009072425610879,1.1657098531723022,0.5503247012110317,0.5811842679977417
realmlp,kpx_group_1,26,0.4782401384676204,0.44049713015556335,0.6700403690338135,,,,,
realmlp,kpx_group_2,26,0.4429778509280261,0.43951815366744995,0.6556308269500732,,,,,
realmlp,kpx_group_3,26,0.5170698385028278,0.4827624559402466,0.6325308680534363,,,,,
realmlp,all,27,0.4776464705081547,0.4686410427093506,0.6446623206138611,0.5785100503879435,1.0086358347359825,1.137297511100769,0.5478650725939694,0.594007134437561
realmlp,kpx_group_1,27,0.4749722125775674,0.4667876660823822,0.6501709818840027,,,,,
realmlp,kpx_group_2,27,0.44010291380040784,0.4370656907558441,0.6612739562988281,,,,,
realmlp,kpx_group_3,27,0.5178642728749443,0.5020696520805359,0.622542142868042,,,,,
realmlp,all,28,0.4696774671182913,0.45455077290534973,0.6540435552597046,0.5684986728079179,0.988212030600099,1.1648049354553223,0.543950749670758,0.5857759714126587
realmlp,kpx_group_1,28,0.4677102600826937,0.432167112827301,0.6755462884902954,,,,,
realmlp,kpx_group_2,28,0.43364281294976964,0.44020169973373413,0.6577039957046509,,,,,
realmlp,kpx_group_3,28,0.5076793252545244,0.4912835359573364,0.6288803815841675,,,,,
realmlp,all,29,0.4642945896176731,0.46599531173706055,0.644034206867218,0.5613605905981625,0.9706599992864272,1.136593222618103,0.5512163551414714,0.571172297000885
realmlp,kpx_group_1,29,0.4643226024859092,0.4615819752216339,0.6533232927322388,,,,,
realmlp,kpx_group_2,29,0.4296448660247466,0.4349110424518585,0.6607652902603149,,,,,
realmlp,kpx_group_3,29,0.49891629552139954,0.501492977142334,0.6180140376091003,,,,,
realmlp,all,30,0.45759759624214735,0.47069287300109863,0.6416965126991272,0.5534982523497414,0.9590065496809342,1.1539744138717651,0.5414096230969709,0.5930032134056091
realmlp,kpx_group_1,30,0.4555052093723241,0.4610080122947693,0.6542910933494568,,,,,
realmlp,kpx_group_2,30,0.42209936941371246,0.43895724415779114,0.6569964289665222,,,,,
realmlp,kpx_group_3,30,0.49518820424290266,0.5121132731437683,0.6138019561767578,,,,,
realmlp,all,31,0.44881274112883734,0.4648682177066803,0.646882951259613,0.54380863904953,0.9499590379350326,1.1562905311584473,0.5409649163484573,0.5820374488830566
realmlp,kpx_group_1,31,0.45067288375952663,0.44933608174324036,0.6633393168449402,,,,,
realmlp,kpx_group_2,31,0.4156465569839758,0.43741917610168457,0.6616591215133667,,,,,
realmlp,kpx_group_3,31,0.4801187677418484,0.507849395275116,0.615650475025177,,,,,
realmlp,all,32,0.4427818568313823,0.4765119254589081,0.6365402340888977,0.5358371147338081,0.930552627233898,1.1662449836730957,0.5381617493489209,0.573847234249115
realmlp,kpx_group_1,32,0.4424825990024735,0.4658678472042084,0.6484242677688599,,,,,
realmlp,kpx_group_2,32,0.41027138294542537,0.4474155008792877,0.6512576341629028,,,,,
realmlp,kpx_group_3,32,0.4755915872314397,0.5162524580955505,0.6099387407302856,,,,,
realmlp,all,33,0.4336926314760657,0.4700610637664795,0.6416394114494324,0.5257252235622967,0.9203258875538322,1.1713476181030273,0.5394959072856342,0.5831862092018127
realmlp,kpx_group_1,33,0.43597232857171225,0.46315503120422363,0.6513921618461609,,,,,
realmlp,kpx_group_2,33,0.40009793551529155,0.4451868534088135,0.654816210269928,,,,,
realmlp,kpx_group_3,33,0.4650076307794627,0.5018412470817566,0.618709921836853,,,,,
realmlp,all,34,0.4254375490195611,0.4608394205570221,0.6501919031143188,0.5157916813212282,0.9035413414239883,1.1355323791503906,0.5396162928903804,0.5726069211959839
realmlp,kpx_group_1,34,0.42850633973584457,0.4435911178588867,0.6684855818748474,,,,,
realmlp,kpx_group_2,34,0.3940967856084599,0.4385369122028351,0.6591818332672119,,,,,
realmlp,kpx_group_3,34,0.45370952697361216,0.5003901124000549,0.622908353805542,,,,,
realmlp,all,35,0.41783326206838384,0.46442946791648865,0.6466755270957947,0.5070798212991041,0.8924656186033698,1.1321024894714355,0.5374284149969325,0.576015055179596
realmlp,kpx_group_1,35,0.42212040503235426,0.4555804133415222,0.6572204828262329,,,,,
realmlp,kpx_group_2,35,0.38802254901212807,0.4338713586330414,0.6647242307662964,,,,,
realmlp,kpx_group_3,35,0.44335682339528026,0.5038367509841919,0.6180817484855652,,,,,
realmlp,all,36,0.41226791327490525,0.47341522574424744,0.6398833394050598,0.5008288411533132,0.8856092288213617,1.1266789436340332,0.5383980230373495,0.5728515982627869
realmlp,kpx_group_1,36,0.4164610272821258,0.463071346282959,0.652104377746582,,,,,
realmlp,kpx_group_2,36,0.38314684392774806,0.4371809959411621,0.6615097522735596,,,,,
realmlp,kpx_group_3,36,0.4371958703679197,0.519993245601654,0.6060359477996826,,,,,
realmlp,all,37,0.40613945661222234,0.46904945373535156,0.6421016454696655,0.49385788773789124,0.877184296355528,1.1423105001449585,0.5347381400711396,0.5749629139900208
realmlp,kpx_group_1,37,0.41059568787322326,0.4595967233181,0.6540111303329468,,,,,
realmlp,kpx_group_2,37,0.3790489312480478,0.4370502829551697,0.6591585874557495,,,,,
realmlp,kpx_group_3,37,0.42877375115366545,0.5105013251304626,0.6131352186203003,,,,,
realmlp,all,38,0.4033050778157571,0.4677904546260834,0.6444728374481201,0.49060777048854265,0.8730269162093892,1.128426194190979,0.5342988599749172,0.5711210370063782
realmlp,kpx_group_1,38,0.40901455546126647,0.45658376812934875,0.656429648399353,,,,,
realmlp,kpx_group_2,38,0.3761924246654791,0.43444323539733887,0.6629384160041809,,,,,
realmlp,kpx_group_3,38,0.4247082498143701,0.5123443603515625,0.6140505075454712,,,,,
realmlp,all,39,0.40030720479348125,0.46910712122917175,0.642885684967041,0.4873110012096517,0.8700379781863269,1.1338351964950562,0.534780048272189,0.5718796849250793
realmlp,kpx_group_1,39,0.4063853809938711,0.4578964412212372,0.654818594455719,,,,,
realmlp,kpx_group_2,39,0.3741840444066945,0.43590933084487915,0.6622323989868164,,,,,
realmlp,kpx_group_3,39,0.42035218985641704,0.5135155320167542,0.6116060018539429,,,,,
realmlp,all,40,0.39944642080980186,0.4694467782974243,0.6425487995147705,0.48650718743310256,0.8706076259122175,1.1335266828536987,0.5362703589832082,0.5722973942756653
realmlp,kpx_group_1,40,0.4064614746500464,0.4594009518623352,0.654279887676239,,,,,
realmlp,kpx_group_2,40,0.37435882757691774,0.4354400038719177,0.6626800894737244,,,,,
realmlp,kpx_group_3,40,0.4175189680912915,0.5134994387626648,0.6106863617897034,,,,,
realmlp,all,41,0.39910463857300144,0.4694141447544098,0.6428173184394836,0.48619673488771215,0.8709209727890351,1.13467538356781,0.5358593498959261,0.5726340413093567
realmlp,kpx_group_1,41,0.40518439473474727,0.4592617452144623,0.6544075012207031,,,,,
realmlp,kpx_group_2,41,0.37268708120374117,0.4355064928531647,0.663284420967102,,,,,
realmlp,kpx_group_3,41,0.41944243101512685,0.5134743452072144,0.6107600331306458,,,,,
realmlp,all,42,0.39958960606771354,0.46976470947265625,0.6418204307556152,0.4865594028550036,0.8696979144040276,1.1303938627243042,0.5357232707388261,0.5754977464675903
realmlp,kpx_group_1,42,0.4064566755996031,0.46046242117881775,0.6528841257095337,,,,,
realmlp,kpx_group_2,42,0.37345434681457634,0.4337841272354126,0.6631802320480347,,,,,
realmlp,kpx_group_3,42,0.4188577900914585,0.5150474905967712,0.6093968749046326,,,,,
realmlp,all,43,0.40001311766750675,0.46862438321113586,0.6439140439033508,0.48707405784550833,0.8706094683969722,1.130305290222168,0.535509879098219,0.57425856590271
realmlp,kpx_group_1,43,0.40565648061387677,0.45866066217422485,0.6550067663192749,,,,,
realmlp,kpx_group_2,43,0.37487586237051906,0.434660404920578,0.6638807058334351,,,,,
realmlp,kpx_group_3,43,0.4195070122094715,0.5125522017478943,0.6128547191619873,,,,,
realmlp,all,44,0.40054202693350177,0.47062942385673523,0.6420575976371765,0.48764495025662813,0.8710292463793474,1.1298326253890991,0.53457872569561,0.5739237070083618
realmlp,kpx_group_1,44,0.40765785645036134,0.46189969778060913,0.6527196168899536,,,,,
realmlp,kpx_group_2,44,0.3746773784651476,0.4345623850822449,0.6630443930625916,,,,,
realmlp,kpx_group_3,44,0.41929083711960735,0.5154262185096741,0.6104087233543396,,,,,
realmlp,all,45,0.402370171073605,0.4712636470794678,0.6415192484855652,0.4895899146795273,0.8721974018742057,1.1352818012237549,0.5327293618636972,0.5749650597572327
realmlp,kpx_group_1,45,0.4081677825135343,0.45716264843940735,0.6571983098983765,,,,,
realmlp,kpx_group_2,45,0.3762655310771045,0.43664899468421936,0.6606951951980591,,,,,
realmlp,kpx_group_3,45,0.4226772083955653,0.5199794173240662,0.6066641807556152,,,,,
realmlp,all,46,0.4041357290218858,0.4645719826221466,0.6434138417243958,0.4912951799000011,0.8715944316457299,1.1430257558822632,0.5305028452592737,0.5584101676940918
realmlp,kpx_group_1,46,0.4091588583062677,0.448139488697052,0.658185601234436,,,,,
realmlp,kpx_group_2,46,0.3774709206293611,0.43544110655784607,0.6611871719360352,,,,,
realmlp,kpx_group_3,46,0.4257774234694593,0.510135293006897,0.6108688712120056,,,,,
realmlp,all,47,0.40661851886440725,0.4735466539859772,0.639774739742279,0.4942070491173688,0.87588531480116,1.1263079643249512,0.530175952350392,0.5669732093811035
realmlp,kpx_group_1,47,0.4114162523080321,0.45860615372657776,0.6532744765281677,,,,,
realmlp,kpx_group_2,47,0.38053127159090605,0.4373382031917572,0.6635968089103699,,,,,
realmlp,kpx_group_3,47,0.4279080221758169,0.5246955156326294,0.6024528741836548,,,,,
realmlp,all,48,0.4086520229192341,0.47169026732444763,0.6405066847801208,0.49596087064813166,0.8730885027086034,1.1502251625061035,0.527068135492942,0.5642268657684326
realmlp,kpx_group_1,48,0.4130799380295417,0.45823049545288086,0.6561222076416016,,,,,
realmlp,kpx_group_2,48,0.38133027360719796,0.43932023644447327,0.6588117480278015,,,,,
realmlp,kpx_group_3,48,0.43154583783710704,0.5175198316574097,0.6065860390663147,,,,,
realmlp,all,49,0.40938322947305794,0.46964576840400696,0.6429782509803772,0.49719707185731216,0.8781384028056088,1.1468325853347778,0.5223800741574344,0.5639193058013916
realmlp,kpx_group_1,49,0.4131452752386822,0.4580557346343994,0.6566116213798523,,,,,
realmlp,kpx_group_2,49,0.38228488319060383,0.4351919889450073,0.662802517414093,,,,,
realmlp,kpx_group_3,49,0.43271953963181553,0.5156896114349365,0.6095206141471863,,,,,
realmlp,all,50,0.41260651805821585,0.47130250930786133,0.640801727771759,0.5004708455765948,0.8786432357395396,1.1480752229690552,0.5195039076840177,0.5636990070343018
realmlp,kpx_group_1,50,0.4162220152861932,0.4560759961605072,0.655994713306427,,,,,
realmlp,kpx_group_2,50,0.3836912363767624,0.43646925687789917,0.6621802449226379,,,,,
realmlp,kpx_group_3,50,0.43790630601784764,0.5213623046875,0.6042303442955017,,,,,
realmlp,all,51,0.4131176975720069,0.47152963280677795,0.6415597200393677,0.5008752332890735,0.8775753405164269,1.118262529373169,0.5183379089131075,0.5579403042793274
realmlp,kpx_group_1,51,0.4174765466767199,0.4634683132171631,0.6512184143066406,,,,,
realmlp,kpx_group_2,51,0.3842751112054376,0.42894721031188965,0.6695520877838135,,,,,
realmlp,kpx_group_3,51,0.4376014247536659,0.5221733450889587,0.6039087772369385,,,,,
realmlp,all,52,0.41375816481954913,0.4721721112728119,0.6391785740852356,0.5015484164742863,0.8779025638804716,1.1498451232910156,0.5181123180424466,0.5477855205535889
realmlp,kpx_group_1,52,0.4181269113631809,0.4538649916648865,0.6570703983306885,,,,,
realmlp,kpx_group_2,52,0.3847627179587589,0.44079750776290894,0.6583698391914368,,,,,
realmlp,kpx_group_3,52,0.43838487521690483,0.5218536853790283,0.6020956635475159,,,,,
realmlp,all,53,0.4129649282378309,0.4719994068145752,0.6406275629997253,0.5009340153020971,0.8796909013215233,1.1126618385314941,0.5103235801353174,0.5487303733825684
realmlp,kpx_group_1,53,0.4174225325970089,0.45666319131851196,0.6560525298118591,,,,,
realmlp,kpx_group_2,53,0.3837549633839551,0.4365461766719818,0.6623224020004272,,,,,
realmlp,kpx_group_3,53,0.4377172834732953,0.5227888822555542,0.6035077571868896,,,,,
realmlp,all,54,0.4156042013098212,0.47223344445228577,0.6400997042655945,0.5036080768879723,0.8800387961022994,1.1538010835647583,0.5129682079834097,0.5583195686340332
realmlp,kpx_group_1,54,0.416326303692425,0.4673682153224945,0.6521347165107727,,,,,
realmlp,kpx_group_2,54,0.3877258655779502,0.4321036636829376,0.6638308763504028,,,,,
realmlp,kpx_group_3,54,0.4427604368504356,0.5172286033630371,0.6043334603309631,,,,,
realmlp,all,55,0.41403409225099225,0.47764620184898376,0.637185275554657,0.5016644053599414,0.876303138978341,1.0992980003356934,0.5084100190330955,0.5235614776611328
realmlp,kpx_group_1,55,0.417062454363879,0.46446144580841064,0.6522200107574463,,,,,
realmlp,kpx_group_2,55,0.3855637465329731,0.4357919991016388,0.6624573469161987,,,,,
realmlp,kpx_group_3,55,0.43947608243016634,0.5326851606369019,0.5968784689903259,,,,,
realmlp,all,56,0.41257957237608295,0.47710132598876953,0.6373977661132812,0.4999401849858901,0.8736060770118937,1.168714165687561,0.5027615340316997,0.5489868521690369
realmlp,kpx_group_1,56,0.41527721987051125,0.4425853490829468,0.6681694984436035,,,,,
realmlp,kpx_group_2,56,0.38512427754261913,0.44829654693603516,0.6507112979888916,,,,,
realmlp,kpx_group_3,56,0.4373372376841657,0.5404222011566162,0.5933124423027039,,,,,
realmlp,all,57,0.41104043099810095,0.4744161069393158,0.6400494575500488,0.49783774728284164,0.867973094477373,1.1187077760696411,0.5019848780596957,0.510538637638092
realmlp,kpx_group_1,57,0.4134187715895036,0.46978506445884705,0.6491380929946899,,,,,
realmlp,kpx_group_2,57,0.38351478690610213,0.4371573328971863,0.662024736404419,,,,,
realmlp,kpx_group_3,57,0.4361877130234943,0.5163058042526245,0.6089856624603271,,,,,
realmlp,all,58,0.4106820909415974,0.4955512583255768,0.6245524287223816,0.4973209088339525,0.8663882245035732,1.1279702186584473,0.49870020896196365,0.5395978689193726
realmlp,kpx_group_1,58,0.412970385130714,0.49098944664001465,0.6346917152404785,,,,,
realmlp,kpx_group_2,58,0.38291427756057067,0.4382271468639374,0.662114679813385,,,,,
realmlp,kpx_group_3,58,0.4361616026829271,0.5574371814727783,0.5768508911132812,,,,,
realmlp,all,59,0.4068867419572437,0.4833281934261322,0.6334851384162903,0.49347039355951194,0.865836492356132,1.1342705488204956,0.49941106096786614,0.5372767448425293
realmlp,kpx_group_1,59,0.40999973872128653,0.46924448013305664,0.6498072147369385,,,,,
realmlp,kpx_group_2,59,0.3813303012181731,0.43913954496383667,0.6600809097290039,,,,,
realmlp,kpx_group_3,59,0.4293301727841882,0.5416005849838257,0.5905672311782837,,,,,
realmlp,all,60,0.4061526358127594,0.4796734154224396,0.6366971135139465,0.4921299223514164,0.8597728145473144,1.1303850412368774,0.4959288178121342,0.5196919441223145
realmlp,kpx_group_1,60,0.4092770871870658,0.47599008679389954,0.6446796655654907,,,,,
realmlp,kpx_group_2,60,0.37886955369921294,0.4317494034767151,0.6659996509552002,,,,,
realmlp,kpx_group_3,60,0.43031127926181345,0.5312807559967041,0.5994120836257935,,,,,
realmlp,all,61,0.40005597165402246,0.47778818011283875,0.6385762691497803,0.4851500668069896,0.8509409410112044,1.0932754278182983,0.49390237953732996,0.5158464312553406
realmlp,kpx_group_1,61,0.4038133038317456,0.4537160396575928,0.6594716906547546,,,,,
realmlp,kpx_group_2,61,0.374238784698879,0.43786031007766724,0.66048264503479,,,,,
realmlp,kpx_group_3,61,0.42211583519683166,0.5417881011962891,0.5957744121551514,,,,,
realmlp,all,62,0.3979637184563805,0.46751999855041504,0.6420258283615112,0.48213641126366225,0.8417268842458725,1.1284300088882446,0.4911404576371698,0.5056976079940796
realmlp,kpx_group_1,62,0.40090223007342396,0.441676527261734,0.6658226251602173,,,,,
realmlp,kpx_group_2,62,0.37235769541824565,0.4359162449836731,0.6586562991142273,,,,,
realmlp,kpx_group_3,62,0.4206312276861247,0.5249673128128052,0.6015986204147339,,,,,
realmlp,all,63,0.39207298133303137,0.47521188855171204,0.6382028460502625,0.47542590998551426,0.8335292234140284,1.1376670598983765,0.4828858813818763,0.5132273435592651
realmlp,kpx_group_1,63,0.39528025029336705,0.4448680281639099,0.6657142639160156,,,,,
realmlp,kpx_group_2,63,0.3658502632204224,0.4347287118434906,0.6614301204681396,,,,,
realmlp,kpx_group_3,63,0.4150884291704963,0.5460388660430908,0.5874640345573425,,,,,
realmlp,all,64,0.3915668717202018,0.47204408049583435,0.6413999199867249,0.47467315459952636,0.8310628279167063,1.1181144714355469,0.4849059314412229,0.5065637230873108
realmlp,kpx_group_1,64,0.3948228841318804,0.44546642899513245,0.66449373960495,,,,,
realmlp,kpx_group_2,64,0.3665084703003659,0.43284305930137634,0.6647053360939026,,,,,
realmlp,kpx_group_3,64,0.41336925634566474,0.5378227829933167,0.5950006246566772,,,,,
realmlp,all,65,0.3861193595563664,0.4778107702732086,0.6378142833709717,0.4681735205299714,0.8205416123656666,1.109566330909729,0.4797556229373988,0.5016530156135559
realmlp,kpx_group_1,65,0.3891495251480271,0.4652644693851471,0.6513718366622925,,,,,
realmlp,kpx_group_2,65,0.3611505921272671,0.430392324924469,0.6662461161613464,,,,,
realmlp,kpx_group_3,65,0.4080579723505413,0.537775456905365,0.5958249568939209,,,,,
realmlp,all,66,0.3780427592642167,0.4888423979282379,0.6292222142219543,0.4585229951669188,0.8048022959162208,1.1266921758651733,0.4780907801845494,0.5040920376777649
realmlp,kpx_group_1,66,0.38224082746926474,0.4756162762641907,0.6431666612625122,,,,,
realmlp,kpx_group_2,66,0.354791319983847,0.4314092993736267,0.6654646396636963,,,,,
realmlp,kpx_group_3,66,0.3970961334074245,0.5595017671585083,0.5790354609489441,,,,,
realmlp,all,67,0.3759456290041699,0.4752759039402008,0.6394689083099365,0.4558490321916692,0.7990339792826596,1.1207536458969116,0.47437770971480536,0.5065546631813049
realmlp,kpx_group_1,67,0.38043802669819665,0.45649832487106323,0.6577814221382141,,,,,
realmlp,kpx_group_2,67,0.35205429967711954,0.43195560574531555,0.665996789932251,,,,,
realmlp,kpx_group_3,67,0.3953445619520019,0.5373738408088684,0.5946285128593445,,,,,
realmlp,all,68,0.3686833219493137,0.478055477142334,0.6380377411842346,0.4473034507211517,0.7862012377556633,1.1286689043045044,0.47071967536912246,0.499249666929245
realmlp,kpx_group_1,68,0.37323786405956044,0.45699453353881836,0.6587218046188354,,,,,
realmlp,kpx_group_2,68,0.3469214005505337,0.43620726466178894,0.6637224555015564,,,,,
realmlp,kpx_group_3,68,0.3858907007995774,0.5409647226333618,0.5916690826416016,,,,,
realmlp,all,69,0.3631841627990498,0.48673322796821594,0.6303489208221436,0.44084055546452017,0.776563888963531,1.0942662954330444,0.4688083060524043,0.493171751499176
realmlp,kpx_group_1,69,0.36981736079734917,0.46845269203186035,0.6468074321746826,,,,,
realmlp,kpx_group_2,69,0.3404979087850627,0.432233065366745,0.6663446426391602,,,,,
realmlp,kpx_group_3,69,0.37923722100608487,0.559514045715332,0.5778947472572327,,,,,
realmlp,all,70,0.3569170297945247,0.48790431022644043,0.6304652094841003,0.43350397620130987,0.7658693869324291,1.1279792785644531,0.4632280249806011,0.5052616596221924
realmlp,kpx_group_1,70,0.36333062718896303,0.4736233353614807,0.643975019454956,,,,,
realmlp,kpx_group_2,70,0.3353555894949857,0.4359092116355896,0.6622629761695862,,,,,
realmlp,kpx_group_3,70,0.37206487708231983,0.5541803240776062,0.5851577520370483,,,,,
realmlp,all,71,0.34963221804184075,0.47556552290916443,0.6377506852149963,0.42498360574245453,0.7535138174014933,1.1322683095932007,0.46247050034649234,0.4927133023738861
realmlp,kpx_group_1,71,0.35501231779070463,0.4661320745944977,0.6494455933570862,,,,,
realmlp,kpx_group_2,71,0.3303563586052726,0.4310789406299591,0.6652932167053223,,,,,
realmlp,kpx_group_3,71,0.3635279943837839,0.5294855833053589,0.5985133647918701,,,,,
realmlp,all,72,0.3426879420876503,0.47898492217063904,0.6362727284431458,0.41685400289647717,0.7416606063351912,1.1060057878494263,0.45730263476862626,0.4700661301612854
realmlp,kpx_group_1,72,0.35038694651687846,0.46030721068382263,0.6554567813873291,,,,,
realmlp,kpx_group_2,72,0.3243025777971043,0.43714773654937744,0.6632277369499207,,,,,
realmlp,kpx_group_3,72,0.35337430896127925,0.5394999384880066,0.5901336073875427,,,,,
realmlp,all,73,0.3357634491780225,0.49401330947875977,0.6274582743644714,0.4084325060248375,0.7266905369127498,1.125251293182373,0.4512656488839318,0.4871135950088501
realmlp,kpx_group_1,73,0.34501472422305274,0.48677825927734375,0.6373382210731506,,,,,
realmlp,kpx_group_2,73,0.31789568592520323,0.4340357184410095,0.6666287183761597,,,,,
realmlp,kpx_group_3,73,0.34437993387965593,0.5612258315086365,0.5784078240394592,,,,,
realmlp,all,74,0.32685357726672115,0.4910246431827545,0.6276170611381531,0.3982179169269169,0.7136433852069518,1.1226917505264282,0.45258772110237794,0.4764530658721924
realmlp,kpx_group_1,74,0.3356547482749995,0.4727100431919098,0.6441570520401001,,,,,
realmlp,kpx_group_2,74,0.3107713829068577,0.4358060956001282,0.6641483306884766,,,,,
realmlp,kpx_group_3,74,0.3341345918529174,0.5645577907562256,0.5745458602905273,,,,,
realmlp,all,75,0.3201567403533879,0.49695324897766113,0.6231622695922852,0.3904747862149687,0.7031804656281191,1.118331789970398,0.44634324881960363,0.47326144576072693
realmlp,kpx_group_1,75,0.3299393960658242,0.48565176129341125,0.6345205307006836,,,,,
realmlp,kpx_group_2,75,0.30491748583667416,0.436491459608078,0.6630802154541016,,,,,
realmlp,kpx_group_3,75,0.3256133395959349,0.5687164664268494,0.5718860626220703,,,,,
realmlp,all,76,0.3139939737670562,0.49378862977027893,0.6269935965538025,0.38338031532133326,0.6938634102835375,1.1335022449493408,0.4445374152239631,0.47331154346466064
realmlp,kpx_group_1,76,0.32523902987732606,0.4834141135215759,0.6392263174057007,,,,,
realmlp,kpx_group_2,76,0.2994102318497265,0.43631404638290405,0.6635657548904419,,,,,
realmlp,kpx_group_3,76,0.3173326630802715,0.5616378784179688,0.5781887769699097,,,,,
realmlp,all,77,0.30588996804812374,0.48953136801719666,0.629705011844635,0.37384429574012756,0.6795432856854271,1.1351984739303589,0.4412567878470701,0.4760993421077728
realmlp,kpx_group_1,77,0.31721164724406076,0.4755904972553253,0.6448368430137634,,,,,
realmlp,kpx_group_2,77,0.29145144013797536,0.43611180782318115,0.6632813215255737,,,,,
realmlp,kpx_group_3,77,0.30900680887348514,0.5568915605545044,0.5809969902038574,,,,,
realmlp,all,78,0.29954756138955846,0.4901514947414398,0.628745973110199,0.3666689106646706,0.6712135023930493,1.1244467496871948,0.44071531997007485,0.46487221121788025
realmlp,kpx_group_1,78,0.30984270879450965,0.4714466333389282,0.6459547281265259,,,,,
realmlp,kpx_group_2,78,0.28712762760765415,0.43491584062576294,0.665619969367981,,,,,
realmlp,kpx_group_3,78,0.301672336371506,0.5640918612480164,0.5746632218360901,,,,,
realmlp,all,79,0.2940724812009755,0.4989221394062042,0.6233336329460144,0.36030979060074864,0.6623730782200309,1.1440314054489136,0.4366414165672134,0.47733843326568604
realmlp,kpx_group_1,79,0.3048988690271097,0.492550253868103,0.6325745582580566,,,,,
realmlp,kpx_group_2,79,0.28225159995696125,0.43577519059181213,0.6650570631027222,,,,,
realmlp,kpx_group_3,79,0.2950669715509695,0.5684409737586975,0.5723692178726196,,,,,
realmlp,all,80,0.2879389077425003,0.4997769296169281,0.6211934685707092,0.3530856528702904,0.6514674872159958,1.1471596956253052,0.4338135285412564,0.475153386592865
realmlp,kpx_group_1,80,0.30057358566452475,0.48713281750679016,0.6343719363212585,,,,,
realmlp,kpx_group_2,80,0.27868448855245814,0.43805572390556335,0.6637251377105713,,,,,
realmlp,kpx_group_3,80,0.2845586384920513,0.5741423964500427,0.5654832124710083,,,,,
realmlp,all,81,0.2814514720264603,0.49667155742645264,0.6269610524177551,0.34565797754946875,0.6420650315635344,1.1202635765075684,0.43349284284255085,0.46343982219696045
realmlp,kpx_group_1,81,0.29518618522321477,0.48679977655410767,0.6379398107528687,,,,,
realmlp,kpx_group_2,81,0.271862255738062,0.4347933530807495,0.6676328778266907,,,,,
realmlp,kpx_group_3,81,0.277305975994643,0.5684214234352112,0.5753103494644165,,,,,
realmlp,all,82,0.2760177202084485,0.5009506344795227,0.6220430731773376,0.3394593574544963,0.6344163286335328,1.1336580514907837,0.43159377662574544,0.46738728880882263
realmlp,kpx_group_1,82,0.2889567832736408,0.49436694383621216,0.6312563419342041,,,,,
realmlp,kpx_group_2,82,0.2676292368594338,0.4389730989933014,0.6634278297424316,,,,,
realmlp,kpx_group_3,82,0.271467144436696,0.5695118308067322,0.5714449882507324,,,,,
realmlp,all,83,0.27061985170139985,0.49799132347106934,0.6229466795921326,0.3332870295819114,0.6266717875705046,1.1431678533554077,0.4305601794930065,0.4662798345088959
realmlp,kpx_group_1,83,0.28519508154953227,0.49068745970726013,0.632774293422699,,,,,
realmlp,kpx_group_2,83,0.2631812086876701,0.435788094997406,0.663954496383667,,,,,
realmlp,kpx_group_3,83,0.26348326267565,0.5674983263015747,0.572111189365387,,,,,
realmlp,all,84,0.26610856503248215,0.5010519027709961,0.6205887794494629,0.32827675430213704,0.6216818628942266,1.1292076110839844,0.428939608966603,0.4543319046497345
realmlp,kpx_group_1,84,0.28104669250109615,0.49639207124710083,0.6300245523452759,,,,,
realmlp,kpx_group_2,84,0.258830771288451,0.4359211325645447,0.6641792058944702,,,,,
realmlp,kpx_group_3,84,0.25844823590972843,0.570842444896698,0.5675625801086426,,,,,
realmlp,all,85,0.26256176763597655,0.4991324841976166,0.6219984889030457,0.3241070859572467,0.6154531547251869,1.1314481496810913,0.4261927144492374,0.4552190899848938
realmlp,kpx_group_1,85,0.27770330537767973,0.4885998070240021,0.6337958574295044,,,,,
realmlp,kpx_group_2,85,0.2560209322939901,0.43773746490478516,0.6645369529724121,,,,,
realmlp,kpx_group_3,85,0.2539610650171252,0.5710602402687073,0.5676628351211548,,,,,
realmlp,all,86,0.2588728199548581,0.4985843002796173,0.6238154768943787,0.32008253213237314,0.612097128349192,1.1283575296401978,0.42566369298626394,0.4547345042228699
realmlp,kpx_group_1,86,0.27365899458527565,0.4886602461338043,0.6333357095718384,,,,,
realmlp,kpx_group_2,86,0.25254873427398067,0.43776267766952515,0.6655246615409851,,,,,
realmlp,kpx_group_3,86,0.2504107259652194,0.5693299770355225,0.572586178779602,,,,,
realmlp,all,87,0.25511084102532444,0.49955782294273376,0.6225364804267883,0.31586212445707884,0.6075128509717829,1.1327897310256958,0.42625611012472825,0.4574912190437317
realmlp,kpx_group_1,87,0.27041253622840433,0.4927866756916046,0.6305907964706421,,,,,
realmlp,kpx_group_2,87,0.249809172223596,0.4366563856601715,0.6651602387428284,,,,,
realmlp,kpx_group_3,87,0.2451108104604132,0.5692304372787476,0.5718584656715393,,,,,
realmlp,all,88,0.2521294765174389,0.4993572235107422,0.6232209801673889,0.312561220544226,0.6043174336938297,1.1325607299804688,0.4268944416852558,0.45793670415878296
realmlp,kpx_group_1,88,0.26862673680571947,0.4926323890686035,0.6324489116668701,,,,,
realmlp,kpx_group_2,88,0.24658318565172307,0.43742647767066956,0.6645156145095825,,,,,
realmlp,kpx_group_3,88,0.24117850073996713,0.5680127739906311,0.5726984143257141,,,,,
realmlp,all,89,0.2503909665872069,0.5003470778465271,0.6206137537956238,0.310568965094931,0.6017800052376354,1.1359591484069824,0.4253019125146024,0.4570491313934326
realmlp,kpx_group_1,89,0.26724673741880584,0.49401235580444336,0.6288101077079773,,,,,
realmlp,kpx_group_2,89,0.24506216890671673,0.43741196393966675,0.6633634567260742,,,,,
realmlp,kpx_group_3,89,0.2388639997910051,0.5696170330047607,0.5696675777435303,,,,,
realmlp,all,90,0.24894101150772152,0.500150740146637,0.6219794750213623,0.30890627950429916,0.5996526707621181,1.1334600448608398,0.42461647882181053,0.45896947383880615
realmlp,kpx_group_1,90,0.265528628931326,0.49262985587120056,0.6315720081329346,,,,,
realmlp,kpx_group_2,90,0.24390498307697914,0.4368904232978821,0.6650142669677734,,,,,
realmlp,kpx_group_3,90,0.23738942426793716,0.5709317922592163,0.5693520903587341,,,,,
realmlp,all,91,0.2472919251988916,0.5003102421760559,0.6223987936973572,0.3071746672777569,0.5988273839740192,1.13311767578125,0.4255368963760488,0.4561578333377838
realmlp,kpx_group_1,91,0.2638260877745993,0.4933339059352875,0.631615161895752,,,,,
realmlp,kpx_group_2,91,0.24274487377089612,0.43743568658828735,0.6647316217422485,,,,,
realmlp,kpx_group_3,91,0.23530482369310715,0.5701613426208496,0.5708493590354919,,,,,
realmlp,all,92,0.24764715485713062,0.5007367134094238,0.6222095489501953,0.30744877632926493,0.5980162059559542,1.1325703859329224,0.4241687282919884,0.456868052482605
realmlp,kpx_group_1,92,0.2638021895990652,0.49370086193084717,0.6310462355613708,,,,,
realmlp,kpx_group_2,92,0.24377417235690005,0.43786749243736267,0.6648504734039307,,,,,
realmlp,kpx_group_3,92,0.23536509100128622,0.5706417560577393,0.5707318782806396,,,,,
realmlp,all,93,0.24567480516784332,0.50053471326828,0.6223489046096802,0.3053053130998331,0.5963050574064255,1.132826328277588,0.42496734331635866,0.4566479027271271
realmlp,kpx_group_1,93,0.2626570498242098,0.4932803213596344,0.6317214369773865,,,,,
realmlp,kpx_group_2,93,0.2406043760916766,0.4378392696380615,0.6647213697433472,,,,,
realmlp,kpx_group_3,93,0.233762975782156,0.5704843401908875,0.5706039071083069,,,,,
realmlp,all,94,0.24562931323752685,0.5005538463592529,0.6222855448722839,0.30532070205492134,0.5969139135935727,1.1327828168869019,0.4244118078666575,0.45666810870170593
realmlp,kpx_group_1,94,0.2627606418202905,0.49331215023994446,0.6314122080802917,,,,,
realmlp,kpx_group_2,94,0.2421210318365518,0.43783673644065857,0.6647268533706665,,,,,
realmlp,kpx_group_3,94,0.23200625860515764,0.5705125331878662,0.5707175731658936,,,,,
realmlp,all,95,0.2460257290479015,0.5004281401634216,0.6219349503517151,0.30571199208498,0.5968626167844323,1.1336101293563843,0.42460965189863653,0.45692557096481323
realmlp,kpx_group_1,95,0.26296280324459076,0.49307066202163696,0.6306784152984619,,,,,
realmlp,kpx_group_2,95,0.24190753698349,0.4377906918525696,0.6645221710205078,,,,,
realmlp,kpx_group_3,95,0.23320683771196535,0.5704231262207031,0.5706043243408203,,,,,
realmlp,all,96,0.2459845069576712,0.5005301833152771,0.6217748522758484,0.3056557388866649,0.5967122973764644,1.1339609622955322,0.425345139030148,0.45645278692245483
realmlp,kpx_group_1,96,0.26351454941665425,0.4935484528541565,0.6296647787094116,,,,,
realmlp,kpx_group_2,96,0.24154880204621484,0.43798255920410156,0.6642664670944214,,,,,
realmlp,kpx_group_3,96,0.23289017094408765,0.5700596570968628,0.5713932514190674,,,,,
realmlp,all,97,0.24594673010356286,0.501217782497406,0.6217126846313477,0.3056693353197154,0.597226033315939,1.1295796632766724,0.42409804375732646,0.45824843645095825
realmlp,kpx_group_1,97,0.26329824503730326,0.4949072003364563,0.6313580274581909,,,,,
realmlp,kpx_group_2,97,0.24214418758364284,0.43791553378105164,0.6643364429473877,,,,,
realmlp,kpx_group_3,97,0.23239775571752996,0.5708304643630981,0.5694434642791748,,,,,
realmlp,all,98,0.24671905487775803,0.5005171298980713,0.6215433478355408,0.3063143767854747,0.5959532208302442,1.1332489252090454,0.4243511123692288,0.45563721656799316
realmlp,kpx_group_1,98,0.2632669405463864,0.4925729036331177,0.6313927173614502,,,,,
realmlp,kpx_group_2,98,0.24233047488857717,0.4382612407207489,0.6647056341171265,,,,,
realmlp,kpx_group_3,98,0.23455975160879247,0.5707171559333801,0.5685316324234009,,,,,
realmlp,all,99,0.2474897006417022,0.5006103515625,0.6221631169319153,0.30716854158569784,0.5967883888412925,1.1351566314697266,0.42365050622645545,0.45602595806121826
realmlp,kpx_group_1,99,0.26446765683153095,0.4942476451396942,0.6298975348472595,,,,,
realmlp,kpx_group_2,99,0.24266166130409522,0.43851006031036377,0.6642887592315674,,,,,
realmlp,kpx_group_3,99,0.23533979080179157,0.5690733790397644,0.5723032355308533,,,,,
realmlp,all,100,0.2480712145128671,0.4999528229236603,0.622518002986908,0.3078218856278588,0.5975067098351086,1.1395341157913208,0.4235059680307613,0.4581255614757538
realmlp,kpx_group_1,100,0.263819123234819,0.49179282784461975,0.6314756870269775,,,,,
realmlp,kpx_group_2,100,0.24425340991686373,0.4385847747325897,0.6644570827484131,,,,,
realmlp,kpx_group_3,100,0.23614111608442137,0.5694808959960938,0.5716211795806885,,,,,
realmlp,all,101,0.24758635548984304,0.5004307627677917,0.621856689453125,0.30722592288956924,0.5963956827626509,1.1318156719207764,0.4234163257129052,0.4531499147415161
realmlp,kpx_group_1,101,0.26523229589357095,0.4927445650100708,0.6319769620895386,,,,,
realmlp,kpx_group_2,101,0.2425465485190644,0.43889185786247253,0.6633856296539307,,,,,
realmlp,kpx_group_3,101,0.23498022183775902,0.5696558952331543,0.5702074766159058,,,,,
realmlp,all,102,0.2490852271371028,0.5003294944763184,0.6206762194633484,0.30862851528560414,0.5954328538740382,1.1301813125610352,0.4206561555757242,0.448318213224411
realmlp,kpx_group_1,102,0.26477112840203676,0.49102234840393066,0.6314718723297119,,,,,
realmlp,kpx_group_2,102,0.24531551516231367,0.4390453100204468,0.662807822227478,,,,,
realmlp,kpx_group_3,102,0.23716903214945512,0.5709208250045776,0.5677489042282104,,,,,
realmlp,all,103,0.2503878259483506,0.5017766952514648,0.621014416217804,0.31020162999629974,0.5981379931463915,1.1480679512023926,0.42016853216816397,0.44730982184410095
realmlp,kpx_group_1,103,0.2664156475049608,0.4939073920249939,0.6304962038993835,,,,,
realmlp,kpx_group_2,103,0.24472301190390305,0.4415840208530426,0.6613922715187073,,,,,
realmlp,kpx_group_3,103,0.2400248225997476,0.5698387026786804,0.5711548328399658,,,,,
realmlp,all,104,0.25082941791590524,0.5002781748771667,0.6218664050102234,0.3105271791710573,0.5969776160576764,1.1459678411483765,0.4184154228252523,0.4549660384654999
realmlp,kpx_group_1,104,0.2669613205772989,0.49268150329589844,0.6302526593208313,,,,,
realmlp,kpx_group_2,104,0.24486971361672177,0.43913745880126953,0.663156270980835,,,,,
realmlp,kpx_group_3,104,0.24065722086850336,0.5690154433250427,0.5721901655197144,,,,,
realmlp,all,105,0.25080326484406695,0.49948346614837646,0.6227970719337463,0.3104529266848284,0.5964965951793334,1.141436219215393,0.4193373598596629,0.4552748203277588
realmlp,kpx_group_1,105,0.26694268448387876,0.49114125967025757,0.6325221657752991,,,,,
realmlp,kpx_group_2,105,0.24514433500521324,0.4377730190753937,0.6649135947227478,,,,,
realmlp,kpx_group_3,105,0.24032277679618666,0.5695361495018005,0.5709553956985474,,,,,
realmlp,all,106,0.2526533176355502,0.49901485443115234,0.6220496296882629,0.31226397218073115,0.596106552025851,1.1468168497085571,0.41567449622294483,0.4447863698005676
realmlp,kpx_group_1,106,0.26864581160685597,0.490557998418808,0.6297881603240967,,,,,
realmlp,kpx_group_2,106,0.24752255704473047,0.4387876093387604,0.6639896035194397,,,,,
realmlp,kpx_group_3,106,0.2417915914865101,0.5676990151405334,0.5723713040351868,,,,,
realmlp,all,107,0.2537074128494543,0.5018876194953918,0.6205624938011169,0.31333565974936767,0.5962824689991334,1.1338790655136108,0.4158198820317493,0.44897207617759705
realmlp,kpx_group_1,107,0.26926416487378235,0.4966161251068115,0.6270388960838318,,,,,
realmlp,kpx_group_2,107,0.2471574073766961,0.4380602240562439,0.6641995310783386,,,,,
realmlp,kpx_group_3,107,0.24470066454480677,0.5709864497184753,0.5704491138458252,,,,,
realmlp,all,108,0.25485120647970366,0.5021501183509827,0.6197414994239807,0.3145057068151586,0.5965449634720298,1.1569963693618774,0.41366460042841297,0.44978979229927063
realmlp,kpx_group_1,108,0.26946014275445657,0.4908889830112457,0.633724570274353,,,,,
realmlp,kpx_group_2,108,0.24745670793687596,0.4423053562641144,0.6590593457221985,,,,,
realmlp,kpx_group_3,108,0.24763677115826047,0.5732560157775879,0.5664405822753906,,,,,
realmlp,all,109,0.25492558562580275,0.5039382576942444,0.6192196011543274,0.31432270477799806,0.5939712007256115,1.142309308052063,0.4109987818142947,0.4397866129875183
realmlp,kpx_group_1,109,0.2686910524087794,0.49565044045448303,0.6297788023948669,,,,,
realmlp,kpx_group_2,109,0.24744533024290027,0.44040507078170776,0.6609393358230591,,,,,
realmlp,kpx_group_3,109,0.24864037356832447,0.5757592916488647,0.5669406652450562,,,,,
realmlp,all,110,0.2561844907262746,0.506446123123169,0.6157829165458679,0.3155060796176686,0.5932158547289231,1.1455978155136108,0.40968842585297194,0.43860170245170593
realmlp,kpx_group_1,110,0.2696775469709845,0.5022586584091187,0.6230027675628662,,,,,
realmlp,kpx_group_2,110,0.2502898696590872,0.4414047300815582,0.6586216688156128,,,,,
realmlp,kpx_group_3,110,0.24858606146538959,0.5756750702857971,0.5657243132591248,,,,,
realmlp,all,111,0.2568422604133101,0.506446123123169,0.6172358393669128,0.3159996306194979,0.5915736722595551,1.1608396768569946,0.40706125033252377,0.4411047697067261
realmlp,kpx_group_1,111,0.27111214837607217,0.5027520060539246,0.6239193677902222,,,,,
realmlp,kpx_group_2,111,0.24990420131122365,0.4396679699420929,0.6629437804222107,,,,,
realmlp,kpx_group_3,111,0.24951043221003869,0.5769184231758118,0.5648443698883057,,,,,
realmlp,all,112,0.2571480587563094,0.507497251033783,0.6159604787826538,0.315978480174261,0.5883041944573907,1.1484365463256836,0.40428488920716676,0.43720629811286926
realmlp,kpx_group_1,112,0.2719541785909849,0.5014409422874451,0.6236715912818909,,,,,
realmlp,kpx_group_2,112,0.24832675496444984,0.4441488981246948,0.658149242401123,,,,,
realmlp,kpx_group_3,112,0.25116325761465463,0.5769017934799194,0.5660606026649475,,,,,
realmlp,all,113,0.258321842069135,0.5069352984428406,0.6163814067840576,0.31724073343417225,0.5891888912986306,1.1539922952651978,0.4053052023929708,0.43407565355300903
realmlp,kpx_group_1,113,0.27147534401977763,0.5091301798820496,0.6180790662765503,,,,,
realmlp,kpx_group_2,113,0.25061918773195324,0.4413490295410156,0.6598712801933289,,,,,
realmlp,kpx_group_3,113,0.25287099752356024,0.5703266859054565,0.5711939334869385,,,,,
realmlp,all,114,0.25967604732688737,0.5082120299339294,0.614534854888916,0.3186955671100056,0.5901951807386735,1.151415467262268,0.4014465874608825,0.42670968174934387
realmlp,kpx_group_1,114,0.2723833703819443,0.5074278116226196,0.6156874299049377,,,,,
realmlp,kpx_group_2,114,0.25153710517813177,0.4439077377319336,0.6591352224349976,,,,,
realmlp,kpx_group_3,114,0.25510766992674155,0.5733004808425903,0.5687819719314575,,,,,
realmlp,all,115,0.2594999024534927,0.5008750557899475,0.6207250952720642,0.31825441867113113,0.5875451196642483,1.154168725013733,0.39835480863557143,0.4248886704444885
realmlp,kpx_group_1,115,0.27369188473505135,0.4902467131614685,0.6306135654449463,,,,,
realmlp,kpx_group_2,115,0.2501438165850499,0.4419059753417969,0.6600032448768616,,,,,
realmlp,kpx_group_3,115,0.25466400932739763,0.5704724192619324,0.5715585350990295,,,,,
realmlp,all,116,0.26109621608081984,0.5060423016548157,0.6166324019432068,0.3199143006521113,0.5881808505338781,1.1653045415878296,0.39435652380480485,0.4265354573726654
realmlp,kpx_group_1,116,0.27383191401467605,0.5062740445137024,0.62013840675354,,,,,
realmlp,kpx_group_2,116,0.2516417479252114,0.44188204407691956,0.6593893766403198,,,,,
realmlp,kpx_group_3,116,0.2578149830155513,0.5699709057807922,0.5703692436218262,,,,,
realmlp,all,117,0.2591007746317807,0.5045963525772095,0.6185302138328552,0.31743192891864214,0.5833115297205308,1.1609238386154175,0.39397141994798884,0.42940494418144226
realmlp,kpx_group_1,117,0.26872731504194874,0.4893774390220642,0.6338798999786377,,,,,
realmlp,kpx_group_2,117,0.2506725853856872,0.44259732961654663,0.6592969298362732,,,,,
realmlp,kpx_group_3,117,0.2579024223720326,0.5818144083023071,0.5624139308929443,,,,,
realmlp,all,118,0.26035355382105885,0.5035817623138428,0.6178807616233826,0.31863916621488686,0.5828561423455968,1.1812514066696167,0.3921571496654959,0.4238394498825073
realmlp,kpx_group_1,118,0.27101347989895763,0.4871860146522522,0.6338522434234619,,,,,
realmlp,kpx_group_2,118,0.2500383334563059,0.4448893666267395,0.6567335724830627,,,,,
realmlp,kpx_group_3,118,0.2600088391233893,0.5786700248718262,0.5630564093589783,,,,,
realmlp,all,119,0.26214155489031005,0.5070496201515198,0.6155032515525818,0.3203514766167192,0.5820992387392941,1.1732105016708374,0.38878190035329147,0.43185657262802124
realmlp,kpx_group_1,119,0.27440836105276556,0.4989233613014221,0.6229345798492432,,,,,
realmlp,kpx_group_2,119,0.25137848626164827,0.4419211149215698,0.6591336131095886,,,,,
realmlp,kpx_group_3,119,0.2606378248070969,0.5803044438362122,0.5644416809082031,,,,,
realmlp,all,120,0.2619408509310554,0.509357750415802,0.6141273379325867,0.3199020488297238,0.5796119877520729,1.1796680688858032,0.38643362855210023,0.42000094056129456
realmlp,kpx_group_1,120,0.2733212847481756,0.49737462401390076,0.6269500851631165,,,,,
realmlp,kpx_group_2,120,0.25164593033054294,0.44678622484207153,0.655148983001709,,,,,
realmlp,kpx_group_3,120,0.2608553440693547,0.5839123129844666,0.5602830648422241,,,,,
realmlp,all,121,0.26263679563999176,0.5048055052757263,0.6173614859580994,0.3205628671190318,0.5792606884942335,1.16900634765625,0.3839547165176448,0.4120631814002991
realmlp,kpx_group_1,121,0.27285270217586965,0.4892239570617676,0.6328014135360718,,,,,
realmlp,kpx_group_2,121,0.2516079972333768,0.44324976205825806,0.6578137278556824,,,,,
realmlp,kpx_group_3,121,0.26344968772986355,0.5819426774978638,0.561469316482544,,,,,
realmlp,all,122,0.26177731945234184,0.5105772018432617,0.6149354577064514,0.3193550977636786,0.5757777682122063,1.1781644821166992,0.38103733430890474,0.4298705756664276
realmlp,kpx_group_1,122,0.27124449523056254,0.5111492276191711,0.6180809736251831,,,,,
realmlp,kpx_group_2,122,0.25111564314540696,0.43975281715393066,0.6626618504524231,,,,,
realmlp,kpx_group_3,122,0.2629718199810561,0.5808295011520386,0.564063549041748,,,,,
realmlp,all,123,0.25898745809407797,0.5111296772956848,0.6138908863067627,0.31612363895949197,0.5713617985739428,1.211716651916504,0.3797208110199255,0.4265275299549103
realmlp,kpx_group_1,123,0.2701738049440524,0.5042470693588257,0.6245661973953247,,,,,
realmlp,kpx_group_2,123,0.24873304213671124,0.43988245725631714,0.6620127558708191,,,,,
realmlp,kpx_group_3,123,0.25805553070762577,0.5892595052719116,0.5550936460494995,,,,,
realmlp,all,124,0.2601032162852147,0.5124144554138184,0.6120469570159912,0.3169920887140667,0.5688887361217948,1.1763275861740112,0.37499522593091517,0.41056638956069946
realmlp,kpx_group_1,124,0.27024253764573264,0.5118173956871033,0.61541348695755,,,,,
realmlp,kpx_group_2,124,0.25026439546662216,0.4452071189880371,0.6576882600784302,,,,,
realmlp,kpx_group_3,124,0.2598027109223254,0.5802187919616699,0.5630391240119934,,,,,
realmlp,all,125,0.26033542590106235,0.516273558139801,0.6089324951171875,0.3171575498931548,0.5682212613961276,1.1939469575881958,0.3695550512741594,0.4170207381248474
realmlp,kpx_group_1,125,0.27131013090119643,0.5178533792495728,0.6116443872451782,,,,,
realmlp,kpx_group_2,125,0.24980709592209144,0.4491148889064789,0.6528905630111694,,,,,
realmlp,kpx_group_3,125,0.25988904386758804,0.581852376461029,0.5622626543045044,,,,,
realmlp,all,126,0.2593115590074483,0.5016961097717285,0.6206839680671692,0.3155037826474975,0.5619221987093196,1.18124520778656,0.3723047073273098,0.40223702788352966
realmlp,kpx_group_1,126,0.2682691722670022,0.49098455905914307,0.6332823038101196,,,,,
realmlp,kpx_group_2,126,0.24831970496212735,0.44359028339385986,0.6575042605400085,,,,,
realmlp,kpx_group_3,126,0.2613458017654279,0.5705134868621826,0.5712652206420898,,,,,
realmlp,all,127,0.2566104073296575,0.5115717649459839,0.6123518943786621,0.3125847766504568,0.559743699782035,1.1935054063796997,0.3679942133672097,0.40864434838294983
realmlp,kpx_group_1,127,0.26768770003143477,0.5086214542388916,0.6188513040542603,,,,,
realmlp,kpx_group_2,127,0.24592285099274971,0.4515264630317688,0.6499700546264648,,,,,
realmlp,kpx_group_3,127,0.25622066877344074,0.5745673775672913,0.5682341456413269,,,,,
realmlp,all,128,0.2558106791008921,0.515789806842804,0.6086896061897278,0.31112034355892854,0.5530966792036506,1.1932955980300903,0.3599957310978104,0.3980233371257782
realmlp,kpx_group_1,128,0.26467539172838717,0.5285124778747559,0.6018376350402832,,,,,
realmlp,kpx_group_2,128,0.2448995003805441,0.4449149966239929,0.6565321087837219,,,,,
realmlp,kpx_group_3,128,0.25785713533268256,0.5739420056343079,0.5676992535591125,,,,,
realmlp,all,129,0.25335393144803886,0.5137879252433777,0.6109495759010315,0.3082985163611524,0.5494458473780576,1.203012228012085,0.3608926425085348,0.40099474787712097
realmlp,kpx_group_1,129,0.26251234420958686,0.5108342170715332,0.6155952215194702,,,,,
realmlp,kpx_group_2,129,0.24278612544431405,0.44467100501060486,0.658706545829773,,,,,
realmlp,kpx_group_3,129,0.2547633207457907,0.5858586430549622,0.5585469007492065,,,,,
realmlp,all,130,0.25268133861177106,0.5134601593017578,0.6097094416618347,0.3070129138581893,0.5433157419457155,1.193424105644226,0.3563872141873135,0.39738699793815613
realmlp,kpx_group_1,130,0.2623012681656024,0.4999162554740906,0.6239017844200134,,,,,
realmlp,kpx_group_2,130,0.2404701836845454,0.4495115280151367,0.652667760848999,,,,,
realmlp,kpx_group_3,130,0.2552725652999738,0.5909528136253357,0.5525588989257812,,,,,
realmlp,all,131,0.2512705950614284,0.5104547142982483,0.6127965450286865,0.30530591002281976,0.5403531281387105,1.1931276321411133,0.3517034772564383,0.38998210430145264
realmlp,kpx_group_1,131,0.2598115275887882,0.5016812682151794,0.6227554082870483,,,,,
realmlp,kpx_group_2,131,0.24067951147170627,0.4479145109653473,0.6526477336883545,,,,,
realmlp,kpx_group_3,131,0.253320752259563,0.5817685127258301,0.562986433506012,,,,,
realmlp,all,132,0.2477178073981229,0.509584367275238,0.6148137450218201,0.3010033334002775,0.532855299027527,1.2254157066345215,0.34531617602881265,0.39836424589157104
realmlp,kpx_group_1,132,0.25631919415558085,0.5050984025001526,0.6215510964393616,,,,,
realmlp,kpx_group_2,132,0.237759421196054,0.4485708475112915,0.6549454927444458,,,,,
realmlp,kpx_group_3,132,0.24907479106503375,0.5750837922096252,0.5679444074630737,,,,,
realmlp,all,133,0.24643020419513478,0.512490451335907,0.6127690672874451,0.2993624284863472,0.5293222512392437,1.1909396648406982,0.34604378658182483,0.3840307295322418
realmlp,kpx_group_1,133,0.2550344747655532,0.5189746618270874,0.6093801856040955,,,,,
realmlp,kpx_group_2,133,0.23616997503182469,0.44173356890678406,0.6609324216842651,,,,,
realmlp,kpx_group_3,133,0.24808615972014034,0.5767631530761719,0.5679947137832642,,,,,
realmlp,all,134,0.24365907030947068,0.5099470615386963,0.6146436333656311,0.2957930310684092,0.52133960364496,1.1979514360427856,0.3398895907927962,0.3960416316986084
realmlp,kpx_group_1,134,0.25413471789044495,0.5143118500709534,0.6146121621131897,,,,,
realmlp,kpx_group_2,134,0.2331552656696123,0.44307392835617065,0.6570807695388794,,,,,
realmlp,kpx_group_3,134,0.2436872302171062,0.5724554061889648,0.5722379088401794,,,,,
realmlp,all,135,0.24167241221841643,0.5122919678688049,0.6122574806213379,0.29338765144348145,0.5171523979481529,1.1998380422592163,0.3382216429009157,0.4012129604816437
realmlp,kpx_group_1,135,0.25071319609003906,0.5137647390365601,0.6124923229217529,,,,,
realmlp,kpx_group_2,135,0.230443304295049,0.439687579870224,0.6609985828399658,,,,,
realmlp,kpx_group_3,135,0.2438607424059335,0.5834234952926636,0.5632816553115845,,,,,
realmlp,all,136,0.23781950662241264,0.509572446346283,0.614198625087738,0.2886888358522864,0.5086932870395043,1.2003731727600098,0.3350236705120872,0.38928505778312683
realmlp,kpx_group_1,136,0.2474043174263309,0.5090336799621582,0.6171920299530029,,,,,
realmlp,kpx_group_2,136,0.22731719407088616,0.44076088070869446,0.660498321056366,,,,,
realmlp,kpx_group_3,136,0.23873701121877222,0.5789229273796082,0.5649055242538452,,,,,
realmlp,all,137,0.2349052906912916,0.5182854533195496,0.6076475977897644,0.2850513765040566,0.501460879602853,1.2220262289047241,0.3320849077666507,0.3825708329677582
realmlp,kpx_group_1,137,0.24465591197504716,0.5162050724029541,0.6132028698921204,,,,,
realmlp,kpx_group_2,137,0.22625757710022085,0.44552797079086304,0.6570503115653992,,,,,
realmlp,kpx_group_3,137,0.23380238497081926,0.5931232571601868,0.5526896715164185,,,,,
realmlp,all,138,0.23079916747177348,0.5148868560791016,0.6112954020500183,0.2800743746406892,0.492752070812618,1.2139041423797607,0.3231453365262817,0.3904620409011841
realmlp,kpx_group_1,138,0.2400477429961457,0.5108605623245239,0.6179990172386169,,,,,
realmlp,kpx_group_2,138,0.2218556305503144,0.44419172406196594,0.657416582107544,,,,,
realmlp,kpx_group_3,138,0.230494144208291,0.5896081924438477,0.5584704875946045,,,,,
realmlp,all,139,0.2290451379821581,0.5212659239768982,0.6043840050697327,0.2779581542400753,0.4891301757272552,1.2229825258255005,0.3214249470654656,0.3740978240966797
realmlp,kpx_group_1,139,0.23727256541742997,0.52532958984375,0.6057848334312439,,,,,
realmlp,kpx_group_2,139,0.21960286379737012,0.45093443989753723,0.6509697437286377,,,,,
realmlp,kpx_group_3,139,0.2302599884569645,0.5875335931777954,0.5563974976539612,,,,,
realmlp,all,140,0.22483321870951092,0.5128505825996399,0.6123060584068298,0.27274514230735164,0.4791192105587791,1.2391964197158813,0.31793591643080993,0.3752738833427429
realmlp,kpx_group_1,140,0.23425827525994358,0.515094518661499,0.6148520708084106,,,,,
realmlp,kpx_group_2,140,0.21529539323904934,0.4421957731246948,0.6584503650665283,,,,,
realmlp,kpx_group_3,140,0.22494599442271626,0.5812616348266602,0.5636157989501953,,,,,
realmlp,all,141,0.22043724862091682,0.5180469155311584,0.6095381379127502,0.26756850717698827,0.4713125548818532,1.243507981300354,0.31129095571882587,0.3660251796245575
realmlp,kpx_group_1,141,0.22939187134889996,0.5237529277801514,0.6104767322540283,,,,,
realmlp,kpx_group_2,141,0.2124585706521483,0.4447811543941498,0.6577081084251404,,,,,
realmlp,kpx_group_3,141,0.21946130276602857,0.5856067538261414,0.560429573059082,,,,,
realmlp,all,142,0.21758424446863286,0.5164117813110352,0.6101060509681702,0.2641638015561244,0.4657955314306652,1.2393261194229126,0.3099771935273619,0.37783604860305786
realmlp,kpx_group_1,142,0.22662204197224448,0.5077313184738159,0.6180751323699951,,,,,
realmlp,kpx_group_2,142,0.20913038906805656,0.45163577795028687,0.6530042290687561,,,,,
realmlp,kpx_group_3,142,0.21700032208772266,0.5898680686950684,0.5592389106750488,,,,,
realmlp,all,143,0.21142100345562487,0.5212278962135315,0.6048308610916138,0.2566998059697011,0.45278799884459553,1.2590923309326172,0.3024132409516503,0.3770073652267456
realmlp,kpx_group_1,143,0.22051421487156084,0.5218194723129272,0.6073610782623291,,,,,
realmlp,kpx_group_2,143,0.20374503227717736,0.4457038342952728,0.6551882028579712,,,,,
realmlp,kpx_group_3,143,0.21000376913477392,0.5961604118347168,0.5519432425498962,,,,,
realmlp,all,144,0.20627010964295445,0.5222691893577576,0.605335533618927,0.25079813577673016,0.4452802657204516,1.2608165740966797,0.2984499865595032,0.3601205348968506
realmlp,kpx_group_1,144,0.2165604446302442,0.5253615379333496,0.6080916523933411,,,,,
realmlp,kpx_group_2,144,0.19923467539689121,0.4507059156894684,0.6528564691543579,,,,,
realmlp,kpx_group_3,144,0.20301521350355708,0.5907401442527771,0.5550586581230164,,,,,
realmlp,all,145,0.20140670612454414,0.526573121547699,0.6017927527427673,0.24473756727050333,0.4333085899843889,1.2545031309127808,0.2972731581505607,0.35596680641174316
realmlp,kpx_group_1,145,0.21151425295016346,0.5305970907211304,0.6016305685043335,,,,,
realmlp,kpx_group_2,145,0.19413546144085772,0.4518696367740631,0.6535030603408813,,,,,
realmlp,kpx_group_3,145,0.19857041406280854,0.597252607345581,0.5502444505691528,,,,,
realmlp,all,146,0.19604595356127796,0.519974410533905,0.6073415875434875,0.23834162161630743,0.4229566525010502,1.2499690055847168,0.29216597141588435,0.3485206663608551
realmlp,kpx_group_1,146,0.20666750958737204,0.5193421840667725,0.6121037602424622,,,,,
realmlp,kpx_group_2,146,0.19027693723054492,0.44831132888793945,0.6552409529685974,,,,,
realmlp,kpx_group_3,146,0.19119341386591687,0.592269778251648,0.5546799302101135,,,,,
realmlp,all,147,0.19103648688863306,0.521494448184967,0.6051296591758728,0.232240209246383,0.4120372266453855,1.2637120485305786,0.28548578961807136,0.3472742736339569
realmlp,kpx_group_1,147,0.20124972020001972,0.5203356146812439,0.6095874905586243,,,,,
realmlp,kpx_group_2,147,0.18614827140289195,0.45131903886795044,0.6521928310394287,,,,,
realmlp,kpx_group_3,147,0.185711460735868,0.5928285121917725,0.553608775138855,,,,,
realmlp,all,148,0.18594720652874777,0.5246580839157104,0.6032435297966003,0.22609836279469378,0.4015115863260101,1.2816972732543945,0.28176602326771794,0.34286755323410034
realmlp,kpx_group_1,148,0.1960916405214983,0.5209234952926636,0.6095449924468994,,,,,
realmlp,kpx_group_2,148,0.1793651274021934,0.45669880509376526,0.649213433265686,,,,,
realmlp,kpx_group_3,148,0.18238485385389888,0.5963520407676697,0.5509721040725708,,,,,
realmlp,all,149,0.1794198854442905,0.517179548740387,0.6086029410362244,0.21842138688353932,0.39001500168267417,1.2895923852920532,0.2732536196708679,0.3309763967990875
realmlp,kpx_group_1,149,0.1890287958085537,0.5080147385597229,0.6178588271141052,,,,,
realmlp,kpx_group_2,149,0.17394875888438785,0.4478355348110199,0.6553268432617188,,,,,
realmlp,kpx_group_3,149,0.17528209966771743,0.5956882238388062,0.5526231527328491,,,,,
realmlp,all,150,0.17451827052761526,0.5252565741539001,0.6037190556526184,0.2125990905744188,0.38080816935090456,1.298122525215149,0.2685427599970032,0.33060842752456665
realmlp,kpx_group_1,150,0.18323539372752695,0.5218833684921265,0.609288215637207,,,,,
realmlp,kpx_group_2,150,0.17039289566523888,0.45447859168052673,0.6497743129730225,,,,,
realmlp,kpx_group_3,150,0.16992651890305913,0.5994078516960144,0.5520946979522705,,,,,
realmlp,all,151,0.16920616170939276,0.5292841792106628,0.6007794737815857,0.20636003683595097,0.3715387398705763,1.288650631904602,0.264586457873092,0.3421894907951355
realmlp,kpx_group_1,151,0.17956477425554218,0.5351075530052185,0.6000178456306458,,,,,
realmlp,kpx_group_2,151,0.16471329024609396,0.4538401961326599,0.6517444849014282,,,,,
realmlp,kpx_group_3,151,0.16334041580557823,0.5989046692848206,0.5505760908126831,,,,,
realmlp,all,152,0.16613952245782404,0.523417055606842,0.6047727465629578,0.20218202866175594,0.36042505283566084,1.2850035429000854,0.26035546686719446,0.3327520191669464
realmlp,kpx_group_1,152,0.17600316532394467,0.5140897631645203,0.6145040392875671,,,,,
realmlp,kpx_group_2,152,0.16103517483262456,0.4530456066131592,0.6532800197601318,,,,,
realmlp,kpx_group_3,152,0.1613802232724779,0.6031158566474915,0.5465341210365295,,,,,
realmlp,all,153,0.15764439040247133,0.5217058658599854,0.6049848198890686,0.19237323192989125,0.3472883657497518,1.2914994955062866,0.2566042191842023,0.3308870792388916
realmlp,kpx_group_1,153,0.16789707607206175,0.5216147303581238,0.6094949245452881,,,,,
realmlp,kpx_group_2,153,0.15425063801162384,0.4510016441345215,0.6527010202407837,,,,,
realmlp,kpx_group_3,153,0.15078546556041522,0.5925011038780212,0.5527585744857788,,,,,
realmlp,all,154,0.1517542313565226,0.5290759801864624,0.6004826426506042,0.18562717998729034,0.3387294600115103,1.293752908706665,0.2513293424511657,0.3402407169342041
realmlp,kpx_group_1,154,0.16195111721754074,0.5346358418464661,0.5981765389442444,,,,,
realmlp,kpx_group_2,154,0.1483782731434878,0.45215824246406555,0.6529921293258667,,,,,
realmlp,kpx_group_3,154,0.1449333111591199,0.6004338264465332,0.5502790808677673,,,,,
realmlp,all,155,0.14566751854384646,0.5234305262565613,0.606267511844635,0.17820902869981878,0.32541507657836466,1.2996830940246582,0.24699458545621703,0.32282689213752747
realmlp,kpx_group_1,155,0.15611262926284006,0.5252865552902222,0.6078397035598755,,,,,
realmlp,kpx_group_2,155,0.14221312982194564,0.44781559705734253,0.6574285626411438,,,,,
realmlp,kpx_group_3,155,0.13867678876747103,0.5971893072128296,0.5535343289375305,,,,,
realmlp,all,156,0.14006487389697747,0.5305041670799255,0.600892961025238,0.17152590238872698,0.3146102489794002,1.3199166059494019,0.2401956291321446,0.31577226519584656
realmlp,kpx_group_1,156,0.1500401619602652,0.5327650904655457,0.6030030846595764,,,,,
realmlp,kpx_group_2,156,0.13764585280681357,0.4573073387145996,0.6497707366943359,,,,,
realmlp,kpx_group_3,156,0.13250860451337168,0.6014400124549866,0.5499051809310913,,,,,
realmlp,all,157,0.13395742830984733,0.5259565711021423,0.6021645665168762,0.1643852606854018,0.30427831236053915,1.3139256238937378,0.23783534546108806,0.31521928310394287
realmlp,kpx_group_1,157,0.14343577842502034,0.5248010158538818,0.607088565826416,,,,,
realmlp,kpx_group_2,157,0.13097431423032985,0.44953370094299316,0.6532843708992004,,,,,
realmlp,kpx_group_3,157,0.12746218076961882,0.6035348773002625,0.5461207628250122,,,,,
realmlp,all,158,0.12841862944119117,0.5280357003211975,0.6009600162506104,0.15775948675239787,0.2934085349826252,1.3061597347259521,0.232737693716498,0.3061184287071228
realmlp,kpx_group_1,158,0.1377384302151554,0.5289366841316223,0.603363573551178,,,,,
realmlp,kpx_group_2,158,0.12537064030766487,0.4529123306274414,0.6518944501876831,,,,,
realmlp,kpx_group_3,158,0.12214681966339841,0.6022582054138184,0.5476221442222595,,,,,
realmlp,all,159,0.12200545815422255,0.5301289558410645,0.6010086536407471,0.15023719519376755,0.2823173465097652,1.3187090158462524,0.22998873648398063,0.3166418671607971
realmlp,kpx_group_1,159,0.13164469095713952,0.5306358337402344,0.6049261689186096,,,,,
realmlp,kpx_group_2,159,0.12011878006160259,0.45286160707473755,0.6532010436058044,,,,,
realmlp,kpx_group_3,159,0.11425291045623667,0.6068893671035767,0.5448986291885376,,,,,
realmlp,all,160,0.11728260490824194,0.528176486492157,0.6003575921058655,0.1445002472575973,0.2721764261231703,1.3203636407852173,0.22415189773720853,0.3026570677757263
realmlp,kpx_group_1,160,0.12726410555050655,0.5299332737922668,0.601885199546814,,,,,
realmlp,kpx_group_2,160,0.11568855647655095,0.4503118693828583,0.6533518433570862,,,,,
realmlp,kpx_group_3,160,0.1088951531359378,0.6042843461036682,0.5458359122276306,,,,,
realmlp,all,161,0.11119387112557888,0.5285596251487732,0.6003453135490417,0.13736086974249168,0.261669989237014,1.3321348428726196,0.21836003792636535,0.3032453954219818
realmlp,kpx_group_1,161,0.12025778543423205,0.5345871448516846,0.59726881980896,,,,,
realmlp,kpx_group_2,161,0.10995117027093382,0.45012885332107544,0.6545741558074951,,,,,
realmlp,kpx_group_3,161,0.10337266194469788,0.6009628176689148,0.5491929650306702,,,,,
realmlp,all,162,0.10517658019328818,0.5328933596611023,0.5967122316360474,0.13024605449069948,0.25069474319324775,1.3247002363204956,0.21453973804326618,0.30798888206481934
realmlp,kpx_group_1,162,0.11482947144438238,0.536801815032959,0.5976548194885254,,,,,
realmlp,kpx_group_2,162,0.10431857275612214,0.45367270708084106,0.6484087705612183,,,,,
realmlp,kpx_group_3,162,0.09638169670806211,0.6082054972648621,0.544073224067688,,,,,
realmlp,all,163,0.09988302310161731,0.5376031398773193,0.5931797027587891,0.12400755691615974,0.24124532521647565,1.3466724157333374,0.21160613022306385,0.30017149448394775
realmlp,kpx_group_1,163,0.10915297182167277,0.5436214208602905,0.5911927819252014,,,,,
realmlp,kpx_group_2,163,0.09854522982940954,0.45537319779396057,0.6492663621902466,,,,,
realmlp,kpx_group_3,163,0.09195086677723072,0.6138147711753845,0.5390799641609192,,,,,
realmlp,all,164,0.09530936685555122,0.5359852910041809,0.5945985913276672,0.11856579671011251,0.23256429964128664,1.3523019552230835,0.20605801177375457,0.3052029311656952
realmlp,kpx_group_1,164,0.10347252098076484,0.5394197106361389,0.5949525833129883,,,,,
realmlp,kpx_group_2,164,0.09435129384784137,0.4578312635421753,0.6490187644958496,,,,,
realmlp,kpx_group_3,164,0.08810428683372105,0.6107051372528076,0.5398244857788086,,,,,
realmlp,all,165,0.0893374270595172,0.5340877771377563,0.5966553092002869,0.11153363666551955,0.2219621008809875,1.3506377935409546,0.20177982681814363,0.29149001836776733
realmlp,kpx_group_1,165,0.09810805178302176,0.5381395816802979,0.5986958146095276,,,,,
realmlp,kpx_group_2,165,0.08828286158249658,0.4548596143722534,0.6485027074813843,,,,,
realmlp,kpx_group_3,165,0.08162137164789088,0.6092641949653625,0.5427672266960144,,,,,
realmlp,all,166,0.08458837297032862,0.5375642776489258,0.5932047367095947,0.10585408679702703,0.2126571275293827,1.3788089752197266,0.19746803492307663,0.2940909266471863
realmlp,kpx_group_1,166,0.0932370546986075,0.5449033379554749,0.5908621549606323,,,,,
realmlp,kpx_group_2,166,0.08333010511363254,0.45347437262535095,0.6502605676651001,,,,,
realmlp,kpx_group_3,166,0.07719795756480273,0.6143150925636292,0.5384914875030518,,,,,
realmlp,all,167,0.07981169322396026,0.5317183136940002,0.5985644459724426,0.10017846075489241,0.20366766654393254,1.3727346658706665,0.1938866843633792,0.2806486189365387
realmlp,kpx_group_1,167,0.08711798565790933,0.5354412794113159,0.597093403339386,,,,,
realmlp,kpx_group_2,167,0.07890456158886938,0.4523247480392456,0.6533279418945312,,,,,
realmlp,kpx_group_3,167,0.07341254113570732,0.6073890328407288,0.5452719926834106,,,,,
realmlp,all,168,0.07494189119076028,0.5383742451667786,0.5934287905693054,0.0943522299913799,0.19410338866360047,1.3838163614273071,0.1881098252008943,0.28881385922431946
realmlp,kpx_group_1,168,0.08178391877342672,0.5465115308761597,0.5914896726608276,,,,,
realmlp,kpx_group_2,168,0.07452602969372973,0.4560021460056305,0.6491058468818665,,,,,
realmlp,kpx_group_3,168,0.06851572346161394,0.6126091480255127,0.5396907925605774,,,,,
realmlp,all,169,0.07020237187252325,0.5371708869934082,0.5933957695960999,0.08873961011276525,0.18537237845799504,1.3781038522720337,0.18462729454040527,0.2761119306087494
realmlp,kpx_group_1,169,0.0773550332249964,0.545798659324646,0.5911515951156616,,,,,
realmlp,kpx_group_2,169,0.06914263854131979,0.4545259475708008,0.6492385268211365,,,,,
realmlp,kpx_group_3,169,0.06410944637130289,0.6111879944801331,0.5397971272468567,,,,,
realmlp,all,170,0.06689490914783057,0.5362839102745056,0.594636857509613,0.08478311416419114,0.1788820479722584,1.3903160095214844,0.18156869665664785,0.27663981914520264
realmlp,kpx_group_1,170,0.07359376872944481,0.5404030680656433,0.5954842567443848,,,,,
realmlp,kpx_group_2,170,0.06621965754996328,0.4537526071071625,0.6508750915527344,,,,,
realmlp,kpx_group_3,170,0.06087129585006658,0.6146961450576782,0.5375511050224304,,,,,
realmlp,all,171,0.06226510757251697,0.5320627689361572,0.5976462364196777,0.0793477673740948,0.1708265871686094,1.38224458694458,0.17815178282120647,0.27064234018325806
realmlp,kpx_group_1,171,0.0689541082829237,0.535033106803894,0.6006333231925964,,,,,
realmlp,kpx_group_2,171,0.061606456854325885,0.4523446559906006,0.650799036026001,,,,,
realmlp,kpx_group_3,171,0.056234760867322195,0.6088104248046875,0.5415064096450806,,,,,
realmlp,all,172,0.05874733643277603,0.5369572639465332,0.5926579833030701,0.07499322437626474,0.1624588742852211,1.3852596282958984,0.17513823881745338,0.27419644594192505
realmlp,kpx_group_1,172,0.0649219854899189,0.5430033206939697,0.5911608338356018,,,,,
realmlp,kpx_group_2,172,0.05771945685367374,0.4548651874065399,0.647182822227478,,,,,
realmlp,kpx_group_3,172,0.05360056783127434,0.6130031943321228,0.5396304130554199,,,,,
realmlp,all,173,0.05445366862284787,0.5385687947273254,0.591815173625946,0.06994205713272095,0.15488389331628294,1.4106711149215698,0.17193239861551454,0.2704384922981262
realmlp,kpx_group_1,173,0.060031550607698804,0.5430452823638916,0.5924959778785706,,,,,
realmlp,kpx_group_2,173,0.05404812475556836,0.4541299045085907,0.6473633050918579,,,,,
realmlp,kpx_group_3,173,0.04928133335402783,0.6185312271118164,0.5355861783027649,,,,,
realmlp,all,174,0.0509192726081785,0.5416724681854248,0.5899789333343506,0.06564797778778217,0.14728705168646924,1.412154197692871,0.16806624829769135,0.2686934769153595
realmlp,kpx_group_1,174,0.05625475208987208,0.5494335293769836,0.5869841575622559,,,,,
realmlp,kpx_group_2,174,0.05021090405609678,0.45768558979034424,0.6478724479675293,,,,,
realmlp,kpx_group_3,174,0.046292155926280165,0.6178982257843018,0.5350801348686218,,,,,
realmlp,all,175,0.047715030117508245,0.5415956377983093,0.5901469588279724,0.06182373024742393,0.1410869988886749,1.4166239500045776,0.1647448747911874,0.26850083470344543
realmlp,kpx_group_1,175,0.05312684550881386,0.5483567118644714,0.5895524024963379,,,,,
realmlp,kpx_group_2,175,0.04658685882082757,0.45515918731689453,0.649922251701355,,,,,
realmlp,kpx_group_3,175,0.04343138991252465,0.621271014213562,0.5309662818908691,,,,,
realmlp,all,176,0.04435698386719998,0.5416054129600525,0.5901073813438416,0.05777734578313196,0.13420361970715664,1.428637146949768,0.16159915179014206,0.26632437109947205
realmlp,kpx_group_1,176,0.049365483114824575,0.5513295531272888,0.5857542753219604,,,,,
realmlp,kpx_group_2,176,0.043398410903618616,0.45530062913894653,0.6494784355163574,,,,,
realmlp,kpx_group_3,176,0.04030706475981895,0.6181859374046326,0.535089373588562,,,,,
realmlp,all,177,0.04157957303173402,0.5386421084403992,0.5930671095848083,0.05439866268459488,0.1281908918172121,1.427469253540039,0.15911036357283592,0.25717243552207947
realmlp,kpx_group_1,177,0.04613514655434033,0.5446319580078125,0.5917353630065918,,,,,
realmlp,kpx_group_2,177,0.04060423176954774,0.4543822705745697,0.6505391001701355,,,,,
realmlp,kpx_group_3,177,0.03799933647079503,0.6169121265411377,0.5369268655776978,,,,,
realmlp,all,178,0.038992266280247885,0.5413251519203186,0.5900295376777649,0.05116210861460251,0.121698417207774,1.4293179512023926,0.15518304880927591,0.2559852600097656
realmlp,kpx_group_1,178,0.04355305953718284,0.5478910207748413,0.5874309539794922,,,,,
realmlp,kpx_group_2,178,0.03807534121305627,0.45687931776046753,0.6489025950431824,,,,,
realmlp,kpx_group_3,178,0.035348405897179073,0.6192050576210022,0.5337550640106201,,,,,
realmlp,all,179,0.036427000263596285,0.5437126159667969,0.5885304808616638,0.04804389638935819,0.11616896136718638,1.4456418752670288,0.15324835435432546,0.2567487955093384
realmlp,kpx_group_1,179,0.04057077932007173,0.5510030388832092,0.5859365463256836,,,,,
realmlp,kpx_group_2,179,0.03573095562922604,0.4578518271446228,0.6472131609916687,,,,,
realmlp,kpx_group_3,179,0.032979270552887636,0.6222829222679138,0.5324416756629944,,,,,
realmlp,all,180,0.034142727799275345,0.5432246327400208,0.588826596736908,0.04520765390685376,0.11064925461130984,1.4484392404556274,0.14988021968918688,0.25675714015960693
realmlp,kpx_group_1,180,0.03834752034505501,0.5481483340263367,0.588077187538147,,,,,
realmlp,kpx_group_2,180,0.03298818941830712,0.4583472013473511,0.6468811631202698,,,,,
realmlp,kpx_group_3,180,0.031092472977059728,0.6231784224510193,0.5315214395523071,,,,,
realmlp,all,181,0.03168593935997171,0.5423468351364136,0.5898680686950684,0.042223387890878844,0.10537448908914537,1.4496554136276245,0.1467680944239392,0.2552693784236908
realmlp,kpx_group_1,181,0.0355883070596439,0.5470592975616455,0.5903894305229187,,,,,
realmlp,kpx_group_2,181,0.0305986193501774,0.455828994512558,0.6491178274154663,,,,,
realmlp,kpx_group_3,181,0.028870892245322466,0.6241522431373596,0.5300969481468201,,,,,
realmlp,all,182,0.029914158971651512,0.5438892841339111,0.5877768993377686,0.03999309028115343,0.10078931194456185,1.4570645093917847,0.1449129160712747,0.24751685559749603
realmlp,kpx_group_1,182,0.033571922275073385,0.5516709685325623,0.5856606960296631,,,,,
realmlp,kpx_group_2,182,0.028779668322599986,0.4565463364124298,0.6477500796318054,,,,,
realmlp,kpx_group_3,182,0.027390882126329577,0.6234504580497742,0.5299199223518372,,,,,
realmlp,all,183,0.027978520018651205,0.5439233779907227,0.588380753993988,0.037597903598319084,0.0961938337148989,1.4566925764083862,0.1422450954423231,0.2464158833026886
realmlp,kpx_group_1,183,0.03148266144425554,0.5499292612075806,0.5884711146354675,,,,,
realmlp,kpx_group_2,183,0.026721291819258648,0.4571438729763031,0.6481972336769104,,,,,
realmlp,kpx_group_3,183,0.025731614571722114,0.6246970295906067,0.5284738540649414,,,,,
realmlp,all,184,0.026497519575059414,0.5430154204368591,0.5884958505630493,0.03570762947749566,0.0921010985313093,1.4665799140930176,0.13973067876170664,0.2446611374616623
realmlp,kpx_group_1,184,0.03015020160990603,0.548445999622345,0.5882054567337036,,,,,
realmlp,kpx_group_2,184,0.025185130728299126,0.45692411065101624,0.6480082869529724,,,,,
realmlp,kpx_group_3,184,0.024157217429841265,0.6236761808395386,0.5292738676071167,,,,,
realmlp,all,185,0.025006330763811573,0.5437323451042175,0.5890095233917236,0.033828226356383634,0.08821895477526329,1.4725488424301147,0.13713999881463892,0.2431330531835556
realmlp,kpx_group_1,185,0.028492659467327243,0.5494595170021057,0.589288592338562,,,,,
realmlp,kpx_group_2,185,0.023810593356542727,0.45817315578460693,0.6484499573707581,,,,,
realmlp,kpx_group_3,185,0.022715743699604097,0.6235643625259399,0.5292900800704956,,,,,
realmlp,all,186,0.023619724684120977,0.5438227653503418,0.5883809924125671,0.032086871591780114,0.08467146611827261,1.4709938764572144,0.13565627923783133,0.24065618216991425
realmlp,kpx_group_1,186,0.027046568363028413,0.5485645532608032,0.5878527760505676,,,,,
realmlp,kpx_group_2,186,0.022379126208012596,0.45822668075561523,0.6478317975997925,,,,,
realmlp,kpx_group_3,186,0.021433478741742232,0.624677300453186,0.5294585227966309,,,,,
realmlp,all,187,0.02216072125798639,0.5437543988227844,0.5876488089561462,0.030260949094286737,0.08100228088305277,1.4783148765563965,0.13382476907880866,0.23810352385044098
realmlp,kpx_group_1,187,0.025588608127744758,0.5470359921455383,0.5896115899085999,,,,,
realmlp,kpx_group_2,187,0.02092422035467975,0.45886561274528503,0.6465532183647156,,,,,
realmlp,kpx_group_3,187,0.019969330265131945,0.6253615617752075,0.5267816185951233,,,,,
realmlp,all,188,0.021085271063972923,0.5450384616851807,0.5871572494506836,0.028907603639013627,0.07822332509300288,1.483010172843933,0.13188167825779495,0.23650579154491425
realmlp,kpx_group_1,188,0.02446319127236219,0.5493846535682678,0.5879219770431519,,,,,
realmlp,kpx_group_2,188,0.0199672285850872,0.45943278074264526,0.6464677453041077,,,,,
realmlp,kpx_group_3,188,0.0188253937590429,0.6262979507446289,0.5270819664001465,,,,,
realmlp,all,189,0.020071878522524938,0.5453717708587646,0.5869135856628418,0.027611853472669336,0.07539974657051704,1.4843616485595703,0.13025651488672285,0.23540844023227692
realmlp,kpx_group_1,189,0.02330084712080219,0.548153817653656,0.589220404624939,,,,,
realmlp,kpx_group_2,189,0.018974937265738845,0.45959317684173584,0.6450793743133545,,,,,
realmlp,kpx_group_3,189,0.017939857645508123,0.6283683180809021,0.5264409780502319,,,,,
realmlp,all,190,0.019217757124672916,0.5451697707176208,0.5864284038543701,0.02652366108754102,0.07305903612252544,1.4914458990097046,0.12903852936099558,0.23349086940288544
realmlp,kpx_group_1,190,0.022370000150712097,0.5480263829231262,0.5888307094573975,,,,,
realmlp,kpx_group_2,190,0.01816921400399331,0.4594426453113556,0.6441015005111694,,,,,
realmlp,kpx_group_3,190,0.017114059657187146,0.6280401945114136,0.5263529419898987,,,,,
realmlp,all,191,0.01840667914160911,0.5454695820808411,0.586376965045929,0.02548607110100634,0.07079391641651883,1.4947519302368164,0.12755944875671582,0.23276111483573914
realmlp,kpx_group_1,191,0.021434209583436743,0.5484923720359802,0.5885847806930542,,,,,
realmlp,kpx_group_2,191,0.017391306813806295,0.45972520112991333,0.6457185745239258,,,,,
realmlp,kpx_group_3,191,0.016394522671094713,0.6281911730766296,0.5248276591300964,,,,,
realmlp,all,192,0.017755179186625517,0.5458526611328125,0.5862993597984314,0.02465715157963774,0.06901972390273038,1.4960217475891113,0.12664858503815005,0.23160730302333832
realmlp,kpx_group_1,192,0.02075068643042708,0.5484927296638489,0.5889025330543518,,,,,
realmlp,kpx_group_2,192,0.016737422631943926,0.46028661727905273,0.6456260085105896,,,,,
realmlp,kpx_group_3,192,0.015777428607072902,0.6287785768508911,0.5243695378303528,,,,,
realmlp,all,193,0.017229134504518965,0.5455522537231445,0.5862691402435303,0.023983761065584773,0.06754626421367421,1.4975978136062622,0.12551113481030746,0.23001296818256378
realmlp,kpx_group_1,193,0.02020013698048013,0.5483826398849487,0.5888989567756653,,,,,
realmlp,kpx_group_2,193,0.01624978325494072,0.4604351818561554,0.6441336870193481,,,,,
realmlp,kpx_group_3,193,0.01523749265984139,0.6278390288352966,0.5257746577262878,,,,,
realmlp,all,194,0.016690381994361386,0.5459509491920471,0.5859694480895996,0.023299473967841444,0.06609091442078352,1.5012742280960083,0.12462764507269158,0.23007650673389435
realmlp,kpx_group_1,194,0.01965902589590234,0.5484392642974854,0.5894110798835754,,,,,
realmlp,kpx_group_2,194,0.0157697615076733,0.46033212542533875,0.6447446346282959,,,,,
realmlp,kpx_group_3,194,0.014642360531177153,0.6290816068649292,0.5237526893615723,,,,,
realmlp,all,195,0.01632507361800355,0.5458372235298157,0.5864816904067993,0.022835150196710053,0.06510076628011816,1.5023421049118042,0.12410921471960404,0.22891294956207275
realmlp,kpx_group_1,195,0.019286424798123977,0.5483123660087585,0.5897281169891357,,,,,
realmlp,kpx_group_2,195,0.015304286649231525,0.4603358805179596,0.6450276374816895,,,,,
realmlp,kpx_group_3,195,0.0143845074755304,0.6288634538650513,0.5246893167495728,,,,,
realmlp,all,196,0.016012017847970128,0.5462771058082581,0.5860840678215027,0.02243436494951739,0.06422346797497834,1.503804326057434,0.12353265099227428,0.22851534187793732
realmlp,kpx_group_1,196,0.018908896154778844,0.5490054488182068,0.5892759561538696,,,,,
realmlp,kpx_group_2,196,0.015070083646980278,0.4607011675834656,0.6449589729309082,,,,,
realmlp,kpx_group_3,196,0.014057071331669302,0.629124641418457,0.5240172147750854,,,,,
realmlp,all,197,0.01579083880300031,0.5463849902153015,0.5860149264335632,0.022151056211441755,0.06360217074260992,1.504486083984375,0.12318336591124535,0.228288471698761
realmlp,kpx_group_1,197,0.018691023907569403,0.5490893125534058,0.5891062021255493,,,,,
realmlp,kpx_group_2,197,0.014797301716445124,0.46080073714256287,0.6448371410369873,,,,,
realmlp,kpx_group_3,197,0.013884199351784499,0.6292649507522583,0.5241015553474426,,,,,
realmlp,all,198,0.01563920694238999,0.5464239716529846,0.5859387516975403,0.02195707694901263,0.06317870066884686,1.5048822164535522,0.12298547301222296,0.2280610352754593
realmlp,kpx_group_1,198,0.01853980006211821,0.5491929054260254,0.589013934135437,,,,,
realmlp,kpx_group_2,198,0.014670900480054757,0.4608594477176666,0.6448252201080322,,,,,
realmlp,kpx_group_3,198,0.01370692195589928,0.6292195916175842,0.5239770412445068,,,,,
realmlp,all,199,0.015573151053532082,0.546477735042572,0.5859731435775757,0.021868373596054667,0.06295222460347064,1.5049781799316406,0.12287680443157167,0.22805699706077576
realmlp,kpx_group_1,199,0.018490152460906434,0.5492346882820129,0.5890091061592102,,,,,
realmlp,kpx_group_2,199,0.01457550669746364,0.460893452167511,0.6448264122009277,,,,,
realmlp,kpx_group_3,199,0.013653793125687277,0.6293051242828369,0.5240839719772339,,,,,
realmlp,all,200,0.015478670090327369,0.5464760661125183,0.5859729051589966,0.021763662725467894,0.06284992533790715,1.504996657371521,0.12287605652476058,0.22804217040538788
realmlp,kpx_group_1,200,0.018414708676145357,0.549225389957428,0.5890099406242371,,,,,
realmlp,kpx_group_2,200,0.014520733836380875,0.4608933627605438,0.6448261737823486,,,,,
realmlp,kpx_group_3,200,0.0135005759417682,0.6293094158172607,0.5240825414657593,,,,,
