wind_feature,target,wind_bin,n,mean,q10,q50,q90,inactive_rate,normal_rate,q10_q90_spread,ambiguous
gfs__ws100__mean,kpx_group_1,0.0,12,0.019808722993827164,0.0,0.006361111111111112,0.0524959212962963,1.0,0.0,0.0524959212962963,False
gfs__ws100__mean,kpx_group_1,0.5,540,0.018876255144032923,0.0,0.0006695833333333333,0.060999694444444454,0.9537037037037037,0.0,0.060999694444444454,False
gfs__ws100__mean,kpx_group_1,1.0,2043,0.042578491506680444,0.0,0.010043842592592592,0.1203923796296296,0.8668624571708272,0.007342143906020558,0.1203923796296296,False
gfs__ws100__mean,kpx_group_1,1.5,2967,0.0856053692469011,0.0,0.03280995370370371,0.24908773148148147,0.7054263565891473,0.03741152679474216,0.24908773148148147,False
gfs__ws100__mean,kpx_group_1,2.0,3440,0.14301755355027992,0.0,0.06796344907407408,0.4078476527777777,0.5729651162790698,0.1058139534883721,0.4078476527777777,True
gfs__ws100__mean,kpx_group_1,2.5,3159,0.2340555255120584,0.0006695833333333333,0.15400583333333331,0.5999531944444444,0.4165875276986388,0.23045267489711935,0.5992836111111111,True
gfs__ws100__mean,kpx_group_1,3.0,2749,0.31633469064508307,0.003347962962962963,0.23837425925925926,0.7660117129629629,0.32957439068752276,0.36413241178610406,0.76266375,True
gfs__ws100__mean,kpx_group_1,3.5,2405,0.37577927972202974,0.008035092592592592,0.31738597222222226,0.8347117037037037,0.26902286902286904,0.4390852390852391,0.8266766111111111,True
gfs__ws100__mean,kpx_group_1,4.0,1872,0.4284103173967236,0.01740935185185185,0.40075000000000005,0.8831900462962963,0.2142094017094017,0.5010683760683761,0.8657806944444444,True
gfs__ws100__mean,kpx_group_1,4.5,1377,0.43694898444014096,0.0295959074074074,0.4285380092592593,0.8890824722222224,0.19172113289760348,0.5185185185185185,0.859486564814815,True
gfs__ws100__mean,kpx_group_1,5.0,1073,0.47585055050740394,0.057049111111111106,0.4894707407407407,0.9066257407407409,0.14818266542404473,0.5731593662628145,0.8495766296296298,True
gfs__ws100__mean,kpx_group_1,5.5,738,0.49394014158636956,0.0716462037037037,0.529311412037037,0.8619640231481482,0.11653116531165311,0.6287262872628726,0.7903178194444446,True
gfs__ws100__mean,kpx_group_1,6.0,598,0.5361719079803047,0.10653186574074075,0.57450875,0.8974523379629634,0.09364548494983277,0.6739130434782609,0.7909204722222227,False
gfs__ws100__mean,kpx_group_1,6.5,498,0.5650161812063067,0.14597074074074073,0.6277412268518519,0.8791725,0.08433734939759036,0.7389558232931727,0.7332017592592592,False
gfs__ws100__mean,kpx_group_1,7.0,442,0.5866886560457517,0.2539757453703704,0.6190365509259259,0.8805117129629629,0.04751131221719457,0.7782805429864253,0.6265359675925926,False
gfs__ws100__mean,kpx_group_1,7.5,316,0.6335662437001875,0.33814328703703705,0.6759517592592592,0.8741506018518519,0.00949367088607595,0.8259493670886076,0.5360073148148148,False
gfs__ws100__mean,kpx_group_1,8.0,327,0.6425182949654548,0.34738362962962965,0.6669122685185185,0.8779672500000001,0.01529051987767584,0.8776758409785933,0.5305836203703704,False
gfs__ws100__mean,kpx_group_1,8.5,270,0.6679290651577504,0.4557234027777778,0.6947002777777778,0.8913590555555555,0.003703703703703704,0.9111111111111111,0.4356356527777777,False
gfs__ws100__mean,kpx_group_1,9.0,244,0.6810038710534303,0.40717808333333333,0.7198099537037037,0.893769587962963,0.012295081967213115,0.9139344262295082,0.4865915046296297,False
gfs__ws100__mean,kpx_group_1,9.5,224,0.6802054472552909,0.4662359675925926,0.6973786574074075,0.8946400601851852,0.026785714285714284,0.9241071428571429,0.42840409259259254,False
gfs__ws100__mean,kpx_group_1,10.0,162,0.6762824165523548,0.4411263194444444,0.6806388888888889,0.8996619814814815,0.018518518518518517,0.9259259259259259,0.45853566203703705,False
gfs__ws100__mean,kpx_group_1,10.5,129,0.7096518873815676,0.5729017592592593,0.7024006018518518,0.887207611111111,0.007751937984496124,0.9767441860465116,0.31430585185185167,False
gfs__ws100__mean,kpx_group_1,11.0,127,0.7188134656605424,0.5229502777777778,0.7231579166666666,0.8967157962962964,0.007874015748031496,0.9763779527559056,0.3737655185185186,False
gfs__ws100__mean,kpx_group_1,11.5,76,0.7055723300438597,0.5537514583333334,0.7060833333333333,0.8791725231481482,0.0,0.9736842105263158,0.3254210648148148,False
gfs__ws100__mean,kpx_group_1,12.0,78,0.6555893328584995,0.4973049583333334,0.661220763888889,0.8507149120370371,0.0,0.9487179487179487,0.3534099537037037,False
gfs__ws100__mean,kpx_group_1,12.5,48,0.7053160966435185,0.537480412037037,0.7080921064814816,0.8993272037037037,0.0,0.9583333333333334,0.36184679166666667,False
gfs__ws100__mean,kpx_group_1,13.0,47,0.7359086081560282,0.5735713518518518,0.7432456018518518,0.8838596296296296,0.0,1.0,0.3102882777777778,False
gfs__ws100__mean,kpx_group_1,13.5,46,0.6849475573671499,0.45733039351851856,0.7024006018518518,0.9082996990740742,0.021739130434782608,0.9347826086956522,0.4509693055555556,False
gfs__ws100__mean,kpx_group_1,14.0,37,0.6847378703703704,0.4717935833333333,0.6736081944444444,0.9102415092592593,0.0,0.918918918918919,0.43844792592592596,False
gfs__ws100__mean,kpx_group_1,14.5,33,0.7187954082491582,0.4245204537037037,0.7713684259259259,0.9137233981481481,0.0,0.9090909090909091,0.48920294444444434,False
gfs__ws100__mean,kpx_group_1,15.0,22,0.6133450294612796,0.2694432777777778,0.6531856712962962,0.873012287037037,0.045454545454545456,0.8181818181818182,0.6035690092592592,False
gfs__ws100__mean,kpx_group_1,15.5,25,0.7472899462962963,0.569018138888889,0.753959074074074,0.8995280740740741,0.0,1.0,0.3305099351851851,False
gfs__ws100__mean,kpx_group_1,16.0,10,0.7424421064814815,0.6498377175925926,0.7244970833333333,0.8900868564814814,0.0,1.0,0.24024913888888888,False
gfs__ws100__mean,kpx_group_1,16.5,13,0.6062885719373219,0.31363626851851856,0.6789649074074074,0.852254962962963,0.0,0.8461538461538461,0.5386186944444444,False
gfs__ws100__mean,kpx_group_1,17.0,14,0.47225271164021165,0.17483010185185185,0.36794006944444446,0.8483043842592594,0.0,0.5,0.6734742824074075,False
gfs__ws100__mean,kpx_group_1,17.5,8,0.5942616956018518,0.1661924074074074,0.7365496990740741,0.8884128518518518,0.0,0.625,0.7222204444444444,False
gfs__ws100__mean,kpx_group_1,18.0,4,0.6401286574074074,0.3892330462962963,0.6749473611111112,0.8631693055555556,0.0,0.75,0.4739362592592593,False
gfs__ws100__mean,kpx_group_1,18.5,10,0.782014912037037,0.5970070277777778,0.8530584722222222,0.8929660833333333,0.0,1.0,0.29595905555555546,False
gfs__ws100__mean,kpx_group_1,19.0,7,0.6363024272486772,0.4305467870370371,0.6421374074074074,0.8715391851851853,0.0,0.8571428571428571,0.44099239814814817,False
gfs__ws100__mean,kpx_group_1,19.5,3,0.6041939660493827,0.5155848055555555,0.5798655092592593,0.7025345092592592,0.0,1.0,0.18694970370370367,False
gfs__ws100__mean,kpx_group_1,20.0,4,0.7355453125,0.570491212962963,0.802504375,0.847032162037037,0.0,1.0,0.276540949074074,False
gfs__ws100__mean,kpx_group_1,20.5,2,0.7700292361111112,0.7502093657407408,0.7700292361111112,0.7898491064814814,0.0,1.0,0.039639740740740614,False
gfs__ws100__mean,kpx_group_1,21.0,1,0.6722690277777778,0.6722690277777778,0.6722690277777778,0.6722690277777778,0.0,1.0,0.0,False
gfs__ws100__mean,kpx_group_2,0.0,12,0.014563595679012345,0.0,0.004687129629629629,0.039505828703703706,1.0,0.0,0.039505828703703706,False
gfs__ws100__mean,kpx_group_2,0.5,540,0.01854889986282579,0.0,0.0006695833333333333,0.05758481481481482,0.9462962962962963,0.0,0.05758481481481482,False
gfs__ws100__mean,kpx_group_2,1.0,2043,0.041308464970722075,0.0,0.008035092592592592,0.11516958333333334,0.8800783162016642,0.00978952520802741,0.11516958333333334,False
gfs__ws100__mean,kpx_group_2,1.5,2967,0.08166703823852502,0.0,0.02879240740740741,0.23368712962962962,0.7360970677451971,0.04179305695989215,0.23368712962962962,False
gfs__ws100__mean,kpx_group_2,2.0,3440,0.1432616430878553,0.0,0.0646154861111111,0.42458742129629623,0.5828488372093024,0.11598837209302326,0.42458742129629623,True
gfs__ws100__mean,kpx_group_2,2.5,3157,0.24487207617698467,0.0006695833333333333,0.1573537962962963,0.6461549537037037,0.4140006335128286,0.2597402597402597,0.6454853703703703,True
gfs__ws100__mean,kpx_group_2,3.0,2749,0.3419998150337496,0.00468712962962963,0.2758713425925926,0.786367240740741,0.3197526373226628,0.4045107311749727,0.7816801111111115,True
gfs__ws100__mean,kpx_group_2,3.5,2405,0.4123795780973281,0.010713472222222221,0.3863537962962963,0.8715391851851851,0.2661122661122661,0.49313929313929317,0.860825712962963,True
gfs__ws100__mean,kpx_group_2,4.0,1872,0.4714150628907487,0.02142689814814815,0.48578800925925925,0.905085652777778,0.2013888888888889,0.5576923076923077,0.8836587546296298,True
gfs__ws100__mean,kpx_group_2,4.5,1377,0.4782948689784556,0.037497083333333334,0.49147953703703706,0.9067596574074075,0.1728395061728395,0.5686274509803921,0.8692625740740741,True
gfs__ws100__mean,kpx_group_2,5.0,1074,0.5133147955462447,0.0718470787037037,0.5360073148148148,0.9151295416666666,0.13687150837988826,0.6042830540037244,0.8432824629629629,True
gfs__ws100__mean,kpx_group_2,5.5,738,0.5345773987503764,0.08309620370370371,0.5845526388888889,0.889417263888889,0.11517615176151762,0.6517615176151762,0.8063210601851852,True
gfs__ws100__mean,kpx_group_2,6.0,599,0.5758110647375255,0.12869533333333336,0.6394590740740741,0.9174730833333334,0.08848080133555926,0.7028380634390651,0.78877775,False
gfs__ws100__mean,kpx_group_2,6.5,498,0.6056366683400267,0.1516622777777778,0.6772909490740742,0.9134555509259259,0.0783132530120482,0.748995983935743,0.761793273148148,False
gfs__ws100__mean,kpx_group_2,7.0,443,0.6323051758841234,0.24413273148148149,0.6950350925925926,0.9093040740740741,0.03611738148984198,0.7945823927765236,0.6651713425925926,False
gfs__ws100__mean,kpx_group_2,7.5,316,0.6711332449894516,0.30734208333333335,0.7184707407407408,0.9099737037037038,0.006329113924050633,0.8449367088607594,0.6026316203703704,False
gfs__ws100__mean,kpx_group_2,8.0,327,0.6915765613319742,0.3767116851851852,0.7559678240740741,0.9012690277777777,0.009174311926605505,0.8899082568807339,0.5245573425925925,False
gfs__ws100__mean,kpx_group_2,8.5,270,0.7012548422496571,0.3961967638888889,0.7559678240740741,0.9190801342592593,0.003703703703703704,0.8925925925925926,0.5228833703703704,False
gfs__ws100__mean,kpx_group_2,9.0,244,0.7071727912492409,0.43724269907407404,0.7522850694444445,0.9159999999999999,0.00819672131147541,0.9180327868852459,0.4787573009259259,False
gfs__ws100__mean,kpx_group_2,9.5,224,0.7234119812334656,0.49576493055555554,0.7636681249999999,0.9182766157407408,0.013392857142857142,0.9375,0.4225116851851853,False
gfs__ws100__mean,kpx_group_2,10.0,162,0.7125973759716507,0.4795608148148148,0.7479327546296297,0.9340119768518518,0.018518518518518517,0.9382716049382716,0.454451162037037,False
gfs__ws100__mean,kpx_group_2,10.5,129,0.7477043604651162,0.46831170370370373,0.7927953240740742,0.9330076111111112,0.007751937984496124,0.9689922480620154,0.46469590740740746,False
gfs__ws100__mean,kpx_group_2,11.0,127,0.7581980471711869,0.5206736944444446,0.813552638888889,0.9168035,0.0,0.937007874015748,0.39612980555555544,False
gfs__ws100__mean,kpx_group_2,11.5,76,0.7590955299707602,0.49449270833333336,0.7991564351851852,0.9303962037037037,0.0,0.9605263157894737,0.4359034953703703,False
gfs__ws100__mean,kpx_group_2,12.0,78,0.6873433784425451,0.44092545370370373,0.7365496990740741,0.8969166574074074,0.0,0.9230769230769231,0.4559912037037037,False
gfs__ws100__mean,kpx_group_2,12.5,48,0.7444592457561728,0.541966675925926,0.8048479398148147,0.8965149074074075,0.0,0.9583333333333334,0.3545482314814815,False
gfs__ws100__mean,kpx_group_2,13.0,47,0.7690889657210399,0.5637953148148148,0.7974824537037036,0.9233655000000001,0.0,1.0,0.35957018518518524,False
gfs__ws100__mean,kpx_group_2,13.5,46,0.7796072987117549,0.6294152083333333,0.8152265972222222,0.9247046759259259,0.0,0.9565217391304348,0.29528946759259256,False
gfs__ws100__mean,kpx_group_2,14.0,37,0.7920714414414415,0.6835181296296295,0.8142222222222223,0.9194818703703704,0.0,0.9459459459459459,0.2359637407407409,False
gfs__ws100__mean,kpx_group_2,14.5,33,0.8057407365319866,0.6172286481481482,0.8831900462962963,0.9252403425925926,0.0,0.9393939393939394,0.30801169444444443,False
gfs__ws100__mean,kpx_group_2,15.0,22,0.747415340909091,0.46650379166666667,0.8286184259259259,0.9062909444444446,0.0,0.9090909090909091,0.4397871527777779,False
gfs__ws100__mean,kpx_group_2,15.5,25,0.8392113462962963,0.728380712962963,0.8564064351851852,0.928186537037037,0.0,1.0,0.199805824074074,False
gfs__ws100__mean,kpx_group_2,16.0,10,0.8158961990740741,0.7502093472222223,0.8118786574074074,0.8795073101851852,0.0,1.0,0.12929796296296292,False
gfs__ws100__mean,kpx_group_2,16.5,13,0.7009583903133904,0.48545323148148156,0.7593157870370371,0.8580134537037037,0.0,0.9230769230769231,0.3725602222222222,False
gfs__ws100__mean,kpx_group_2,17.0,14,0.5047756911375662,0.06354414351851852,0.7111052777777778,0.8712713611111111,0.2857142857142857,0.5714285714285714,0.8077272175925926,False
gfs__ws100__mean,kpx_group_2,17.5,8,0.6956209837962963,0.20060936111111113,0.8393318750000001,0.9145938611111111,0.0,0.75,0.7139844999999999,False
gfs__ws100__mean,kpx_group_2,18.0,4,0.6533530555555556,0.4064415,0.7074225000000001,0.8570090555555556,0.0,0.75,0.4505675555555556,False
gfs__ws100__mean,kpx_group_2,18.5,10,0.8622318703703705,0.7080251296296297,0.8764941435185185,0.9569789629629629,0.0,1.0,0.2489538333333332,False
gfs__ws100__mean,kpx_group_2,19.0,7,0.732245205026455,0.5139777870370371,0.804847962962963,0.8704678518518518,0.0,0.8571428571428571,0.3564900648148147,False
gfs__ws100__mean,kpx_group_2,19.5,3,0.6620019598765432,0.5390204814814815,0.5979444444444445,0.8106064444444444,0.0,1.0,0.2715859629629629,False
gfs__ws100__mean,kpx_group_2,20.0,4,0.7253340625,0.46777602777777777,0.8209181249999999,0.9064248472222222,0.0,0.75,0.4386488194444444,False
gfs__ws100__mean,kpx_group_2,20.5,2,0.7251666666666667,0.6887409259259258,0.7251666666666667,0.7615924074074075,0.0,1.0,0.07285148148148168,False
gfs__ws100__mean,kpx_group_2,21.0,1,0.7137836111111111,0.7137836111111111,0.7137836111111111,0.7137836111111111,0.0,1.0,0.0,False
gfs__ws100__mean,kpx_group_3,0.0,7,0.0025581088435374147,0.0,0.0,0.007438190476190481,1.0,0.0,0.007438190476190481,False
gfs__ws100__mean,kpx_group_3,0.5,385,0.008321905256648113,0.0,0.0,0.023003323809523874,0.9766233766233766,0.0,0.023003323809523874,False
gfs__ws100__mean,kpx_group_3,1.0,1419,0.020664080103359173,0.0,0.0006887142857142857,0.06487760000000004,0.945031712473573,0.0021141649048625794,0.06487760000000004,False
gfs__ws100__mean,kpx_group_3,1.5,1993,0.04890719520703414,0.0,0.008264666666666667,0.1404992380952381,0.845960863020572,0.014550928248871048,0.1404992380952381,False
gfs__ws100__mean,kpx_group_3,2.0,2270,0.0935526924690581,0.0,0.03546916666666666,0.2762463000000001,0.6845814977973568,0.04140969162995595,0.2762463000000001,False
gfs__ws100__mean,kpx_group_3,2.5,2158,0.18241170323050443,0.0,0.10124209523809523,0.5018027047619047,0.4990732159406858,0.15987025023169602,0.5018027047619047,True
gfs__ws100__mean,kpx_group_3,3.0,1880,0.271353826443769,0.0006887142857142857,0.1838887142857143,0.6928541428571429,0.38563829787234044,0.29946808510638295,0.6921654285714286,True
gfs__ws100__mean,kpx_group_3,3.5,1663,0.3335997794862985,0.003443619047619048,0.25344961904761903,0.7855560857142856,0.31689717378232113,0.375826819001804,0.7821124666666666,True
gfs__ws100__mean,kpx_group_3,4.0,1248,0.3976054992750305,0.006887238095238096,0.34573833333333337,0.859938038095238,0.25721153846153844,0.4551282051282051,0.8530508,True
gfs__ws100__mean,kpx_group_3,4.5,903,0.3970050276854928,0.015151857142857144,0.3471158095238095,0.8742634761904763,0.2292358803986711,0.4573643410852713,0.8591116190476191,True
gfs__ws100__mean,kpx_group_3,5.0,669,0.43366001558829814,0.04862375238095237,0.3670887142857143,0.9230249809523811,0.17339312406576982,0.4798206278026906,0.8744012285714287,True
gfs__ws100__mean,kpx_group_3,5.5,475,0.4522147362406015,0.044078209523809544,0.4263188095238095,0.8946496190476191,0.1431578947368421,0.5284210526315789,0.8505714095238095,True
gfs__ws100__mean,kpx_group_3,6.0,379,0.5171900958663148,0.07300451428571429,0.5089654285714286,0.9272950571428571,0.12137203166226913,0.6200527704485488,0.8542905428571428,True
gfs__ws100__mean,kpx_group_3,6.5,345,0.5608970320220842,0.1343007619047619,0.616406,0.9110412095238096,0.09565217391304348,0.6811594202898551,0.7767404476190477,False
gfs__ws100__mean,kpx_group_3,7.0,273,0.5694190422117565,0.1938063047619048,0.5799037619047619,0.9183416666666666,0.054945054945054944,0.7435897435897436,0.7245353619047619,False
gfs__ws100__mean,kpx_group_3,7.5,197,0.6280828220933043,0.26777504761904763,0.6453323333333333,0.9602159333333333,0.015228426395939087,0.7766497461928934,0.6924408857142856,False
gfs__ws100__mean,kpx_group_3,8.0,226,0.6265113322798146,0.29339547619047623,0.6408556428571428,0.9221984999999999,0.008849557522123894,0.7964601769911505,0.6288030238095237,False
gfs__ws100__mean,kpx_group_3,8.5,179,0.6648397025804735,0.3571711142857143,0.6914767142857143,0.9588385142857144,0.0111731843575419,0.8491620111731844,0.6016674000000002,False
gfs__ws100__mean,kpx_group_3,9.0,174,0.6393515325670498,0.30964932380952376,0.6715037619047619,0.9522956238095238,0.005747126436781609,0.8275862068965517,0.6426463,False
gfs__ws100__mean,kpx_group_3,9.5,140,0.651530825170068,0.36550464285714285,0.6739142857142857,0.9128318714285715,0.02142857142857143,0.8714285714285714,0.5473272285714286,False
gfs__ws100__mean,kpx_group_3,10.0,101,0.6331262701555869,0.39326014285714284,0.653597,0.8595248095238096,0.0,0.8910891089108911,0.46626466666666677,False
gfs__ws100__mean,kpx_group_3,10.5,85,0.6279036173669469,0.37080781904761906,0.6363789523809524,0.9008481238095238,0.0,0.8352941176470589,0.5300403047619048,False
gfs__ws100__mean,kpx_group_3,11.0,79,0.6463523351416517,0.3618544285714285,0.7135158095238096,0.9252288666666667,0.02531645569620253,0.8607594936708861,0.5633744380952381,False
gfs__ws100__mean,kpx_group_3,11.5,48,0.6187017529761906,0.2324436142857143,0.5850691666666666,0.9567034571428572,0.020833333333333332,0.8125,0.724259842857143,False
gfs__ws100__mean,kpx_group_3,12.0,47,0.5798011823708208,0.2763151904761906,0.5840360952380952,0.8582851142857142,0.02127659574468085,0.8297872340425532,0.5819699238095236,False
gfs__ws100__mean,kpx_group_3,12.5,31,0.6611951490015361,0.48830376190476193,0.708006,0.8553924761904761,0.06451612903225806,0.9032258064516129,0.36708871428571416,False
gfs__ws100__mean,kpx_group_3,13.0,30,0.6844976444444444,0.35496721428571426,0.7672360952380952,0.8994706809523811,0.0,0.8666666666666667,0.5445034666666668,False
gfs__ws100__mean,kpx_group_3,13.5,20,0.6984672214285713,0.2665353380952381,0.7803218095238096,0.9733705238095238,0.05,0.8,0.7068351857142857,False
gfs__ws100__mean,kpx_group_3,14.0,12,0.8130360833333333,0.6559386285714286,0.9032586666666667,0.9821172714285714,0.0,0.9166666666666666,0.3261786428571428,False
gfs__ws100__mean,kpx_group_3,14.5,18,0.7044858862433864,0.3776950428571429,0.7383097857142857,0.9137960952380952,0.0,0.8333333333333334,0.5361010523809524,False
gfs__ws100__mean,kpx_group_3,15.0,12,0.7076042579365079,0.5261145714285714,0.7947849761904762,0.9260553333333335,0.08333333333333333,0.9166666666666666,0.399940761904762,False
gfs__ws100__mean,kpx_group_3,15.5,19,0.8031946215538847,0.6077281333333334,0.8361082857142857,0.9717864571428572,0.0,1.0,0.36405832380952374,False
gfs__ws100__mean,kpx_group_3,16.0,5,0.7507067714285715,0.6264613523809524,0.6611729523809524,0.924815638095238,0.0,1.0,0.2983542857142857,False
gfs__ws100__mean,kpx_group_3,16.5,5,0.6839007619047619,0.5476715904761905,0.7100721904761904,0.8096613619047619,0.0,1.0,0.2619897714285714,False
gfs__ws100__mean,kpx_group_3,17.0,9,0.5659762751322751,0.45731126666666666,0.540646619047619,0.683763,0.0,1.0,0.22645173333333335,False
gfs__ws100__mean,kpx_group_3,17.5,7,0.7657602653061224,0.4772842190476191,0.9146225714285715,0.9796379142857143,0.0,0.8571428571428571,0.5023536952380953,False
gfs__ws100__mean,kpx_group_3,18.0,3,0.4676421111111111,0.09049804761904762,0.4524902380952381,0.8508469238095239,0.3333333333333333,0.6666666666666666,0.7603488761904762,False
gfs__ws100__mean,kpx_group_3,18.5,9,0.4488170423280423,0.13388750476190478,0.43940452380952383,0.8812884095238095,0.1111111111111111,0.5555555555555556,0.7474009047619047,False
gfs__ws100__mean,kpx_group_3,19.0,7,0.44097873469387755,0.04380271428571429,0.37466466666666665,0.9750923238095238,0.2857142857142857,0.42857142857142855,0.9312896095238096,False
gfs__ws100__mean,kpx_group_3,19.5,3,0.3055629047619048,0.2535873809523809,0.262403,0.3748023904761905,0.0,0.3333333333333333,0.12121500952380959,False
gfs__ws100__mean,kpx_group_3,20.0,4,0.16271052380952383,0.030372628571428573,0.1862992380952381,0.27617744761904767,0.25,0.0,0.24580481904761908,False
gfs__ws100__mean,kpx_group_3,20.5,1,0.0,0.0,0.0,0.0,1.0,0.0,0.0,False
gfs__ws80__mean,kpx_group_1,0.0,10,0.02249824537037037,0.0,0.015065787037037037,0.05490644907407407,1.0,0.0,0.05490644907407407,False
gfs__ws80__mean,kpx_group_1,0.5,504,0.018683437683715463,0.0,0.0006695833333333333,0.06053098148148146,0.9543650793650794,0.0,0.06053098148148146,False
gfs__ws80__mean,kpx_group_1,1.0,2131,0.044096518001459924,0.0,0.011383055555555556,0.1252134722222222,0.8592210229938996,0.0070389488503050214,0.1252134722222222,False
gfs__ws80__mean,kpx_group_1,1.5,3161,0.08766744156209356,0.0,0.03414912037037037,0.25310527777777775,0.6988294843403986,0.03891173679215438,0.25310527777777775,False
gfs__ws80__mean,kpx_group_1,2.0,3625,0.14683614785440613,0.0,0.07231578703703703,0.4171549537037037,0.5652413793103448,0.1103448275862069,0.4171549537037037,True
gfs__ws80__mean,kpx_group_1,2.5,3259,0.24836738007568784,0.0006695833333333333,0.1734239814814815,0.6233888888888889,0.3921448297023627,0.2513040810064437,0.6227193055555555,True
gfs__ws80__mean,kpx_group_1,3.0,2873,0.33544486853978933,0.003347962962962963,0.26314912037037036,0.7901169444444445,0.31256526279150715,0.3947093630351549,0.7867689814814816,True
gfs__ws80__mean,kpx_group_1,3.5,2467,0.40510559579035865,0.011383055555555556,0.37028361111111113,0.8586830370370371,0.23996757194973653,0.47547628698824485,0.8472999814814816,True
gfs__ws80__mean,kpx_group_1,4.0,1839,0.4297708741415423,0.015266675925925935,0.4077806944444444,0.8925643055555555,0.21044045676998369,0.5062533985861881,0.8772976296296296,True
gfs__ws80__mean,kpx_group_1,4.5,1314,0.46426225234652463,0.04439385185185186,0.4807660648148148,0.9133216203703703,0.17123287671232876,0.556316590563166,0.8689277685185185,True
gfs__ws80__mean,kpx_group_1,5.0,897,0.46696370607787274,0.058388296296296334,0.48344444444444445,0.8640397777777777,0.14827201783723523,0.5741360089186176,0.8056514814814814,True
gfs__ws80__mean,kpx_group_1,5.5,713,0.5172263721365125,0.061200574074074074,0.5631257407407407,0.8815830462962964,0.11640953716690042,0.6549789621318373,0.8203824722222223,True
gfs__ws80__mean,kpx_group_1,6.0,546,0.5468887710283543,0.1195219212962963,0.6006228009259259,0.8801768981481481,0.09157509157509157,0.7051282051282052,0.7606549768518518,False
gfs__ws80__mean,kpx_group_1,6.5,471,0.5715802012070456,0.20690351851851851,0.6166929629629629,0.8764941666666667,0.06369426751592357,0.7558386411889597,0.6695906481481482,False
gfs__ws80__mean,kpx_group_1,7.0,357,0.6111036824359374,0.3131005925925926,0.6521812962962963,0.8700660740740741,0.0196078431372549,0.7955182072829131,0.5569654814814815,False
gfs__ws80__mean,kpx_group_1,7.5,363,0.6502758129272523,0.36479299074074073,0.6749473611111111,0.8732801111111111,0.005509641873278237,0.8842975206611571,0.5084871203703705,False
gfs__ws80__mean,kpx_group_1,8.0,275,0.6583220405723905,0.37081929629629634,0.6883391666666667,0.8944391851851851,0.014545454545454545,0.8763636363636363,0.5236198888888888,False
gfs__ws80__mean,kpx_group_1,8.5,270,0.6758351956447188,0.41829328240740743,0.7077573148148149,0.8933678518518517,0.011111111111111112,0.9148148148148149,0.4750745694444443,False
gfs__ws80__mean,kpx_group_1,9.0,217,0.6867500605905444,0.47741812962962965,0.7024006018518518,0.8885467777777778,0.018433179723502304,0.9400921658986175,0.41112864814814815,False
gfs__ws80__mean,kpx_group_1,9.5,172,0.6657988902347114,0.4393853981481482,0.6796344907407408,0.8949078888888888,0.029069767441860465,0.9186046511627907,0.45552249074074064,False
gfs__ws80__mean,kpx_group_1,10.0,144,0.7079944566615226,0.5638622916666667,0.7027353935185185,0.8861362592592593,0.006944444444444444,0.9722222222222222,0.32227396759259264,False
gfs__ws80__mean,kpx_group_1,10.5,118,0.7086538814344006,0.511634199074074,0.7121096296296296,0.895175736111111,0.00847457627118644,0.9661016949152542,0.383541537037037,False
gfs__ws80__mean,kpx_group_1,11.0,73,0.6921090690005074,0.5438415092592592,0.7003918055555556,0.8479696018518518,0.0,0.9726027397260274,0.30412809259259255,False
gfs__ws80__mean,kpx_group_1,11.5,80,0.6553199953703703,0.4962336203703704,0.6662426851851853,0.8584151944444446,0.0,0.95,0.3621815740740742,False
gfs__ws80__mean,kpx_group_1,12.0,47,0.729739828605201,0.567277212962963,0.729184212962963,0.8993941666666667,0.0,0.9787234042553191,0.33211695370370375,False
gfs__ws80__mean,kpx_group_1,12.5,51,0.7184313707334786,0.5028625925925926,0.7244970833333334,0.885868425925926,0.0,1.0,0.3830058333333334,False
gfs__ws80__mean,kpx_group_1,13.0,45,0.659308705761317,0.42385086111111114,0.6789649074074074,0.9085005740740741,0.022222222222222223,0.8888888888888888,0.484649712962963,False
gfs__ws80__mean,kpx_group_1,13.5,41,0.7305560557813912,0.4780877314814815,0.7385584722222222,0.9146608333333333,0.0,0.926829268292683,0.4365731018518518,False
gfs__ws80__mean,kpx_group_1,14.0,28,0.6569879861111111,0.3499950277777778,0.6823128472222222,0.9041482361111111,0.03571428571428571,0.8571428571428571,0.5541532083333333,False
gfs__ws80__mean,kpx_group_1,14.5,23,0.7087471457326892,0.48947076851851856,0.7358801388888889,0.8894842222222222,0.0,0.9565217391304348,0.40001345370370367,False
gfs__ws80__mean,kpx_group_1,15.0,18,0.7300026003086421,0.5277043981481482,0.7375540972222222,0.8918277916666667,0.0,1.0,0.3641233935185185,False
gfs__ws80__mean,kpx_group_1,15.5,13,0.6273549252136751,0.31363626851851856,0.6823128703703704,0.8588169537037038,0.0,0.8461538461538461,0.5451806851851853,False
gfs__ws80__mean,kpx_group_1,16.0,14,0.5335680853174604,0.1888245601851852,0.5731695833333332,0.8483043842592594,0.0,0.6428571428571429,0.6594798240740741,False
gfs__ws80__mean,kpx_group_1,16.5,9,0.5611913528806585,0.1794502962962963,0.605979537037037,0.8866719166666667,0.0,0.5555555555555556,0.7072216203703704,False
gfs__ws80__mean,kpx_group_1,17.0,5,0.5382169629629631,0.2066356851851852,0.5490643055555556,0.8542637500000001,0.0,0.6,0.6476280648148149,False
gfs__ws80__mean,kpx_group_1,17.5,10,0.782014912037037,0.5970070277777778,0.8530584722222222,0.8929660833333333,0.0,1.0,0.29595905555555546,False
gfs__ws80__mean,kpx_group_1,18.0,6,0.6353299305555555,0.38568421296296296,0.647159375,0.8731462037037037,0.0,0.8333333333333334,0.4874619907407407,False
gfs__ws80__mean,kpx_group_1,18.5,5,0.6537883055555556,0.5316549814814815,0.6421374074074074,0.7818140370370371,0.0,1.0,0.2501590555555556,False
gfs__ws80__mean,kpx_group_1,19.0,4,0.7306907754629629,0.570491212962963,0.7927953009259259,0.8412067175925926,0.0,1.0,0.27071550462962957,False
gfs__ws80__mean,kpx_group_1,19.5,2,0.708761712962963,0.6795675648148148,0.708761712962963,0.7379558611111111,0.0,1.0,0.05838829629629627,False
gfs__ws80__mean,kpx_group_2,0.0,10,0.016605847222222223,0.0,0.010043865740740742,0.041112847222222214,1.0,0.0,0.041112847222222214,False
gfs__ws80__mean,kpx_group_2,0.5,504,0.018818950341710758,0.0,0.0006695833333333333,0.05758481481481482,0.9484126984126984,0.0,0.05758481481481482,False
gfs__ws80__mean,kpx_group_2,1.0,2131,0.04268695246102508,0.0,0.00937425925925926,0.1185175462962963,0.8723603941811356,0.010793054903801032,0.1185175462962963,False
gfs__ws80__mean,kpx_group_2,1.5,3161,0.08442286011810608,0.0,0.030131574074074075,0.2410526388888889,0.7291996203732996,0.044289781714647265,0.2410526388888889,False
gfs__ws80__mean,kpx_group_2,2.0,3625,0.1479490541890166,0.0,0.06829824074074074,0.4305468055555555,0.5713103448275862,0.12,0.4305468055555555,True
gfs__ws80__mean,kpx_group_2,2.5,3257,0.2634381748996463,0.0006695833333333333,0.1801198611111111,0.6762865277777778,0.3887012588271415,0.2883021185139699,0.6756169444444444,True
gfs__ws80__mean,kpx_group_2,3.0,2873,0.3623480560550979,0.00468712962962963,0.30935087962962965,0.8075262962962962,0.3038635572572224,0.43508527671423597,0.8028391666666667,True
gfs__ws80__mean,kpx_group_2,3.5,2467,0.44382758593057986,0.014463138888888906,0.4492953240740741,0.8945731018518518,0.23469801378192137,0.5314146736927442,0.8801099629629628,True
gfs__ws80__mean,kpx_group_2,4.0,1839,0.4735757199716029,0.01941814814814815,0.49014037037037034,0.9087684074074075,0.19630233822729745,0.5638934203371397,0.8893502592592594,True
gfs__ws80__mean,kpx_group_2,4.5,1315,0.5010849752499648,0.05450468518518519,0.5229502777777778,0.9150625833333333,0.16197718631178706,0.5855513307984791,0.8605578981481482,True
gfs__ws80__mean,kpx_group_2,5.0,897,0.5052468232585986,0.07298537037037037,0.5229502777777778,0.8935017685185185,0.13377926421404682,0.6042363433667781,0.8205163981481481,True
gfs__ws80__mean,kpx_group_2,5.5,713,0.5577201719391202,0.08597543518518519,0.6320935648148148,0.9110450370370371,0.11360448807854137,0.6774193548387096,0.825069601851852,True
gfs__ws80__mean,kpx_group_2,6.0,547,0.5830384016351818,0.12320467592592593,0.6361111111111111,0.9137233888888889,0.08592321755027423,0.716636197440585,0.7905187129629629,False
gfs__ws80__mean,kpx_group_2,6.5,471,0.6181643756389086,0.22699125000000003,0.6776257407407408,0.9093040740740741,0.050955414012738856,0.7749469214437368,0.6823128240740741,False
gfs__ws80__mean,kpx_group_2,7.0,358,0.6542330771518725,0.28497777314814815,0.7080921064814816,0.9066926805555556,0.01675977653631285,0.8212290502793296,0.6217149074074075,False
gfs__ws80__mean,kpx_group_2,7.5,363,0.6936313468013467,0.38809472222222224,0.7479327314814814,0.8996619814814815,0.0027548209366391185,0.8898071625344353,0.5115672592592593,False
gfs__ws80__mean,kpx_group_2,8.0,275,0.6999364915824916,0.39746899074074077,0.7613245833333334,0.922695925925926,0.01090909090909091,0.8909090909090909,0.5252269351851853,False
gfs__ws80__mean,kpx_group_2,8.5,270,0.6985541604938271,0.40282572222222224,0.7465935648148148,0.9140582083333333,0.007407407407407408,0.9,0.511232486111111,False
gfs__ws80__mean,kpx_group_2,9.0,217,0.7228585846560847,0.5015234074074074,0.7492719444444444,0.9192140462962963,0.009216589861751152,0.9493087557603687,0.4176906388888889,False
gfs__ws80__mean,kpx_group_2,9.5,172,0.7066750656761412,0.47038743981481485,0.7449196064814815,0.9318023333333334,0.023255813953488372,0.9302325581395349,0.46141489351851855,False
gfs__ws80__mean,kpx_group_2,10.0,144,0.7498578211805557,0.47078919444444445,0.8045131481481482,0.9325388935185185,0.006944444444444444,0.9652777777777778,0.46174969907407404,False
gfs__ws80__mean,kpx_group_2,10.5,118,0.7401416635279346,0.44547865740740744,0.7968128703703703,0.9170713333333332,0.0,0.923728813559322,0.4715926759259258,False
gfs__ws80__mean,kpx_group_2,11.0,73,0.757719778665652,0.5619204629629629,0.7860993981481481,0.9299274722222223,0.0,0.9863013698630136,0.36800700925925933,False
gfs__ws80__mean,kpx_group_2,11.5,80,0.681852521412037,0.40162047222222225,0.7365496990740741,0.8922964768518519,0.0,0.9,0.4906760046296296,False
gfs__ws80__mean,kpx_group_2,12.0,47,0.7561245478723404,0.5289766111111112,0.8028391666666667,0.9038134444444444,0.0,0.9787234042553191,0.3748368333333333,False
gfs__ws80__mean,kpx_group_2,12.5,51,0.7716047494553374,0.5557602314814815,0.8115438425925927,0.9200175462962963,0.0,0.9803921568627451,0.3642573148148148,False
gfs__ws80__mean,kpx_group_2,13.0,45,0.7676484742798354,0.6353076111111111,0.8075262962962962,0.9354181388888889,0.0,0.9333333333333333,0.3001105277777778,False
gfs__ws80__mean,kpx_group_2,13.5,41,0.8232535286811201,0.6977134722222222,0.8677894907407407,0.922695925925926,0.0,0.975609756097561,0.22498245370370373,False
gfs__ws80__mean,kpx_group_2,14.0,28,0.7742620105820108,0.5617195972222223,0.8483713425925926,0.9311327638888889,0.0,0.9285714285714286,0.36941316666666657,False
gfs__ws80__mean,kpx_group_2,14.5,23,0.8090401731078906,0.7200777685185185,0.8443537962962964,0.9185444537037037,0.0,0.9565217391304348,0.1984666851851853,False
gfs__ws80__mean,kpx_group_2,15.0,18,0.8297716049382716,0.728782462962963,0.849040949074074,0.9244368240740741,0.0,1.0,0.19565436111111112,False
gfs__ws80__mean,kpx_group_2,15.5,13,0.7040488105413105,0.49014037037037045,0.7593157870370371,0.8580134537037037,0.0,0.9230769230769231,0.3678730833333333,False
gfs__ws80__mean,kpx_group_2,16.0,14,0.5994749371693121,0.09247047685185185,0.768020462962963,0.8712713611111111,0.14285714285714285,0.7142857142857143,0.7788008842592593,False
gfs__ws80__mean,kpx_group_2,16.5,9,0.6145354166666667,0.07901170370370371,0.8336403703703704,0.9110450277777777,0.2222222222222222,0.6666666666666666,0.832033324074074,False
gfs__ws80__mean,kpx_group_2,17.0,5,0.5554923888888889,0.22645555555555555,0.6079882870370371,0.8498444351851852,0.0,0.6,0.6233888796296296,False
gfs__ws80__mean,kpx_group_2,17.5,10,0.8622318703703705,0.7080251296296297,0.8764941435185185,0.9569789629629629,0.0,1.0,0.2489538333333332,False
gfs__ws80__mean,kpx_group_2,18.0,6,0.7240506944444444,0.4697178472222222,0.8302924074074074,0.8721418287037037,0.0,0.8333333333333334,0.4024239814814815,False
gfs__ws80__mean,kpx_group_2,18.5,5,0.7368175462962963,0.5537514722222222,0.7814122685185185,0.8955105277777777,0.0,1.0,0.3417590555555555,False
gfs__ws80__mean,kpx_group_2,19.0,4,0.6660752893518518,0.44387163888888886,0.7194751388888889,0.8455590601851852,0.0,0.75,0.40168742129629637,False
gfs__ws80__mean,kpx_group_2,19.5,2,0.7422412268518519,0.7194751342592592,0.7422412268518519,0.7650073194444446,0.0,1.0,0.045532185185185314,False
gfs__ws80__mean,kpx_group_3,0.0,6,0.0029844603174603176,0.0,0.0,0.008953380952380952,1.0,0.0,0.008953380952380952,False
gfs__ws80__mean,kpx_group_3,0.5,359,0.008383604456824513,0.0,0.0,0.025482714285714282,0.9777158774373259,0.0,0.025482714285714282,False
gfs__ws80__mean,kpx_group_3,1.0,1463,0.021349904436415712,0.0,0.0006887142857142857,0.06735697142857139,0.9419002050580998,0.002734107997265892,0.06735697142857139,False
gfs__ws80__mean,kpx_group_3,1.5,2148,0.05111322468298306,0.0,0.009642095238095238,0.14876390476190476,0.8417132216014898,0.016294227188081937,0.14876390476190476,False
gfs__ws80__mean,kpx_group_3,2.0,2392,0.09778928193183628,0.0,0.03856842857142857,0.2843043523809525,0.6718227424749164,0.044732441471571904,0.2843043523809525,False
gfs__ws80__mean,kpx_group_3,2.5,2211,0.19863627649630633,0.0,0.11914885714285715,0.5303158095238095,0.4654002713704206,0.1822704658525554,0.5303158095238095,True
gfs__ws80__mean,kpx_group_3,3.0,2001,0.2900530711311011,0.0006887142857142857,0.2141924761904762,0.716959380952381,0.3613193403298351,0.3213393303348326,0.7162706666666667,True
gfs__ws80__mean,kpx_group_3,3.5,1682,0.363793339759923,0.006267352380952397,0.3057924761904762,0.8098679857142858,0.2907253269916766,0.4227110582639715,0.8036006333333333,True
gfs__ws80__mean,kpx_group_3,4.0,1213,0.4007452449260001,0.006887238095238096,0.3602015238095238,0.8819771333333333,0.2539159109645507,0.4600164880461665,0.8750898952380952,True
gfs__ws80__mean,kpx_group_3,4.5,841,0.4169010786478682,0.036502238095238095,0.3471158095238095,0.9132450952380953,0.20332936979785968,0.46730083234244946,0.8767428571428572,True
gfs__ws80__mean,kpx_group_3,5.0,572,0.4264741205461205,0.04214979047619048,0.3719097619047619,0.8925145999999999,0.16958041958041958,0.4807692307692308,0.8503648095238094,True
gfs__ws80__mean,kpx_group_3,5.5,444,0.4886217498927499,0.02844421428571432,0.48038345238095237,0.9210965333333333,0.14864864864864866,0.5765765765765766,0.892652319047619,True
gfs__ws80__mean,kpx_group_3,6.0,371,0.5306777847516365,0.07575938095238095,0.5351368571428571,0.9084240476190476,0.11320754716981132,0.6442048517520216,0.8326646666666666,True
gfs__ws80__mean,kpx_group_3,6.5,291,0.5650974230076911,0.16391580952380952,0.6026315714285715,0.8953383333333333,0.07560137457044673,0.7285223367697594,0.7314225238095238,False
gfs__ws80__mean,kpx_group_3,7.0,229,0.5993293241838221,0.22590075238095236,0.6095188095238095,0.955808123809524,0.017467248908296942,0.74235807860262,0.7299073714285715,False
gfs__ws80__mean,kpx_group_3,7.5,249,0.637416180149168,0.3041395523809524,0.6522195714285715,0.9427224095238096,0.012048192771084338,0.8232931726907631,0.6385828571428571,False
gfs__ws80__mean,kpx_group_3,8.0,185,0.6640841773487773,0.31185322857142855,0.6942315714285714,0.9629708380952381,0.010810810810810811,0.8324324324324325,0.6511176095238096,False
gfs__ws80__mean,kpx_group_3,8.5,187,0.6305413842627959,0.3096493238095238,0.6480872380952382,0.9398297714285715,0.0053475935828877,0.8074866310160428,0.6301804476190477,False
gfs__ws80__mean,kpx_group_3,9.0,138,0.6466898095238095,0.33774918571428575,0.6808015000000001,0.8989885666666665,0.021739130434782608,0.8695652173913043,0.5612393809523808,False
gfs__ws80__mean,kpx_group_3,9.5,110,0.6095939303030303,0.38375578571428576,0.619849619047619,0.8477476666666669,0.0,0.8727272727272727,0.46399188095238114,False
gfs__ws80__mean,kpx_group_3,10.0,93,0.6393930307219663,0.3724607523809524,0.6618616666666667,0.906633380952381,0.0,0.8494623655913979,0.5341726285714286,False
gfs__ws80__mean,kpx_group_3,10.5,72,0.6268611917989418,0.26929022857142865,0.6535969761904761,0.9303254,0.027777777777777776,0.8194444444444444,0.6610351714285714,False
gfs__ws80__mean,kpx_group_3,11.0,46,0.6305697277432712,0.40083609523809527,0.6257037619047618,0.9297744285714286,0.021739130434782608,0.8913043478260869,0.5289383333333333,False
gfs__ws80__mean,kpx_group_3,11.5,46,0.5910131397515528,0.3460827142857143,0.6167503571428572,0.8543594047619048,0.021739130434782608,0.8260869565217391,0.5082766904761904,False
gfs__ws80__mean,kpx_group_3,12.0,35,0.6676272408163266,0.33912661904761904,0.7266015238095238,0.9272950476190478,0.05714285714285714,0.8571428571428571,0.5881684285714288,False
gfs__ws80__mean,kpx_group_3,12.5,29,0.6547844449917897,0.26997894285714286,0.7334887142857143,0.8975422476190477,0.0,0.8275862068965517,0.6275633047619048,False
gfs__ws80__mean,kpx_group_3,13.0,14,0.7611359829931973,0.5387870761904762,0.8615909761904761,0.9746102380952381,0.07142857142857142,0.9285714285714286,0.4358231619047619,False
gfs__ws80__mean,kpx_group_3,13.5,18,0.7429395132275132,0.4529034761904762,0.7679248095238096,0.9576676523809523,0.0,0.8888888888888888,0.5047641761904761,False
gfs__ws80__mean,kpx_group_3,14.0,16,0.6988804523809524,0.33368571428571425,0.8374857142857144,0.9783293333333334,0.0625,0.8125,0.6446436190476191,False
gfs__ws80__mean,kpx_group_3,14.5,16,0.8145857172619048,0.6942315714285714,0.8361082857142857,0.9173774523809524,0.0,1.0,0.22314588095238097,False
gfs__ws80__mean,kpx_group_3,15.0,12,0.7648255674603174,0.5876174476190476,0.7544947380952381,0.977227380952381,0.0,1.0,0.3896099333333335,False
gfs__ws80__mean,kpx_group_3,15.5,6,0.6759804603174603,0.5506330952380953,0.6732255714285714,0.8040827142857143,0.0,1.0,0.253449619047619,False
gfs__ws80__mean,kpx_group_3,16.0,7,0.5843312585034014,0.4870640666666667,0.540646619047619,0.7077305238095238,0.0,1.0,0.22066645714285715,False
gfs__ws80__mean,kpx_group_3,16.5,8,0.7492432380952381,0.5090342857142858,0.7658586428571429,0.9775028761904763,0.0,1.0,0.4684685904761905,False
gfs__ws80__mean,kpx_group_3,17.0,4,0.4431924880952381,0.11095308571428575,0.41116692857142856,0.8010523380952381,0.25,0.5,0.6900992523809524,False
gfs__ws80__mean,kpx_group_3,17.5,9,0.4488170423280423,0.13388750476190478,0.43940452380952383,0.8812884095238095,0.1111111111111111,0.5555555555555556,0.7474009047619047,False
gfs__ws80__mean,kpx_group_3,18.0,6,0.4520310793650794,0.036502261904761905,0.34401654761904765,0.9755744285714285,0.3333333333333333,0.5,0.9390721666666666,False
gfs__ws80__mean,kpx_group_3,18.5,5,0.3125419523809524,0.2557912857142857,0.27135638095238096,0.3916072095238095,0.0,0.2,0.1358159238095238,False
gfs__ws80__mean,kpx_group_3,19.0,4,0.09487142857142858,0.0,0.050621047619047614,0.22514316190476197,0.5,0.0,0.22514316190476197,False
ldaps__ws50_mid__mean,kpx_group_1,0.0,31,0.014212598566308243,0.0,0.0006695833333333333,0.03883625,0.9354838709677419,0.0,0.03883625,False
ldaps__ws50_mid__mean,kpx_group_1,0.5,245,0.027196311602418748,0.0,0.0006695833333333333,0.0899929722222222,0.9061224489795918,0.0,0.0899929722222222,False
ldaps__ws50_mid__mean,kpx_group_1,1.0,505,0.03212576503483682,0.0,0.0026783796296296295,0.09160000000000004,0.906930693069307,0.011881188118811881,0.09160000000000004,False
ldaps__ws50_mid__mean,kpx_group_1,1.5,749,0.03850816644414775,0.0,0.004017546296296296,0.1253473888888889,0.87716955941255,0.006675567423230975,0.1253473888888889,False
ldaps__ws50_mid__mean,kpx_group_1,2.0,945,0.04284529840290026,0.0,0.006695925925925926,0.1272222222222222,0.8656084656084656,0.008465608465608466,0.1272222222222222,False
ldaps__ws50_mid__mean,kpx_group_1,2.5,1141,0.051918215016067776,0.0,0.010713472222222221,0.14262282407407406,0.8343558282208589,0.015775635407537247,0.14262282407407406,False
ldaps__ws50_mid__mean,kpx_group_1,3.0,1173,0.05404389836127688,0.0,0.014730972222222223,0.16204092592592592,0.8218243819266837,0.014492753623188406,0.16204092592592592,False
ldaps__ws50_mid__mean,kpx_group_1,3.5,1349,0.07438412325316421,0.0,0.01941814814814815,0.23248187962962968,0.7694588584136397,0.0340993328391401,0.23248187962962968,False
ldaps__ws50_mid__mean,kpx_group_1,4.0,1441,0.0924746030277328,0.0,0.03414912037037037,0.2618099537037037,0.7022900763358778,0.04996530187369882,0.2618099537037037,False
ldaps__ws50_mid__mean,kpx_group_1,4.5,1494,0.12036765745079084,0.0,0.05691518518518518,0.3426295416666667,0.6224899598393574,0.07362784471218206,0.3426295416666667,False
ldaps__ws50_mid__mean,kpx_group_1,5.0,1425,0.1570187700454841,0.0006695833333333333,0.08235962962962963,0.4265292407407412,0.5417543859649123,0.1143859649122807,0.4258596574074079,True
ldaps__ws50_mid__mean,kpx_group_1,5.5,1361,0.20369577070917355,0.003347962962962963,0.13659648148148149,0.5108976388888888,0.42836149889786923,0.1734019103600294,0.5075496759259259,True
ldaps__ws50_mid__mean,kpx_group_1,6.0,1263,0.2288223967772206,0.007365509259259259,0.14864912037037037,0.5842848055555555,0.3586698337292161,0.2058590657165479,0.5769192962962962,True
ldaps__ws50_mid__mean,kpx_group_1,6.5,1188,0.28760270778775404,0.02390440277777778,0.22966958333333332,0.655194435185185,0.2676767676767677,0.29545454545454547,0.6312900324074072,True
ldaps__ws50_mid__mean,kpx_group_1,7.0,1182,0.3060601393197343,0.02477486111111111,0.248418125,0.682714615740741,0.2571912013536379,0.3164128595600677,0.6579397546296298,True
ldaps__ws50_mid__mean,kpx_group_1,7.5,1095,0.359118278200575,0.03039940740740741,0.30131578703703704,0.7751181388888888,0.1917808219178082,0.3963470319634703,0.7447187314814814,True
ldaps__ws50_mid__mean,kpx_group_1,8.0,1037,0.42210232271688275,0.06106667592592594,0.4030935648148148,0.8257391944444444,0.1523625843780135,0.502410800385728,0.7646725185185185,True
ldaps__ws50_mid__mean,kpx_group_1,8.5,985,0.45829298763865384,0.0804847962962963,0.4425993981481482,0.8851988240740741,0.11979695431472082,0.5461928934010152,0.8047140277777778,True
ldaps__ws50_mid__mean,kpx_group_1,9.0,889,0.4908061751656043,0.12923097222222224,0.48143569444444445,0.8886807222222223,0.07874015748031496,0.5916760404949382,0.75944975,False
ldaps__ws50_mid__mean,kpx_group_1,9.5,835,0.49813374013084943,0.1328467685185185,0.5055409259259259,0.8732801203703704,0.07784431137724551,0.6287425149700598,0.7404333518518519,False
ldaps__ws50_mid__mean,kpx_group_1,10.0,727,0.551851371885985,0.15266666666666667,0.581204675925926,0.931802324074074,0.07290233837689133,0.6932599724896836,0.7791356574074073,False
ldaps__ws50_mid__mean,kpx_group_1,10.5,654,0.5666948330784912,0.21085410648148148,0.6049751620370369,0.9059561435185188,0.04434250764525994,0.7324159021406728,0.6951020370370373,False
ldaps__ws50_mid__mean,kpx_group_1,11.0,563,0.5885773109499375,0.2510964814814815,0.6079882870370371,0.8961801018518519,0.028419182948490232,0.7815275310834814,0.6450836203703705,False
ldaps__ws50_mid__mean,kpx_group_1,11.5,521,0.601589281118931,0.29729824074074074,0.6347719444444445,0.8764941666666667,0.02495201535508637,0.817658349328215,0.579195925925926,False
ldaps__ws50_mid__mean,kpx_group_1,12.0,492,0.6352591534929238,0.3622485185185185,0.6545248379629629,0.8803777916666667,0.016260162601626018,0.8719512195121951,0.5181292731481482,False
ldaps__ws50_mid__mean,kpx_group_1,12.5,385,0.6461480144300145,0.35769532407407406,0.6622251388888889,0.8992602314814816,0.012987012987012988,0.8779220779220779,0.5415649074074076,False
ldaps__ws50_mid__mean,kpx_group_1,13.0,376,0.68166642607368,0.4178245601851852,0.7000570138888889,0.9159999999999999,0.015957446808510637,0.9069148936170213,0.4981754398148147,False
ldaps__ws50_mid__mean,kpx_group_1,13.5,362,0.694811275450174,0.4668385925925926,0.7027353935185185,0.9247046759259259,0.0027624309392265192,0.9419889502762431,0.4578660833333333,False
ldaps__ws50_mid__mean,kpx_group_1,14.0,269,0.7108613236610216,0.5050052592592592,0.731192962962963,0.9217584722222223,0.01858736059479554,0.9553903345724907,0.4167532129629631,False
ldaps__ws50_mid__mean,kpx_group_1,14.5,261,0.7063642541152263,0.4908099537037037,0.7218187037037037,0.9119824537037037,0.01532567049808429,0.9578544061302682,0.42117249999999995,False
ldaps__ws50_mid__mean,kpx_group_1,15.0,224,0.7078260621279763,0.4871941342592593,0.731192962962963,0.9028760277777778,0.013392857142857142,0.9375,0.4156818935185185,False
ldaps__ws50_mid__mean,kpx_group_1,15.5,188,0.7120348529846335,0.49221608796296296,0.7419064351851852,0.9220932685185186,0.010638297872340425,0.9361702127659575,0.4298771805555556,False
ldaps__ws50_mid__mean,kpx_group_1,16.0,178,0.7202312572825633,0.5058087592592593,0.7305233796296297,0.9020725277777778,0.011235955056179775,0.9606741573033708,0.3962637685185185,False
ldaps__ws50_mid__mean,kpx_group_1,16.5,146,0.7349812132166412,0.5661388888888889,0.7727075925925926,0.9022734027777777,0.02054794520547945,0.958904109589041,0.3361345138888888,False
ldaps__ws50_mid__mean,kpx_group_1,17.0,103,0.7565789163070837,0.5500017685185186,0.7780643055555555,0.9323380092592592,0.009708737864077669,0.9611650485436893,0.3823362407407407,False
ldaps__ws50_mid__mean,kpx_group_1,17.5,84,0.7707147745811286,0.5897754490740741,0.8078611111111111,0.9444576018518518,0.011904761904761904,0.9761904761904762,0.3546821527777777,False
ldaps__ws50_mid__mean,kpx_group_1,18.0,74,0.7464035485485485,0.4835783472222222,0.7817470833333333,0.9253073194444443,0.0,0.918918918918919,0.4417289722222221,False
ldaps__ws50_mid__mean,kpx_group_1,18.5,73,0.7392922748604769,0.5000502777777778,0.7814122685185185,0.9253742777777777,0.0,0.9315068493150684,0.4253239999999999,False
ldaps__ws50_mid__mean,kpx_group_1,19.0,48,0.7579347569444445,0.5175935648148149,0.8081959027777776,0.9245707731481481,0.020833333333333332,0.9583333333333334,0.4069772083333332,False
ldaps__ws50_mid__mean,kpx_group_1,19.5,39,0.7489113829534663,0.41568186111111116,0.7934649074074074,0.9268473888888887,0.0,0.9487179487179487,0.5111655277777776,False
ldaps__ws50_mid__mean,kpx_group_1,20.0,32,0.7458612008101853,0.5102950462962963,0.825270462962963,0.9231646296296295,0.0,0.90625,0.41286958333333323,False
ldaps__ws50_mid__mean,kpx_group_1,20.5,19,0.6648682651072124,0.39211225925925924,0.7178011574074074,0.8901538055555556,0.05263157894736842,0.8947368421052632,0.4980415462962963,False
ldaps__ws50_mid__mean,kpx_group_1,21.0,9,0.6925799228395061,0.4127356574074074,0.7332017592592592,0.9205532314814814,0.0,0.8888888888888888,0.507817574074074,False
ldaps__ws50_mid__mean,kpx_group_1,21.5,20,0.6926580370370372,0.43469825925925926,0.7167967824074074,0.9040143101851852,0.0,0.95,0.46931605092592593,False
ldaps__ws50_mid__mean,kpx_group_1,22.0,3,0.6320935648148148,0.31390410185185186,0.843684212962963,0.8656467685185185,0.0,0.6666666666666666,0.5517426666666667,False
ldaps__ws50_mid__mean,kpx_group_1,22.5,6,0.5241778703703703,0.1667280787037037,0.5681476388888889,0.8376578935185186,0.0,0.5,0.6709298148148148,False
ldaps__ws50_mid__mean,kpx_group_1,23.0,2,0.8671198842592591,0.8119456064814814,0.8671198842592591,0.922294162037037,0.0,1.0,0.11034855555555556,False
ldaps__ws50_mid__mean,kpx_group_1,23.5,1,0.8758245833333334,0.8758245833333334,0.8758245833333334,0.8758245833333334,0.0,1.0,0.0,False
ldaps__ws50_mid__mean,kpx_group_1,24.0,2,0.5530818518518519,0.3597040740740741,0.5530818518518519,0.7464596296296296,0.0,0.5,0.3867555555555555,False
ldaps__ws50_mid__mean,kpx_group_1,24.5,2,0.768020462962963,0.7498076111111112,0.768020462962963,0.7862333148148148,0.0,1.0,0.03642570370370368,False
ldaps__ws50_mid__mean,kpx_group_1,25.0,1,0.36827486111111113,0.36827486111111113,0.36827486111111113,0.36827486111111113,0.0,0.0,0.0,False
ldaps__ws50_mid__mean,kpx_group_1,25.5,2,0.39840643518518515,0.3362684351851852,0.39840643518518515,0.4605444351851852,0.0,0.5,0.124276,False
ldaps__ws50_mid__mean,kpx_group_1,26.0,1,0.6722690277777778,0.6722690277777778,0.6722690277777778,0.6722690277777778,0.0,1.0,0.0,False
ldaps__ws50_mid__mean,kpx_group_2,0.0,31,0.013197416367980882,0.0,0.0,0.042184212962962965,0.9354838709677419,0.0,0.042184212962962965,False
ldaps__ws50_mid__mean,kpx_group_2,0.5,245,0.027600798185941047,0.0,0.0006695833333333333,0.09026080555555555,0.9061224489795918,0.004081632653061225,0.09026080555555555,False
ldaps__ws50_mid__mean,kpx_group_2,1.0,505,0.034533638888888885,0.0,0.0026783796296296295,0.08985905555555558,0.9108910891089109,0.015841584158415842,0.08985905555555558,False
ldaps__ws50_mid__mean,kpx_group_2,1.5,749,0.03942896497799535,0.0,0.004017546296296296,0.12628480555555566,0.8811748998664887,0.010680907877169559,0.12628480555555566,False
ldaps__ws50_mid__mean,kpx_group_2,2.0,945,0.04286938874191652,0.0,0.005356712962962963,0.12561522222222224,0.8698412698412699,0.010582010582010581,0.12561522222222224,False
ldaps__ws50_mid__mean,kpx_group_2,2.5,1141,0.05380433647385335,0.0,0.010043842592592592,0.14128361111111112,0.8413672217353199,0.02366345311130587,0.14128361111111112,False
ldaps__ws50_mid__mean,kpx_group_2,3.0,1173,0.05347420431940892,0.0,0.012052638888888889,0.15641637962962956,0.8303495311167945,0.017050298380221655,0.15641637962962956,False
ldaps__ws50_mid__mean,kpx_group_2,3.5,1349,0.07476135786453614,0.0,0.01874851851851852,0.23100874999999998,0.7679762787249814,0.03261675315048184,0.23100874999999998,False
ldaps__ws50_mid__mean,kpx_group_2,4.0,1441,0.09071071214691445,0.0,0.03280995370370371,0.26716666666666666,0.7154753643303262,0.054823039555863984,0.26716666666666666,False
ldaps__ws50_mid__mean,kpx_group_2,4.5,1494,0.12202953235782638,0.0,0.05356726851851852,0.3602397685185185,0.6318607764390897,0.08433734939759036,0.3602397685185185,False
ldaps__ws50_mid__mean,kpx_group_2,5.0,1425,0.15948756237816764,0.0006695833333333333,0.07633333333333334,0.46241927777777836,0.5536842105263158,0.12982456140350876,0.461749694444445,True
ldaps__ws50_mid__mean,kpx_group_2,5.5,1361,0.2114533795275805,0.003347962962962963,0.13458773148148148,0.5416988425925926,0.4276267450404115,0.1961792799412197,0.5383508796296297,True
ldaps__ws50_mid__mean,kpx_group_2,6.0,1264,0.2446771090819855,0.008704675925925925,0.15869296296296295,0.6305535231481482,0.37658227848101267,0.24604430379746836,0.6218488472222222,True
ldaps__ws50_mid__mean,kpx_group_2,6.5,1188,0.3142826269251153,0.02390440277777778,0.2460745601851852,0.7186716296296296,0.2786195286195286,0.35353535353535354,0.6947672268518518,True
ldaps__ws50_mid__mean,kpx_group_2,7.0,1182,0.33408834328194525,0.028859365740740748,0.2708494212962963,0.7479327314814814,0.2377326565143824,0.36209813874788493,0.7190733657407407,True
ldaps__ws50_mid__mean,kpx_group_2,7.5,1096,0.3905460737276966,0.0348187037037037,0.3438347916666667,0.8118786574074075,0.19525547445255476,0.4470802919708029,0.7770599537037038,True
ldaps__ws50_mid__mean,kpx_group_2,8.0,1037,0.456979794367656,0.06977135185185186,0.4399210648148148,0.8660485277777779,0.13114754098360656,0.5361620057859209,0.796277175925926,True
ldaps__ws50_mid__mean,kpx_group_2,8.5,985,0.4890445333709344,0.08691286111111113,0.49817541666666665,0.8695304074074074,0.11472081218274112,0.6020304568527919,0.7826175462962963,True
ldaps__ws50_mid__mean,kpx_group_2,9.0,889,0.5241659499333416,0.13914094444444444,0.5329941666666667,0.8953766018518519,0.07424071991001124,0.6434195725534309,0.7562356574074074,False
ldaps__ws50_mid__mean,kpx_group_2,9.5,834,0.5388695297650768,0.13606082870370373,0.569152037037037,0.8948409351851851,0.07194244604316546,0.6894484412470024,0.7587801064814814,False
ldaps__ws50_mid__mean,kpx_group_2,10.0,726,0.5992633352464034,0.1657237037037037,0.647159375,0.9350833333333333,0.06336088154269973,0.7575757575757576,0.7693596296296296,False
ldaps__ws50_mid__mean,kpx_group_2,10.5,654,0.6151920354088798,0.2358968009259259,0.6695906481481482,0.9149286666666666,0.0382262996941896,0.7920489296636085,0.6790318657407407,False
ldaps__ws50_mid__mean,kpx_group_2,11.0,564,0.6372069130056475,0.2677693194444445,0.6823128703703704,0.9153304166666666,0.024822695035460994,0.8102836879432624,0.6475610972222221,False
ldaps__ws50_mid__mean,kpx_group_2,11.5,521,0.654764544501315,0.33814328703703705,0.6809737037037037,0.9153304166666666,0.015355086372360844,0.8560460652591171,0.5771871296296296,False
ldaps__ws50_mid__mean,kpx_group_2,12.0,492,0.6976930358890394,0.4286049675925926,0.7459239814814815,0.9176739583333334,0.01016260162601626,0.9065040650406504,0.48906899074074084,False
ldaps__ws50_mid__mean,kpx_group_2,12.5,385,0.7031867018999518,0.41983333333333334,0.7526198611111111,0.9249725092592592,0.01038961038961039,0.9064935064935065,0.5051391759259258,False
ldaps__ws50_mid__mean,kpx_group_2,13.0,376,0.7270026982368006,0.4225116898148148,0.7666812962962962,0.9253742592592592,0.005319148936170213,0.9122340425531915,0.5028625694444444,False
ldaps__ws50_mid__mean,kpx_group_2,13.5,362,0.7318070820544301,0.45224153703703707,0.7917909490740742,0.9314006018518519,0.0,0.9392265193370166,0.47915906481481485,False
ldaps__ws50_mid__mean,kpx_group_2,14.0,269,0.7506310248864105,0.5246912314814814,0.7881081944444444,0.9368912314814815,0.01486988847583643,0.9330855018587361,0.4122,False
ldaps__ws50_mid__mean,kpx_group_2,14.5,261,0.7505136233503619,0.4921491203703704,0.7974824537037036,0.9334093518518518,0.0038314176245210726,0.9272030651340997,0.4412602314814814,False
ldaps__ws50_mid__mean,kpx_group_2,15.0,224,0.760451703042328,0.5487295277777777,0.8162309953703704,0.9281865416666667,0.013392857142857142,0.9419642857142857,0.37945701388888897,False
ldaps__ws50_mid__mean,kpx_group_2,15.5,188,0.7607475723995273,0.5280391898148148,0.8142222222222222,0.9222271851851852,0.010638297872340425,0.9521276595744681,0.3941879953703704,False
ldaps__ws50_mid__mean,kpx_group_2,16.0,178,0.7618700156054931,0.5159195787037036,0.8182397685185185,0.9186783796296297,0.011235955056179775,0.9438202247191011,0.4027588009259261,False
ldaps__ws50_mid__mean,kpx_group_2,16.5,146,0.7796740937341452,0.5765175462962964,0.8426798148148148,0.9273830324074074,0.02054794520547945,0.9452054794520548,0.350865486111111,False
ldaps__ws50_mid__mean,kpx_group_2,17.0,103,0.8015195019777058,0.5771871296296296,0.8410058333333332,0.9363555555555555,0.0,0.9902912621359223,0.3591684259259259,False
ldaps__ws50_mid__mean,kpx_group_2,17.5,84,0.8042182225529101,0.6213801111111111,0.8473669675925926,0.9419801111111111,0.011904761904761904,0.9642857142857143,0.3206,False
ldaps__ws50_mid__mean,kpx_group_2,18.0,74,0.7881805743243244,0.5983462083333333,0.8564064351851852,0.9403731111111112,0.0,0.918918918918919,0.3420269027777779,False
ldaps__ws50_mid__mean,kpx_group_2,18.5,73,0.776523354261796,0.45987487037037045,0.8423450462962963,0.9150625833333332,0.0136986301369863,0.9041095890410958,0.4551877129629628,False
ldaps__ws50_mid__mean,kpx_group_2,19.0,48,0.7873269955632716,0.58395,0.8222572916666666,0.9215576157407408,0.0,0.9583333333333334,0.33760761574074083,False
ldaps__ws50_mid__mean,kpx_group_2,19.5,39,0.7882627089268754,0.5849544074074075,0.828283611111111,0.9543005925925927,0.02564102564102564,0.9743589743589743,0.36934618518518525,False
ldaps__ws50_mid__mean,kpx_group_2,20.0,32,0.8016046238425927,0.6944324537037038,0.8289532175925926,0.9184105416666668,0.03125,0.96875,0.22397808796296304,False
ldaps__ws50_mid__mean,kpx_group_2,20.5,19,0.794909817251462,0.7172654907407408,0.8577456018518519,0.9085005925925926,0.0,0.9473684210526315,0.19123510185185189,False
ldaps__ws50_mid__mean,kpx_group_2,21.0,9,0.7726332098765432,0.6409321666666666,0.8497105092592593,0.8856005833333334,0.0,0.8888888888888888,0.24466841666666672,False
ldaps__ws50_mid__mean,kpx_group_2,21.5,20,0.7645051157407408,0.6099970694444444,0.8021695833333333,0.9218923796296297,0.05,0.95,0.31189531018518524,False
ldaps__ws50_mid__mean,kpx_group_2,22.0,3,0.6329863580246914,0.33519707407407406,0.8108742592592592,0.8596204814814814,0.0,0.6666666666666666,0.5244234074074073,False
ldaps__ws50_mid__mean,kpx_group_2,22.5,6,0.5767407407407407,0.15902777777777777,0.6715994212962964,0.8995950231481481,0.0,0.6666666666666666,0.7405672453703703,False
ldaps__ws50_mid__mean,kpx_group_2,23.0,2,0.7727076157407408,0.7137836342592593,0.7727076157407408,0.8316315972222222,0.0,1.0,0.11784796296296296,False
ldaps__ws50_mid__mean,kpx_group_2,23.5,1,0.9581842129629629,0.9581842129629629,0.9581842129629629,0.9581842129629629,0.0,1.0,0.0,False
ldaps__ws50_mid__mean,kpx_group_2,24.0,2,0.6555292361111111,0.6362450324074074,0.6555292361111111,0.6748134398148148,0.0,1.0,0.03856840740740741,False
ldaps__ws50_mid__mean,kpx_group_2,24.5,2,0.7780643287037037,0.7721719398148149,0.7780643287037037,0.7839567175925926,0.0,1.0,0.011784777777777644,False
ldaps__ws50_mid__mean,kpx_group_2,25.0,1,0.45063449074074075,0.45063449074074075,0.45063449074074075,0.45063449074074075,0.0,1.0,0.0,False
ldaps__ws50_mid__mean,kpx_group_2,25.5,2,0.33144736111111106,0.32234091666666664,0.33144736111111106,0.34055380555555553,0.0,0.0,0.01821288888888889,False
ldaps__ws50_mid__mean,kpx_group_2,26.0,1,0.7137836111111111,0.7137836111111111,0.7137836111111111,0.7137836111111111,0.0,1.0,0.0,False
ldaps__ws50_mid__mean,kpx_group_3,0.0,24,0.00585413492063492,0.0,0.0,0.015909461904761897,1.0,0.0,0.015909461904761897,False
ldaps__ws50_mid__mean,kpx_group_3,0.5,176,0.014232278138528141,0.0,0.0,0.04786616666666667,0.9659090909090909,0.0,0.04786616666666667,False
ldaps__ws50_mid__mean,kpx_group_3,1.0,339,0.015942181626632954,0.0,0.0,0.042838504761904754,0.9587020648967551,0.0058997050147492625,0.042838504761904754,False
ldaps__ws50_mid__mean,kpx_group_3,1.5,532,0.0224145283745077,0.0,0.0,0.07569050952380954,0.9379699248120301,0.0018796992481203006,0.07569050952380954,False
ldaps__ws50_mid__mean,kpx_group_3,2.0,672,0.026529112103174605,0.0,0.0006887142857142857,0.08126919047619048,0.9211309523809523,0.004464285714285714,0.08126919047619048,False
ldaps__ws50_mid__mean,kpx_group_3,2.5,799,0.033150015912748076,0.0,0.0006887142857142857,0.09380389523809528,0.9061326658322904,0.012515644555694618,0.09380389523809528,False
ldaps__ws50_mid__mean,kpx_group_3,3.0,848,0.03153419861859838,0.0,0.002754904761904762,0.0916,0.9091981132075472,0.007075471698113208,0.0916,False
ldaps__ws50_mid__mean,kpx_group_3,3.5,921,0.046273729021250196,0.0,0.0055097619047619045,0.13705561904761906,0.8675352877307275,0.01737242128121607,0.13705561904761906,False
ldaps__ws50_mid__mean,kpx_group_3,4.0,977,0.059240648194180436,0.0,0.016529333333333333,0.17562404761904762,0.7860798362333674,0.016376663254861822,0.17562404761904762,False
ldaps__ws50_mid__mean,kpx_group_3,4.5,970,0.08248189062346589,0.0,0.02823757142857143,0.230790680952381,0.7288659793814433,0.03917525773195876,0.230790680952381,False
ldaps__ws50_mid__mean,kpx_group_3,5.0,981,0.11338284432794524,0.0,0.04889923809523809,0.3223218095238095,0.6462793068297655,0.0672782874617737,0.3223218095238095,False
ldaps__ws50_mid__mean,kpx_group_3,5.5,928,0.1503699376026273,0.0006887142857142857,0.08333533333333333,0.40400422857142865,0.552801724137931,0.10129310344827586,0.4033155142857144,True
ldaps__ws50_mid__mean,kpx_group_3,6.0,806,0.18360930207964082,0.0013774285714285713,0.10916240476190475,0.4900255714285714,0.4851116625310174,0.1501240694789082,0.4886481428571428,True
ldaps__ws50_mid__mean,kpx_group_3,6.5,781,0.23845471300530457,0.011019571428571429,0.17011428571428572,0.5730165238095238,0.36363636363636365,0.2266325224071703,0.5619969523809524,True
ldaps__ws50_mid__mean,kpx_group_3,7.0,777,0.25776898283998284,0.015151857142857144,0.18664361904761906,0.6073148761904762,0.31402831402831405,0.25096525096525096,0.592163019047619,True
ldaps__ws50_mid__mean,kpx_group_3,7.5,745,0.2968021199744328,0.023692028571428575,0.2382977619047619,0.6819723142857143,0.2523489932885906,0.2953020134228188,0.6582802857142857,True
ldaps__ws50_mid__mean,kpx_group_3,8.0,713,0.3498870973752755,0.04972570476190476,0.2844420952380952,0.7613130952380954,0.1879382889200561,0.3702664796633941,0.7115873904761907,True
ldaps__ws50_mid__mean,kpx_group_3,8.5,683,0.42088666764275257,0.07810105714285714,0.3836180476190476,0.828532323809524,0.13469985358711567,0.48316251830161056,0.7504312666666668,True
ldaps__ws50_mid__mean,kpx_group_3,9.0,599,0.44714257071309327,0.10936901904761905,0.41529923809523805,0.8436842000000001,0.09515859766277128,0.5108514190317195,0.734315180952381,False
ldaps__ws50_mid__mean,kpx_group_3,9.5,564,0.46718417755825736,0.11136631904761907,0.44973533333333326,0.8618664714285714,0.09042553191489362,0.5656028368794326,0.7505001523809524,False
ldaps__ws50_mid__mean,kpx_group_3,10.0,464,0.5142777742200328,0.12686256666666668,0.5272165476190476,0.9067022476190476,0.07974137931034483,0.6314655172413793,0.7798396809523809,False
ldaps__ws50_mid__mean,kpx_group_3,10.5,414,0.5454809776857603,0.15916360000000002,0.5685398333333334,0.915104657142857,0.07004830917874397,0.6908212560386473,0.7559410571428571,False
ldaps__ws50_mid__mean,kpx_group_3,11.0,371,0.5662685526890002,0.19353080952380952,0.5978105238095238,0.9153112857142858,0.05121293800539083,0.6954177897574124,0.7217804761904763,False
ldaps__ws50_mid__mean,kpx_group_3,11.5,320,0.5952235151785714,0.2684637761904762,0.6095188095238095,0.876742857142857,0.034375,0.784375,0.6082790809523808,False
ldaps__ws50_mid__mean,kpx_group_3,12.0,299,0.6127389746774964,0.30675670476190475,0.6301804285714286,0.9044294571428572,0.020066889632107024,0.8160535117056856,0.5976727523809524,False
ldaps__ws50_mid__mean,kpx_group_3,12.5,239,0.6414046003187885,0.31295517142857143,0.6770135238095238,0.946303761904762,0.008368200836820083,0.8117154811715481,0.6333485904761905,False
ldaps__ws50_mid__mean,kpx_group_3,13.0,223,0.6791383788169977,0.38595968571428574,0.6942315714285714,0.9555326190476191,0.013452914798206279,0.8789237668161435,0.5695729333333334,False
ldaps__ws50_mid__mean,kpx_group_3,13.5,228,0.6532707548036759,0.3426390904761905,0.6646165476190476,0.9519512809523809,0.0043859649122807015,0.8508771929824561,0.6093121904761905,False
ldaps__ws50_mid__mean,kpx_group_3,14.0,190,0.6876995942355889,0.39009205238095246,0.7338330714285715,0.9612490095238094,0.010526315789473684,0.8789473684210526,0.571156957142857,False
ldaps__ws50_mid__mean,kpx_group_3,14.5,156,0.7079353778998779,0.4373383571428572,0.7389985,0.9631774523809524,0.00641025641025641,0.9102564102564102,0.5258390952380952,False
ldaps__ws50_mid__mean,kpx_group_3,15.0,120,0.7064850869047619,0.3927780380952381,0.7476075238095239,0.9478878095238096,0.008333333333333333,0.8833333333333333,0.5551097714285715,False
ldaps__ws50_mid__mean,kpx_group_3,15.5,117,0.6839713874643873,0.31543457142857145,0.7424420952380952,0.9531909904761906,0.0,0.8376068376068376,0.6377564190476191,False
ldaps__ws50_mid__mean,kpx_group_3,16.0,103,0.6735498645399908,0.3775572952380952,0.7128270476190476,0.9224740000000001,0.019417475728155338,0.883495145631068,0.5449167047619049,False
ldaps__ws50_mid__mean,kpx_group_3,16.5,88,0.7052667813852813,0.4079987904761905,0.7434751904761905,0.9668276523809524,0.011363636363636364,0.9090909090909091,0.5588288619047619,False
ldaps__ws50_mid__mean,kpx_group_3,17.0,70,0.7148833931972789,0.4239082904761905,0.7699909761904762,0.9478878095238096,0.04285714285714286,0.9,0.5239795190476191,False
ldaps__ws50_mid__mean,kpx_group_3,17.5,56,0.7068991394557822,0.3653669285714286,0.7400315714285715,0.9848721904761905,0.03571428571428571,0.875,0.6195052619047619,False
ldaps__ws50_mid__mean,kpx_group_3,18.0,52,0.7610508369963369,0.570055019047619,0.7689578809523809,0.9746791142857142,0.019230769230769232,0.9230769230769231,0.40462409523809517,False
ldaps__ws50_mid__mean,kpx_group_3,18.5,58,0.7047167758620689,0.3736315666666667,0.7737789285714286,0.9625576095238094,0.017241379310344827,0.896551724137931,0.5889260428571428,False
ldaps__ws50_mid__mean,kpx_group_3,19.0,37,0.7838026435006433,0.5114448285714286,0.8512601428571428,0.9756432952380952,0.0,0.9459459459459459,0.46419846666666664,False
ldaps__ws50_mid__mean,kpx_group_3,19.5,24,0.7179637837301588,0.3040706666666667,0.8078706904761905,0.972612919047619,0.041666666666666664,0.8333333333333334,0.6685422523809523,False
ldaps__ws50_mid__mean,kpx_group_3,20.0,22,0.8127230303030302,0.6256348666666667,0.8750210714285713,0.9654502380952382,0.0,0.9545454545454546,0.33981537142857154,False
ldaps__ws50_mid__mean,kpx_group_3,20.5,13,0.5884862930402931,0.13333652380952382,0.745197,0.9210965523809526,0.07692307692307693,0.7692307692307693,0.7877600285714288,False
ldaps__ws50_mid__mean,kpx_group_3,21.0,7,0.5524532721088435,0.07314225714285714,0.5378917142857144,0.9614556476190477,0.14285714285714285,0.7142857142857143,0.8883133904761905,False
ldaps__ws50_mid__mean,kpx_group_3,21.5,15,0.6405571968253968,0.31722526666666667,0.6563518571428572,0.892307980952381,0.0,0.8,0.5750827142857142,False
ldaps__ws50_mid__mean,kpx_group_3,22.0,3,0.7915709365079365,0.6117227142857142,0.8629684285714285,0.9428601619047619,0.0,1.0,0.3311374476190476,False
ldaps__ws50_mid__mean,kpx_group_3,22.5,6,0.3015453650793651,0.1360225476190476,0.27480000000000004,0.4938135476190476,0.0,0.16666666666666666,0.35779099999999997,False
ldaps__ws50_mid__mean,kpx_group_3,23.0,2,0.708350380952381,0.5940225714285715,0.708350380952381,0.8226781904761904,0.0,1.0,0.22865561904761889,False
ldaps__ws50_mid__mean,kpx_group_3,23.5,1,0.21556990476190477,0.21556990476190477,0.21556990476190477,0.21556990476190477,0.0,0.0,0.0,False
ldaps__ws50_mid__mean,kpx_group_3,24.0,2,0.0024105238095238095,0.0004821047619047619,0.0024105238095238095,0.004338942857142857,1.0,0.0,0.0038568380952380948,False
ldaps__ws50_mid__mean,kpx_group_3,25.0,1,0.0,0.0,0.0,0.0,1.0,0.0,0.0,False
ldaps__ws50_mid__mean,kpx_group_3,25.5,2,0.0,0.0,0.0,0.0,1.0,0.0,0.0,False
ldaps__ws10__mean,kpx_group_1,0.0,13,0.0057687784900284905,0.0,0.0,0.0006695833333333333,1.0,0.0,0.0006695833333333333,False
ldaps__ws10__mean,kpx_group_1,0.5,191,0.03436998182082606,0.0,0.0013391666666666667,0.11449999999999999,0.8638743455497382,0.010471204188481676,0.11449999999999999,False
ldaps__ws10__mean,kpx_group_1,1.0,736,0.03889812110004026,0.0,0.0026783796296296295,0.11918712962962963,0.8831521739130435,0.009510869565217392,0.11918712962962963,False
ldaps__ws10__mean,kpx_group_1,1.5,1307,0.04050690324888776,0.0,0.00468712962962963,0.11811579629629636,0.8768171384850804,0.015302218821729151,0.11811579629629636,False
ldaps__ws10__mean,kpx_group_1,2.0,1991,0.049037845327120196,0.0,0.008035092592592592,0.14396199074074076,0.8493219487694625,0.015067805123053743,0.14396199074074076,False
ldaps__ws10__mean,kpx_group_1,2.5,2487,0.0688081780071185,0.0,0.02209648148148148,0.20355555555555557,0.7776437474869321,0.02734217933252915,0.20355555555555557,False
ldaps__ws10__mean,kpx_group_1,3.0,2633,0.10873714561266545,0.0,0.05155847222222222,0.28993273148148146,0.6509684770224079,0.057349031522977593,0.28993273148148146,False
ldaps__ws10__mean,kpx_group_1,3.5,2311,0.17502884976441174,0.00200875,0.10914328703703703,0.4486257407407408,0.475118996105582,0.13284292514063176,0.4466169907407408,True
ldaps__ws10__mean,kpx_group_1,4.0,2151,0.2503761593660141,0.012052638888888889,0.19083333333333333,0.5845526388888889,0.31613203161320313,0.23291492329149233,0.5725,True
ldaps__ws10__mean,kpx_group_1,4.5,1861,0.31119378062371894,0.024105277777777778,0.25578361111111114,0.6876695833333334,0.24825362708221385,0.3272434175174637,0.6635643055555556,True
ldaps__ws10__mean,kpx_group_1,5.0,1663,0.3833774852731565,0.043791222222222245,0.34617837962962966,0.7854298148148148,0.179795550210463,0.45039085989176186,0.7416385925925926,True
ldaps__ws10__mean,kpx_group_1,5.5,1529,0.4653116317552019,0.08758247222222222,0.4626871296296296,0.8657806944444445,0.11249182472204054,0.5591890124264225,0.7781982222222222,True
ldaps__ws10__mean,kpx_group_1,6.0,1345,0.5132215634379733,0.14155144444444445,0.5055409259259259,0.9063579074074075,0.06840148698884758,0.6267657992565056,0.7648064629629631,False
ldaps__ws10__mean,kpx_group_1,6.5,1134,0.5402149843637729,0.1528675416666667,0.5708260416666666,0.9139912499999999,0.06701940035273368,0.6922398589065256,0.7611237083333332,False
ldaps__ws10__mean,kpx_group_1,7.0,925,0.5764031705205206,0.24654326851851854,0.6019619907407407,0.8936356851851851,0.03567567567567568,0.7556756756756757,0.6470924166666665,False
ldaps__ws10__mean,kpx_group_1,7.5,759,0.6111809911921144,0.30921696296296297,0.6394590740740741,0.883323962962963,0.025032938076416336,0.8287220026350461,0.574107,False
ldaps__ws10__mean,kpx_group_1,8.0,691,0.6562007697512997,0.4004151851851852,0.6722690277777778,0.9039473611111111,0.01447178002894356,0.9001447178002895,0.5035321759259259,False
ldaps__ws10__mean,kpx_group_1,8.5,509,0.6819208453394456,0.42452045370370367,0.6910175462962963,0.9121163796296295,0.011787819253438114,0.9155206286836935,0.4875959259259259,False
ldaps__ws10__mean,kpx_group_1,9.0,514,0.710186856265312,0.48585495833333336,0.729184212962963,0.9247046759259259,0.011673151750972763,0.9455252918287937,0.4388497175925925,False
ldaps__ws10__mean,kpx_group_1,9.5,367,0.7040499307447774,0.5028625925925926,0.7238275000000001,0.9015368611111111,0.01634877384196185,0.9564032697547684,0.3986742685185185,False
ldaps__ws10__mean,kpx_group_1,10.0,294,0.7202198943373646,0.5173257314814815,0.7308581712962963,0.9182766157407408,0.01020408163265306,0.9455782312925171,0.4009508842592593,False
ldaps__ws10__mean,kpx_group_1,10.5,230,0.7291230736714975,0.4994476712962963,0.7650072916666666,0.908969287037037,0.017391304347826087,0.9565217391304348,0.40952161574074075,False
ldaps__ws10__mean,kpx_group_1,11.0,181,0.7591086221096786,0.5644649074074074,0.8028391666666667,0.9380964814814814,0.016574585635359115,0.9558011049723757,0.373631574074074,False
ldaps__ws10__mean,kpx_group_1,11.5,113,0.7356490191740412,0.472061388888889,0.7673508796296296,0.9375608148148148,0.0,0.9292035398230089,0.4654994259259258,False
ldaps__ws10__mean,kpx_group_1,12.0,109,0.754346074583758,0.4720613888888889,0.8356491203703704,0.9281865648148148,0.009174311926605505,0.926605504587156,0.4561251759259259,False
ldaps__ws10__mean,kpx_group_1,12.5,56,0.7615995725859788,0.5316549537037036,0.8189093518518518,0.9240350925925925,0.017857142857142856,0.9642857142857143,0.3923801388888889,False
ldaps__ws10__mean,kpx_group_1,13.0,49,0.7211491213151927,0.46308888888888894,0.7780643055555555,0.9247046851851851,0.0,0.9387755102040817,0.4616157962962962,False
ldaps__ws10__mean,kpx_group_1,13.5,20,0.689879236111111,0.42411872685185187,0.717131574074074,0.9151295462962963,0.05,0.9,0.4910108194444444,False
ldaps__ws10__mean,kpx_group_1,14.0,12,0.6063701234567902,0.2084435740740741,0.6407982407407408,0.9309988148148148,0.0,0.75,0.7225552407407407,False
ldaps__ws10__mean,kpx_group_1,14.5,9,0.7002430092592592,0.30252103703703703,0.8008304166666668,0.8807795462962963,0.0,0.7777777777777778,0.5782585092592593,False
ldaps__ws10__mean,kpx_group_1,15.0,4,0.7266732407407407,0.4573973518518519,0.8296228009259259,0.9135894814814814,0.0,0.75,0.4561921296296296,False
ldaps__ws10__mean,kpx_group_1,16.0,2,0.5202719444444445,0.3986742777777778,0.5202719444444445,0.6418696111111111,0.0,0.5,0.24319533333333326,False
ldaps__ws10__mean,kpx_group_1,16.5,4,0.5842178356481481,0.3673374351851852,0.6106666666666667,0.7799391712962963,0.0,0.75,0.4126017361111111,False
ldaps__ws10__mean,kpx_group_2,0.0,13,0.01122851851851852,0.0,0.0,0.0028122870370370394,0.9230769230769231,0.0,0.0028122870370370394,False
ldaps__ws10__mean,kpx_group_2,0.5,191,0.039460274141942996,0.0,0.0006695833333333333,0.13257893518518518,0.8743455497382199,0.02617801047120419,0.13257893518518518,False
ldaps__ws10__mean,kpx_group_2,1.0,736,0.0390564209692029,0.0,0.00200875,0.10646490740740741,0.8926630434782609,0.014945652173913044,0.10646490740740741,False
ldaps__ws10__mean,kpx_group_2,1.5,1307,0.043164773371305504,0.0,0.004017546296296296,0.11771404629629642,0.8783473603672532,0.017597551644988524,0.11771404629629642,False
ldaps__ws10__mean,kpx_group_2,2.0,1991,0.05141184815465893,0.0,0.007365509259259259,0.1473099537037037,0.8448016072325465,0.020090406830738324,0.1473099537037037,False
ldaps__ws10__mean,kpx_group_2,2.5,2487,0.06885879471399425,0.0,0.02142689814814815,0.20315380555555562,0.7901085645355851,0.03297145154804986,0.20315380555555562,False
ldaps__ws10__mean,kpx_group_2,3.0,2634,0.10855452206192524,0.0,0.04553217592592593,0.30848042129629644,0.659832953682612,0.06492027334851937,0.30848042129629644,False
ldaps__ws10__mean,kpx_group_2,3.5,2311,0.18109746746638458,0.00200875,0.10579532407407408,0.4861228240740741,0.48810038944180006,0.1523150151449589,0.4841140740740741,True
ldaps__ws10__mean,kpx_group_2,4.0,2151,0.267883573854538,0.012722222222222223,0.20489472222222221,0.6414678240740741,0.3277545327754533,0.27708042770804275,0.6287456018518519,True
ldaps__ws10__mean,kpx_group_2,4.5,1861,0.33844514866559194,0.025444444444444447,0.27854972222222224,0.7486023611111111,0.24019344438473939,0.3799032778076303,0.7231579166666666,True
ldaps__ws10__mean,kpx_group_2,5.0,1663,0.41269049623059617,0.04954972222222222,0.378988287037037,0.8273461944444445,0.1683704149128082,0.47805171377029465,0.7777964722222223,True
ldaps__ws10__mean,kpx_group_2,5.5,1529,0.4962870966257297,0.10043861111111112,0.5155848148148148,0.8618970648148149,0.09941137998691955,0.6108567691301504,0.7614584537037038,False
ldaps__ws10__mean,kpx_group_2,6.0,1345,0.5536200336637753,0.15052397222222222,0.5899093518518518,0.9019386111111111,0.06394052044609666,0.6981412639405205,0.7514146388888888,False
ldaps__ws10__mean,kpx_group_2,6.5,1133,0.5881972618989245,0.16699589814814816,0.6320935648148148,0.921356712962963,0.0617828773168579,0.7422771403353927,0.7543608148148148,False
ldaps__ws10__mean,kpx_group_2,7.0,926,0.6264497716682665,0.27419738425925927,0.6635643055555556,0.9159999999999999,0.03455723542116631,0.8099352051835853,0.6418026157407406,False
ldaps__ws10__mean,kpx_group_2,7.5,759,0.6622551407797784,0.32046609259259257,0.7077573148148149,0.9133216203703703,0.014492753623188406,0.8603425559947299,0.5928555277777778,False
ldaps__ws10__mean,kpx_group_2,8.0,691,0.7125529744867878,0.4298771759259259,0.7640029166666666,0.9193479629629631,0.008683068017366137,0.9117221418234442,0.48947078703703717,False
ldaps__ws10__mean,kpx_group_2,8.5,509,0.7275490415120425,0.45277719444444453,0.7740468055555556,0.9303292314814815,0.005893909626719057,0.9292730844793713,0.47755203703703697,False
ldaps__ws10__mean,kpx_group_2,9.0,514,0.7480265440805592,0.48605583333333335,0.7961432870370371,0.9381634398148148,0.005836575875486381,0.9280155642023347,0.4521076064814814,False
ldaps__ws10__mean,kpx_group_2,9.5,367,0.7620361160308812,0.5584385925925927,0.8115438425925927,0.9288561388888891,0.013623978201634877,0.9536784741144414,0.3704175462962964,False
ldaps__ws10__mean,kpx_group_2,10.0,294,0.7685442972096246,0.5491312777777778,0.8172353935185186,0.9291909305555556,0.003401360544217687,0.9455782312925171,0.38005965277777776,False
ldaps__ws10__mean,kpx_group_2,10.5,230,0.7693276239935587,0.5373465,0.8389970833333333,0.9228298425925926,0.017391304347826087,0.9478260869565217,0.38548334259259265,False
ldaps__ws10__mean,kpx_group_2,11.0,181,0.7989548155821566,0.6146842129629629,0.8410058333333332,0.9434531944444444,0.016574585635359115,0.9613259668508287,0.3287689814814815,False
ldaps__ws10__mean,kpx_group_2,11.5,113,0.770230709193707,0.5044695833333334,0.8443537962962964,0.9346146388888888,0.008849557522123894,0.9380530973451328,0.4301450555555555,False
ldaps__ws10__mean,kpx_group_2,12.0,109,0.7920950174142032,0.5546889074074075,0.8517193055555555,0.9269813055555555,0.01834862385321101,0.926605504587156,0.37229239814814796,False
ldaps__ws10__mean,kpx_group_2,12.5,56,0.7998021081349206,0.6987178240740741,0.8363187037037038,0.9283874305555556,0.017857142857142856,0.9464285714285714,0.2296696064814815,False
ldaps__ws10__mean,kpx_group_2,13.0,49,0.7939021967120182,0.7120426851851852,0.8249356944444445,0.8957783611111111,0.02040816326530612,0.9591836734693877,0.18373567592592588,False
ldaps__ws10__mean,kpx_group_2,13.5,20,0.8075263148148147,0.6099970694444444,0.867454699074074,0.9502160879629631,0.0,0.95,0.34021901851851866,False
ldaps__ws10__mean,kpx_group_2,14.0,12,0.639738063271605,0.16023302777777776,0.7753859490740741,0.8716061574074073,0.0,0.75,0.7113731296296295,False
ldaps__ws10__mean,kpx_group_2,14.5,9,0.7556702417695473,0.4999163888888889,0.8068567129629629,0.9571128796296297,0.0,0.8888888888888888,0.45719649074074076,False
ldaps__ws10__mean,kpx_group_2,15.0,4,0.7648399189814814,0.6517125787037037,0.7727076157407408,0.8716731018518519,0.0,1.0,0.21996052314814818,False
ldaps__ws10__mean,kpx_group_2,16.0,2,0.5822090509259259,0.47694940277777775,0.5822090509259259,0.687468699074074,0.0,1.0,0.2105192962962963,False
ldaps__ws10__mean,kpx_group_2,16.5,4,0.5283070138888889,0.32689413888888885,0.5112324537037036,0.7433795370370371,0.0,0.5,0.4164853981481482,False
ldaps__ws10__mean,kpx_group_3,0.0,11,6.26103896103896e-05,0.0,0.0,0.0,1.0,0.0,0.0,False
ldaps__ws10__mean,kpx_group_3,0.5,143,0.018388389277389276,0.0,0.0,0.059092342857142856,0.958041958041958,0.0,0.059092342857142856,False
ldaps__ws10__mean,kpx_group_3,1.0,524,0.02254380943293348,0.0,0.0,0.0689410476190476,0.9522900763358778,0.009541984732824428,0.0689410476190476,False
ldaps__ws10__mean,kpx_group_3,1.5,925,0.023519289987129984,0.0,0.0,0.06308692380952383,0.9394594594594594,0.005405405405405406,0.06308692380952383,False
ldaps__ws10__mean,kpx_group_3,2.0,1432,0.030976609171322157,0.0,0.0013774285714285713,0.09022257142857143,0.9127094972067039,0.008379888268156424,0.09022257142857143,False
ldaps__ws10__mean,kpx_group_3,2.5,1671,0.04447304496879542,0.0,0.006198476190476191,0.13981052380952383,0.8569718731298623,0.01436265709156194,0.13981052380952383,False
ldaps__ws10__mean,kpx_group_3,3.0,1795,0.07244777766282001,0.0,0.02341652380952381,0.1998670761904764,0.7626740947075209,0.03175487465181059,0.1998670761904764,False
ldaps__ws10__mean,kpx_group_3,3.5,1569,0.12632097201736014,0.0,0.06887219047619048,0.3406418000000001,0.5984703632887189,0.07074569789674952,0.3406418000000001,False
ldaps__ws10__mean,kpx_group_3,4.0,1355,0.19912650110701108,0.003443619047619048,0.1349894761904762,0.496292942857143,0.42435424354243545,0.15571955719557196,0.49284932380952395,True
ldaps__ws10__mean,kpx_group_3,4.5,1234,0.2592658083275449,0.013085714285714286,0.1973187857142857,0.594229161904762,0.29821717990275526,0.260129659643436,0.5811434476190478,True
ldaps__ws10__mean,kpx_group_3,5.0,1124,0.32032855473648536,0.03553803809523811,0.24862857142857142,0.7254995333333334,0.23665480427046262,0.3309608540925267,0.6899614952380952,True
ldaps__ws10__mean,kpx_group_3,5.5,1062,0.4201592111469823,0.08271549047619049,0.3880947380952381,0.8047714476190476,0.12052730696798493,0.487758945386064,0.7220559571428571,True
ldaps__ws10__mean,kpx_group_3,6.0,898,0.47170157582988653,0.1205951904761905,0.45455638095238093,0.8755720428571429,0.08685968819599109,0.5512249443207127,0.7549768523809524,False
ldaps__ws10__mean,kpx_group_3,6.5,735,0.5141987615808228,0.12259249523809526,0.5192962380952381,0.8982309809523809,0.08435374149659863,0.6340136054421769,0.7756384857142856,False
ldaps__ws10__mean,kpx_group_3,7.0,595,0.554693069067627,0.18664361904761906,0.5695729523809523,0.8968535333333333,0.06050420168067227,0.7008403361344537,0.7102099142857142,False
ldaps__ws10__mean,kpx_group_3,7.5,482,0.6017142363169334,0.2673617952380952,0.6291473571428572,0.9048426857142857,0.03112033195020747,0.7863070539419087,0.6374808904761905,False
ldaps__ws10__mean,kpx_group_3,8.0,415,0.6398889386115892,0.310475780952381,0.6804571428571429,0.9027765428571429,0.021686746987951807,0.8433734939759037,0.592300761904762,False
ldaps__ws10__mean,kpx_group_3,8.5,321,0.6640007666518322,0.3629563809523809,0.6735699047619048,0.9483699047619047,0.009345794392523364,0.8535825545171339,0.5854135238095238,False
ldaps__ws10__mean,kpx_group_3,9.0,329,0.6785082065421913,0.35565595238095243,0.6969864761904762,0.9699957809523809,0.0060790273556231,0.8632218844984803,0.6143398285714285,False
ldaps__ws10__mean,kpx_group_3,9.5,215,0.7090342912513842,0.3976679619047619,0.7520841904761905,0.9536042095238095,0.004651162790697674,0.8883720930232558,0.5559362476190477,False
ldaps__ws10__mean,kpx_group_3,10.0,169,0.689227137503522,0.3688793904761905,0.7328,0.9595272190476191,0.005917159763313609,0.863905325443787,0.5906478285714285,False
ldaps__ws10__mean,kpx_group_3,10.5,144,0.6933228492063492,0.3998029904761905,0.7338330714285715,0.9464414952380955,0.013888888888888888,0.8958333333333334,0.546638504761905,False
ldaps__ws10__mean,kpx_group_3,11.0,119,0.7190371376550619,0.35524270476190484,0.7768781904761904,0.9580120476190477,0.03361344537815126,0.8823529411764706,0.6027693428571428,False
ldaps__ws10__mean,kpx_group_3,11.5,71,0.7133217833668678,0.4524902380952381,0.741753380952381,0.9759188095238095,0.014084507042253521,0.9154929577464789,0.5234285714285714,False
ldaps__ws10__mean,kpx_group_3,12.0,88,0.7627124404761905,0.5002875238095238,0.8202676666666666,0.9768141380952381,0.022727272727272728,0.9318181818181818,0.4765266142857143,False
ldaps__ws10__mean,kpx_group_3,12.5,40,0.7097794726190475,0.3633007666666667,0.7875533809523809,0.9739214904761905,0.05,0.85,0.6106207238095238,False
ldaps__ws10__mean,kpx_group_3,13.0,33,0.7066076998556999,0.3478045238095238,0.7940962380952381,0.9515380380952381,0.030303030303030304,0.8787878787878788,0.6037335142857143,False
ldaps__ws10__mean,kpx_group_3,13.5,14,0.6316070918367347,0.23161714285714285,0.6856225714285714,0.9531221095238096,0.0,0.7142857142857143,0.7215049666666667,False
ldaps__ws10__mean,kpx_group_3,14.0,10,0.7278412047619047,0.5478093285714286,0.7142045,0.8745389523809523,0.0,1.0,0.32672962380952364,False
ldaps__ws10__mean,kpx_group_3,14.5,7,0.3317671292517007,0.1429786380952381,0.27135638095238096,0.5877552000000003,0.0,0.14285714285714285,0.44477656190476217,False
ldaps__ws10__mean,kpx_group_3,15.0,4,0.4249413571428572,0.08684781904761907,0.4218421190476191,0.7655142857142857,0.25,0.5,0.6786664666666666,False
ldaps__ws10__mean,kpx_group_3,16.0,1,0.0,0.0,0.0,0.0,1.0,0.0,0.0,False
ldaps__ws10__mean,kpx_group_3,16.5,3,0.0,0.0,0.0,0.0,1.0,0.0,0.0,False
