model,target,step,train_loss,validation_loss,validation_score,training_objective_loss,activity_train_loss,activity_validation_loss,domain_train_loss,domain_train_accuracy,domain_validation_loss,domain_validation_accuracy
realmlp,all,1,1.0204706192016602,0.7140083312988281,0.4339437186717987,2.1138867751548163,0.8494207137509396,0.5259535908699036,0.9660030226958426,0.49564401726973684,0.629058301448822,0.7353479862213135
realmlp,kpx_group_1,1,1.0099477611090009,0.671868622303009,0.47951576113700867,,,,,,,
realmlp,kpx_group_2,1,1.015426010677689,0.6947454214096069,0.4521409571170807,,,,,,,
realmlp,kpx_group_3,1,1.0360380646429563,0.7754108905792236,0.3701744079589844,,,,,,,
realmlp,all,2,0.9673033058643341,0.7180251479148865,0.4471071660518646,1.8474993297928257,0.5579925497111521,0.41884875297546387,0.7964971434128912,0.5439710115131579,0.5136611461639404,0.916208803653717
realmlp,kpx_group_1,2,0.9614275199802298,0.7423849701881409,0.41068828105926514,,,,,,,
realmlp,kpx_group_2,2,0.9393464162161476,0.6480423808097839,0.4774896204471588,,,,,,,
realmlp,kpx_group_3,2,1.0011359649269205,0.7636481523513794,0.4531436264514923,,,,,,,
realmlp,all,3,0.9505718358253178,0.744306743144989,0.4291621744632721,1.7464568332621926,0.4521131715492198,0.3884423077106476,0.7280680082346264,0.572130705180921,0.615744948387146,0.7916666865348816
realmlp,kpx_group_1,3,0.9367118924856186,0.6501381397247314,0.4954659044742584,,,,,,,
realmlp,kpx_group_2,3,0.9029016824145066,0.8398504257202148,0.3934270739555359,,,,,,,
realmlp,kpx_group_3,3,1.0121019364971864,0.7429317235946655,0.3985934555530548,,,,,,,
realmlp,all,4,0.9199375651384655,0.751386821269989,0.4078923761844635,1.6897016842114299,0.41951632107559006,0.37951144576072693,0.7068366800483904,0.553576017680921,0.6847959160804749,0.5975274443626404
realmlp,kpx_group_1,4,0.9057700414406625,0.8983047604560852,0.23577681183815002,,,,,,,
realmlp,kpx_group_2,4,0.8854847166099047,0.6582524180412292,0.465285062789917,,,,,,,
realmlp,kpx_group_3,4,0.9685579295221128,0.6976033449172974,0.5226151943206787,,,,,,,
realmlp,all,5,0.8878690286686546,0.7357935905456543,0.4545374810695648,1.636626529066186,0.40176687507252945,0.3835519850254059,0.688492446353561,0.5576942845394737,0.6392745971679688,0.7843406796455383
realmlp,kpx_group_1,5,0.877726568987495,0.6466108560562134,0.5041728615760803,,,,,,,
realmlp,kpx_group_2,5,0.849629471176549,0.7668389081954956,0.3832899332046509,,,,,,,
realmlp,kpx_group_3,5,0.9362510442733765,0.7939309477806091,0.47614964842796326,,,,,,,
realmlp,all,6,0.8298616926921042,0.6236752271652222,0.5214781761169434,1.5746395227156187,0.38448164612054825,0.37254440784454346,0.6871055694002854,0.5566984477796053,0.6687850952148438,0.6428571343421936
realmlp,kpx_group_1,6,0.8101921661903984,0.6788169145584106,0.4819674789905548,,,,,,,
realmlp,kpx_group_2,6,0.79733607172966,0.5455411076545715,0.5727668404579163,,,,,,,
realmlp,kpx_group_3,6,0.882056840156254,0.6466675996780396,0.5097002387046814,,,,,,,
realmlp,all,7,0.777132428006122,0.5489183664321899,0.5744200348854065,1.5160780956870632,0.36872450928939016,0.3947339951992035,0.6836369829742532,0.5254548725328947,0.6448964476585388,0.7802197933197021
realmlp,kpx_group_1,7,0.7708985397690221,0.5595578551292419,0.5742893815040588,,,,,,,
realmlp,kpx_group_2,7,0.7413933081062216,0.5308965444564819,0.5806307792663574,,,,,,,
realmlp,kpx_group_3,7,0.8191054471229252,0.5563008189201355,0.5683398842811584,,,,,,,
realmlp,all,8,0.7235224129338014,0.5730416774749756,0.5637935996055603,1.4593170928327661,0.34712205631168264,0.39731717109680176,0.6837263719031685,0.5166208367598685,0.652346670627594,0.7770146727561951
realmlp,kpx_group_1,8,0.7031299660080358,0.5818035006523132,0.5637764930725098,,,,,,,
realmlp,kpx_group_2,8,0.6841573652468229,0.47579270601272583,0.6286913156509399,,,,,,,
realmlp,kpx_group_3,8,0.7832798989195573,0.6615288853645325,0.498913049697876,,,,,,,
realmlp,all,9,0.6723194114471737,0.559842050075531,0.5692198276519775,1.4080438896229392,0.3382202892711288,0.414982408285141,0.6849914232366964,0.5185739617598685,0.6720805168151855,0.7266483306884766
realmlp,kpx_group_1,9,0.6571865270012304,0.5641558766365051,0.5754002332687378,,,,,,,
realmlp,kpx_group_2,9,0.6488909313553258,0.4698084592819214,0.6270935535430908,,,,,,,
realmlp,kpx_group_3,9,0.7108807602995321,0.645561695098877,0.5051657557487488,,,,,,,
realmlp,all,10,0.6398149281740189,0.5583611726760864,0.57476407289505,1.3717513178524219,0.3275720057518859,0.4197486937046051,0.6828006043245918,0.5154836554276315,0.6650869250297546,0.7463369965553284
realmlp,kpx_group_1,10,0.6229100203827808,0.5715325474739075,0.5700013637542725,,,,,,,
realmlp,kpx_group_2,10,0.6081800060836893,0.4713667035102844,0.6289954781532288,,,,,,,
realmlp,kpx_group_3,10,0.6883547282532642,0.6321842670440674,0.5252955555915833,,,,,,,
realmlp,all,11,0.608344903117732,0.5229107737541199,0.6026368141174316,1.3412873227345317,0.3184191427732769,0.4072025716304779,0.6851795464754105,0.5020045230263158,0.6719699501991272,0.7097069621086121
realmlp,kpx_group_1,11,0.5988804996013641,0.5070068836212158,0.6191495656967163,,,,,,,
realmlp,kpx_group_2,11,0.5857390588835666,0.4567432105541229,0.6421080231666565,,,,,,,
realmlp,kpx_group_3,11,0.6404151210659429,0.6049822568893433,0.5466527342796326,,,,,,,
realmlp,all,12,0.5909760492412668,0.5200743079185486,0.6058347821235657,1.3241758895547766,0.31161611527204514,0.4105476438999176,0.6864574253559113,0.49200118215460525,0.6726222038269043,0.7078754305839539
realmlp,kpx_group_1,12,0.5827852879699907,0.5064095854759216,0.6196904182434082,,,,,,,
realmlp,kpx_group_2,12,0.5622510455156627,0.45855018496513367,0.6455097794532776,,,,,,,
realmlp,kpx_group_3,12,0.6278918071797019,0.5952631235122681,0.552304208278656,,,,,,,
realmlp,all,13,0.5812510071616424,0.5097479224205017,0.6118549704551697,1.3142270477194535,0.3106423377206451,0.4128366708755493,0.6863796954092226,0.4966591282894737,0.6745999455451965,0.7042124271392822
realmlp,kpx_group_1,13,0.5743706485158518,0.4941765069961548,0.6281173229217529,,,,,,,
realmlp,kpx_group_2,13,0.55318383872509,0.4521346092224121,0.6484507322311401,,,,,,,
realmlp,kpx_group_3,13,0.6161985365968001,0.5829327702522278,0.5589966773986816,,,,,,,
realmlp,all,14,0.5803421359313162,0.5134359002113342,0.6111065745353699,1.312982910557797,0.310416778451518,0.4106617867946625,0.6860782598194323,0.5005396792763158,0.6749151945114136,0.7032967209815979
realmlp,kpx_group_1,14,0.5758060726680254,0.5043748021125793,0.6230103373527527,,,,,,,
realmlp,kpx_group_2,14,0.5523090691942918,0.452744722366333,0.6505100727081299,,,,,,,
realmlp,kpx_group_3,14,0.6129112651473597,0.5831882357597351,0.559799313545227,,,,,,,
realmlp,all,15,0.5791219810121938,0.5005422830581665,0.6192846298217773,1.3122357286904986,0.31102508463357625,0.41068634390830994,0.6864599758072903,0.4945325349506579,0.6721633672714233,0.7078754305839539
realmlp,kpx_group_1,15,0.5736560100003293,0.47351714968681335,0.6436766386032104,,,,,,,
realmlp,kpx_group_2,15,0.5516174263075778,0.45201149582862854,0.6483755111694336,,,,,,,
realmlp,kpx_group_3,15,0.6120925184927488,0.5760983228683472,0.565801739692688,,,,,,,
realmlp,all,16,0.5812522980727648,0.5236589908599854,0.6029791831970215,1.314170213122117,0.3109795368815723,0.40935495495796204,0.6862709820270538,0.4901380037006579,0.6650816798210144,0.7417582273483276
realmlp,kpx_group_1,16,0.5750745017277566,0.5293485522270203,0.6039979457855225,,,,,,,
realmlp,kpx_group_2,16,0.55131318302531,0.4515705704689026,0.647914469242096,,,,,,,
realmlp,kpx_group_3,16,0.6173692141708574,0.590057909488678,0.5570251941680908,,,,,,,
realmlp,all,17,0.5862076266815788,0.5020766854286194,0.6172266602516174,1.3170537336876518,0.31209917288077504,0.39473018050193787,0.6840312331914902,0.5009765625,0.6729058623313904,0.7165750861167908
realmlp,kpx_group_1,17,0.5803228789254239,0.473268061876297,0.643718957901001,,,,,,,
realmlp,kpx_group_2,17,0.5524523218995646,0.4469448924064636,0.6504335403442383,,,,,,,
realmlp,kpx_group_3,17,0.6258476690242165,0.5860170722007751,0.5575273633003235,,,,,,,
realmlp,all,18,0.5885614580229709,0.5362725853919983,0.5926024317741394,1.3211240533151125,0.31566180445645986,0.4147888720035553,0.6852133376033682,0.4943590666118421,0.669522762298584,0.721611738204956
realmlp,kpx_group_1,18,0.5846865490863198,0.5365481376647949,0.5998749732971191,,,,,,,
realmlp,kpx_group_2,18,0.5555184075706884,0.46490591764450073,0.6333500146865845,,,,,,,
realmlp,kpx_group_3,18,0.6254794221175345,0.6073637008666992,0.5445823073387146,,,,,,,
realmlp,all,19,0.5948548120887656,0.5253106951713562,0.5991755127906799,1.327586614771893,0.3190428328357245,0.4253055155277252,0.6848753863259366,0.4895148026315789,0.662026584148407,0.7683150172233582
realmlp,kpx_group_1,19,0.5923112238708296,0.5464902520179749,0.5910798907279968,,,,,,,
realmlp,kpx_group_2,19,0.5606544213859659,0.45966342091560364,0.6406451463699341,,,,,,,
realmlp,kpx_group_3,19,0.6315987753240686,0.5697784423828125,0.5658013820648193,,,,,,,
realmlp,all,20,0.6021748138101477,0.5294539332389832,0.5979087948799133,1.3338876899920011,0.32177581049894033,0.4021487236022949,0.6834464912351809,0.4924444901315789,0.6775938868522644,0.747710645198822
realmlp,kpx_group_1,20,0.5834472610762245,0.5410537719726562,0.5927999019622803,,,,,,,
realmlp,kpx_group_2,20,0.5632084059087854,0.46276846528053284,0.6412907242774963,,,,,,,
realmlp,kpx_group_3,20,0.6598687705240751,0.5845394730567932,0.5596357583999634,,,,,,,
realmlp,all,21,0.5930912808368081,0.5357829928398132,0.5915511250495911,1.329311988855663,0.3218977412110881,0.4041554033756256,0.6879360511114723,0.4886924342105263,0.658100962638855,0.7710622549057007
realmlp,kpx_group_1,21,0.5832369531455793,0.5143737196922302,0.6121392250061035,,,,,,,
realmlp,kpx_group_2,21,0.5530228018760681,0.45856618881225586,0.6415745615959167,,,,,,,
realmlp,kpx_group_3,21,0.6430140827831469,0.6344089508056641,0.5209394693374634,,,,,,,
realmlp,all,22,0.5849728560761401,0.5304439067840576,0.5927075147628784,1.320077093024003,0.3171090166035451,0.4081604778766632,0.6875378763989398,0.4737613075657895,0.6774417757987976,0.7596153616905212
realmlp,kpx_group_1,22,0.5744798191283879,0.523614764213562,0.6062024831771851,,,,,,,
realmlp,kpx_group_2,22,0.5442565208987186,0.46872276067733765,0.6287487745285034,,,,,,,
realmlp,kpx_group_3,22,0.636182217221511,0.5989941358566284,0.5431712865829468,,,,,,,
realmlp,all,23,0.5759647025873786,0.5426639914512634,0.5859753489494324,1.312400526122043,0.32055822014808655,0.4102577269077301,0.6883520727094851,0.47013132195723684,0.6675224304199219,0.7458791136741638
realmlp,kpx_group_1,23,0.5689562221891001,0.5741680264472961,0.571287214756012,,,,,,,
realmlp,kpx_group_2,23,0.5321304445203981,0.4537774622440338,0.6451510787010193,,,,,,,
realmlp,kpx_group_3,23,0.6268074347784645,0.6000463962554932,0.5414877533912659,,,,,,,
realmlp,all,24,0.5687863207177112,0.5408835411071777,0.5891463160514832,1.3044562967200029,0.3189986669703534,0.4250212013721466,0.6878201765449423,0.4647666529605263,0.661016583442688,0.7660256624221802
realmlp,kpx_group_1,24,0.5566461337240118,0.565910279750824,0.5758330821990967,,,,,,,
realmlp,kpx_group_2,24,0.5227341855827131,0.45471736788749695,0.6446643471717834,,,,,,,
realmlp,kpx_group_3,24,0.626978622455346,0.6020230650901794,0.5469415187835693,,,,,,,
realmlp,all,25,0.5559501749904532,0.5056113004684448,0.6119421720504761,1.290445588136974,0.31496163810554306,0.4200681447982788,0.6872511757047552,0.4731381064967105,0.6690480709075928,0.7664835453033447
realmlp,kpx_group_1,25,0.5492120918474699,0.4761453866958618,0.6340106725692749,,,,,,,
realmlp,kpx_group_2,25,0.5111928715517646,0.45980340242385864,0.6378841400146484,,,,,,,
realmlp,kpx_group_3,25,0.6074455568664953,0.5808851718902588,0.5639318227767944,,,,,,,
realmlp,all,26,0.5520443132049159,0.5280482769012451,0.5995784997940063,1.287863557275973,0.3129679831235032,0.3948007822036743,0.6888740384264996,0.4693732010690789,0.6721542477607727,0.7445054650306702
realmlp,kpx_group_1,26,0.5422706251081667,0.5292710661888123,0.6043371558189392,,,,,,,
realmlp,kpx_group_2,26,0.5105371063477114,0.46106529235839844,0.6373831033706665,,,,,,,
realmlp,kpx_group_3,26,0.603325209335277,0.5938084125518799,0.5570152997970581,,,,,,,
realmlp,all,27,0.5437043254312716,0.5092982649803162,0.61341792345047,1.2781164128529399,0.3099948234463993,0.39076390862464905,0.6879128735316428,0.468994140625,0.6723008751869202,0.773809552192688
realmlp,kpx_group_1,27,0.537186042258614,0.5048746466636658,0.6213614344596863,,,,,,,
realmlp,kpx_group_2,27,0.4985735953638428,0.4484930634498596,0.6503865718841553,,,,,,,
realmlp,kpx_group_3,27,0.5953533296522341,0.5745271444320679,0.5685057640075684,,,,,,,
realmlp,all,28,0.5362694694807655,0.5125716328620911,0.6085938811302185,1.2688108055215133,0.3044337340091404,0.39146459102630615,0.6868762820959091,0.48310289884868424,0.6757603287696838,0.761904776096344
realmlp,kpx_group_1,28,0.5280105338284844,0.5203378796577454,0.6085456013679504,,,,,,,
realmlp,kpx_group_2,28,0.4953313909078899,0.45205703377723694,0.6445997953414917,,,,,,,
realmlp,kpx_group_3,28,0.5854664727261192,0.5653200745582581,0.5726362466812134,,,,,,,
realmlp,all,29,0.5280751687915701,0.4785099923610687,0.6327093243598938,1.259847623737235,0.30047823371071564,0.39632895588874817,0.6867007385743292,0.4881142064144737,0.6723629832267761,0.7403846383094788
realmlp,kpx_group_1,29,0.5215840237705331,0.468147337436676,0.6467397809028625,,,,,,,
realmlp,kpx_group_2,29,0.4863223076650971,0.44568243622779846,0.652503252029419,,,,,,,
realmlp,kpx_group_3,29,0.5763191612143266,0.5217001438140869,0.5988851189613342,,,,,,,
realmlp,all,30,0.5207071743513408,0.4905935227870941,0.6266024708747864,1.2521873273347552,0.2985103259745397,0.38954687118530273,0.686703611361353,0.4887438322368421,0.6817082762718201,0.7133699655532837
realmlp,kpx_group_1,30,0.5155410617589951,0.47831565141677856,0.6413460373878479,,,,,,,
realmlp,kpx_group_2,30,0.47902108023041173,0.43948763608932495,0.6581747531890869,,,,,,,
realmlp,kpx_group_3,30,0.5675593802803441,0.5539772510528564,0.5802866220474243,,,,,,,
realmlp,all,31,0.5129415683056179,0.4754360616207123,0.636990487575531,1.2428464450334247,0.29399898256126206,0.4042499363422394,0.6858050289906954,0.48919998972039475,0.6833562254905701,0.696886420249939
realmlp,kpx_group_1,31,0.5046778478120503,0.42534106969833374,0.6793038845062256,,,,,,,
realmlp,kpx_group_2,31,0.47226160803907796,0.4443768262863159,0.6516705751419067,,,,,,,
realmlp,kpx_group_3,31,0.5618852400466016,0.5565902590751648,0.5799968838691711,,,,,,,
realmlp,all,32,0.5084053638734316,0.4864685535430908,0.6269451975822449,1.2381505417196375,0.2924190587119052,0.39983975887298584,0.6858823079811899,0.5026791221217105,0.672231912612915,0.718406617641449
realmlp,kpx_group_1,32,0.49971008379208415,0.4610556662082672,0.6524149179458618,,,,,,,
realmlp,kpx_group_2,32,0.4684669226408005,0.44748616218566895,0.6451939344406128,,,,,,,
realmlp,kpx_group_3,32,0.5570390891087683,0.5508638024330139,0.5832266807556152,,,,,,,
realmlp,all,33,0.5023224436138806,0.469086617231369,0.639407753944397,1.2292463293201046,0.2888756817892978,0.4048769474029541,0.6835925414374,0.511121247944079,0.6664115190505981,0.7106227278709412
realmlp,kpx_group_1,33,0.4953217502487333,0.45279809832572937,0.6583462953567505,,,,,,,
realmlp,kpx_group_2,33,0.4609912618210441,0.45316383242607117,0.6416451930999756,,,,,,,
realmlp,kpx_group_3,33,0.5506543234774941,0.5012978315353394,0.6182317733764648,,,,,,,
realmlp,all,34,0.4949199941597487,0.4743879735469818,0.6370241641998291,1.2208328717633297,0.28490904993132543,0.39311495423316956,0.6831765417989931,0.5272987767269737,0.6709275841712952,0.708791196346283
realmlp,kpx_group_1,34,0.48754785445175675,0.4519979655742645,0.6591700315475464,,,,,,,
realmlp,kpx_group_2,34,0.45549329448687403,0.4487038552761078,0.6492534875869751,,,,,,,
realmlp,kpx_group_3,34,0.5417188178551825,0.5224620699882507,0.6026489734649658,,,,,,,
realmlp,all,35,0.48913980314606115,0.46753230690956116,0.6428410410881042,1.215190495315351,0.2840751566384968,0.41079413890838623,0.6834394006352675,0.5226151315789473,0.672317624092102,0.6927655935287476
realmlp,kpx_group_1,35,0.48190708615277944,0.45576077699661255,0.6574302911758423,,,,,,,
realmlp,kpx_group_2,35,0.4513806673256974,0.44377920031547546,0.6521053314208984,,,,,,,
realmlp,kpx_group_3,35,0.5341316434113603,0.5030570030212402,0.6189873814582825,,,,,,,
realmlp,all,36,0.485491506755352,0.4626505374908447,0.6466477513313293,1.2101329110170667,0.2812423564885792,0.4019049108028412,0.6824550479650497,0.5279862253289473,0.669828474521637,0.6913919448852539
realmlp,kpx_group_1,36,0.4782376912863631,0.44442862272262573,0.6669355630874634,,,,,,,
realmlp,kpx_group_2,36,0.44862915928426544,0.43697434663772583,0.6575411558151245,,,,,,,
realmlp,kpx_group_3,36,0.5296076720482424,0.5065487027168274,0.6154664754867554,,,,,,,
realmlp,all,37,0.4787957887900503,0.4608161747455597,0.6483264565467834,1.2034530561221273,0.2797205997140784,0.402718186378479,0.6826991736888885,0.5297466077302632,0.6711987853050232,0.6909340620040894
realmlp,kpx_group_1,37,0.4729827540485482,0.4417784810066223,0.6690810918807983,,,,,,,
realmlp,kpx_group_2,37,0.44106237355031463,0.44097593426704407,0.6554585099220276,,,,,,,
realmlp,kpx_group_3,37,0.5223422270072134,0.49969425797462463,0.620439887046814,,,,,,,
realmlp,all,38,0.4763866553181096,0.46325477957725525,0.6465526223182678,1.2007307316127576,0.2782351084445652,0.40367886424064636,0.6826088091260508,0.5293803967927632,0.6718875169754028,0.6909340620040894
realmlp,kpx_group_1,38,0.4712978875950763,0.44295254349708557,0.6691464185714722,,,,,,,
realmlp,kpx_group_2,38,0.43989604554678263,0.4383287727832794,0.6561381816864014,,,,,,,
realmlp,kpx_group_3,38,0.5179660269304326,0.5084830522537231,0.6143734455108643,,,,,,,
realmlp,all,39,0.4762166228733565,0.4621988832950592,0.6477819681167603,1.2000602295524196,0.27757737079733297,0.40553638339042664,0.6822070055886319,0.5303055612664473,0.6709545254707336,0.6900182962417603
realmlp,kpx_group_1,39,0.4692804836913159,0.4437977969646454,0.6684690713882446,,,,,,,
realmlp,kpx_group_2,39,0.4387064011473405,0.44178250432014465,0.6538987159729004,,,,,,,
realmlp,kpx_group_3,39,0.5206629704487952,0.5010164976119995,0.6209782361984253,,,,,,,
realmlp,all,40,0.4739433942656768,0.46258673071861267,0.6471717953681946,1.1978997227392698,0.2781216419841114,0.4051772654056549,0.6822380839209807,0.530029296875,0.6708343625068665,0.6900182962417603
realmlp,kpx_group_1,40,0.4686565838362041,0.44343873858451843,0.6693909764289856,,,,,,,
realmlp,kpx_group_2,40,0.4368801109100643,0.4424647092819214,0.6523008942604065,,,,,,,
realmlp,kpx_group_3,40,0.5162934798159098,0.5018566846847534,0.6198235750198364,,,,,,,
realmlp,all,41,0.47318380404459803,0.4615110456943512,0.6482940316200256,1.1973501569346379,0.2780062771941486,0.40457984805107117,0.6824653979979063,0.5299265008223685,0.6709206104278564,0.6900182962417603
realmlp,kpx_group_1,41,0.46779784638630717,0.44319242238998413,0.6690597534179688,,,,,,,
realmlp,kpx_group_2,41,0.43596453807855906,0.442074716091156,0.6532436609268188,,,,,,,
realmlp,kpx_group_3,41,0.5157890402172741,0.499266117811203,0.6225784420967102,,,,,,,
realmlp,all,42,0.4735057753951926,0.45937275886535645,0.6492974162101746,1.197563903896432,0.27749301238279594,0.4031001031398773,0.6824341769281187,0.5303119860197368,0.6719720363616943,0.6854395866394043
realmlp,kpx_group_1,42,0.4667084479802533,0.44208869338035583,0.6705785989761353,,,,,,,
realmlp,kpx_group_2,42,0.43607524037361145,0.4430689215660095,0.6521136164665222,,,,,,,
realmlp,kpx_group_3,42,0.5177336386159846,0.492960661649704,0.6251999139785767,,,,,,,
realmlp,all,43,0.4736538380384445,0.4594220221042633,0.6479482054710388,1.1977452447539882,0.27733976393938065,0.4015847444534302,0.6824904460656015,0.5310765316611842,0.671561062335968,0.6836080551147461
realmlp,kpx_group_1,43,0.4674522535581338,0.44696760177612305,0.6656293869018555,,,,,,,
realmlp,kpx_group_2,43,0.4376173517421672,0.44482994079589844,0.6502127647399902,,,,,,,
realmlp,kpx_group_3,43,0.5158918997959087,0.4864685535430908,0.628002405166626,,,,,,,
realmlp,all,44,0.4748978446188726,0.46961721777915955,0.6418370604515076,1.198912794652738,0.2777751013636589,0.4044531285762787,0.682348694456251,0.5324385793585527,0.6721276044845581,0.6808608174324036
realmlp,kpx_group_1,44,0.46932809995977504,0.4571380317211151,0.6550410389900208,,,,,,,
realmlp,kpx_group_2,44,0.43705084214085027,0.43694359064102173,0.6595569849014282,,,,,,,
realmlp,kpx_group_3,44,0.5183145941088074,0.5147700309753418,0.6109131574630737,,,,,,,
realmlp,all,45,0.47821075430041865,0.46663036942481995,0.6432536840438843,1.2020220176169747,0.2789615890697429,0.39672455191612244,0.68196702003479,0.5375269839638158,0.6709856986999512,0.6744505763053894
realmlp,kpx_group_1,45,0.4711831263021419,0.4567945599555969,0.6561126708984375,,,,,,,
realmlp,kpx_group_2,45,0.4421399972940746,0.4376636743545532,0.6591781973838806,,,,,,,
realmlp,kpx_group_3,45,0.5213091306780514,0.5054329037666321,0.6144701242446899,,,,,,,
realmlp,all,46,0.4791779247553725,0.4675726890563965,0.6420162320137024,1.2030203765944432,0.27983165257855463,0.40871527791023254,0.6818677053639763,0.5374113384046053,0.6702687740325928,0.6749083995819092
realmlp,kpx_group_1,46,0.473376444295833,0.46028074622154236,0.6523743867874146,,,,,,,
realmlp,kpx_group_2,46,0.44336578406785665,0.43944236636161804,0.6542660593986511,,,,,,,
realmlp,kpx_group_3,46,0.5207915451181563,0.5029950141906738,0.6194084286689758,,,,,,,
realmlp,all,47,0.4817357247597293,0.45898985862731934,0.6502273082733154,1.2047903176985288,0.28042426803394366,0.3968328535556793,0.6809909469202945,0.5456735711348685,0.6711523532867432,0.6570512652397156
realmlp,kpx_group_1,47,0.4740107439850506,0.4385165274143219,0.6720418334007263,,,,,,,
realmlp,kpx_group_2,47,0.4460389935656598,0.44019001722335815,0.6549571752548218,,,,,,,
realmlp,kpx_group_3,47,0.5251574320228476,0.49826300144195557,0.623682975769043,,,,,,,
realmlp,all,48,0.4826866243230669,0.4704332649707794,0.6401253342628479,1.2068399034048383,0.28039988404826116,0.41985228657722473,0.6820933105129945,0.5444143194901315,0.6703773736953735,0.6616300344467163
realmlp,kpx_group_1,48,0.4769204031479986,0.452151358127594,0.6593987345695496,,,,,,,
realmlp,kpx_group_2,48,0.44489762304644836,0.4468066394329071,0.6499693393707275,,,,,,,
realmlp,kpx_group_3,48,0.5262418428533956,0.5123418569564819,0.6110077500343323,,,,,,,
realmlp,all,49,0.48670751248535354,0.4583946764469147,0.6472991108894348,1.2095593606170856,0.28116852829330846,0.3994063436985016,0.6806765575157968,0.5482113486842105,0.6637623906135559,0.6648351550102234
realmlp,kpx_group_1,49,0.4800489329193768,0.4262027144432068,0.6798288822174072,,,,,,,
realmlp,kpx_group_2,49,0.4497082531452179,0.4464796781539917,0.6495024561882019,,,,,,,
realmlp,kpx_group_3,49,0.5303653443330213,0.5025017857551575,0.6125661134719849,,,,,,,
realmlp,all,50,0.4881113163734737,0.4550846815109253,0.6503449082374573,1.211640975977245,0.2829479869259031,0.39416471123695374,0.681087442134556,0.5456607216282895,0.6709569692611694,0.6428571343421936
realmlp,kpx_group_1,50,0.47976428584048625,0.4333111047744751,0.6732929944992065,,,,,,,
realmlp,kpx_group_2,50,0.4529110381477757,0.4481061100959778,0.6479849815368652,,,,,,,
realmlp,kpx_group_3,50,0.5316586247400233,0.4838370084762573,0.6297568678855896,,,,,,,
realmlp,all,51,0.49211822175665904,0.48897525668144226,0.6258326172828674,1.2190169676354057,0.28321665094087,0.4062633812427521,0.684416253315775,0.5334408408717105,0.6751353740692139,0.6703296899795532
realmlp,kpx_group_1,51,0.4822333509984769,0.46805137395858765,0.6478974223136902,,,,,,,
realmlp,kpx_group_2,51,0.45335010988147634,0.45357024669647217,0.6435296535491943,,,,,,,
realmlp,kpx_group_3,51,0.5407712138012836,0.5453041791915894,0.5860707759857178,,,,,,,
realmlp,all,52,0.49167907708569575,0.46826115250587463,0.6436875462532043,1.2172662349123704,0.28354770141212565,0.41164276003837585,0.6830549922428633,0.5430201480263158,0.6652998328208923,0.6442307829856873
realmlp,kpx_group_1,52,0.4846810651452918,0.44874894618988037,0.6645644307136536,,,,,,,
realmlp,kpx_group_2,52,0.45833744147890493,0.43877506256103516,0.6576531529426575,,,,,,,
realmlp,kpx_group_3,52,0.5320187187508533,0.517259418964386,0.6088451147079468,,,,,,,
realmlp,all,53,0.49273198607720825,0.47579631209373474,0.6362480521202087,1.2177501901199943,0.28464012083254364,0.3880302608013153,0.6823221860747588,0.5371029502467105,0.6842750906944275,0.5979853272438049
realmlp,kpx_group_1,53,0.48657535447886113,0.47554877400398254,0.641332745552063,,,,,,,
realmlp,kpx_group_2,53,0.4562763238423749,0.448522686958313,0.6496203541755676,,,,,,,
realmlp,kpx_group_3,53,0.5353442697148574,0.5033173561096191,0.6177908778190613,,,,,,,
realmlp,all,54,0.4914135438831229,0.4735630452632904,0.6402429938316345,1.2178442587977962,0.28441653635941055,0.37817278504371643,0.6837682441661233,0.5389661287006579,0.6716015934944153,0.6753662824630737
realmlp,kpx_group_1,54,0.4839387339980979,0.463486909866333,0.6550040245056152,,,,,,,
realmlp,kpx_group_2,54,0.45616124452728973,0.4431583285331726,0.6556992530822754,,,,,,,
realmlp,kpx_group_3,54,0.5341406484183512,0.5140438079833984,0.6100256443023682,,,,,,,
realmlp,all,55,0.49241230166272115,0.47927120327949524,0.6340867877006531,1.2184655823205646,0.28446271662649353,0.37628456950187683,0.6833838843985608,0.5424354954769737,0.6801145672798157,0.5883699655532837
realmlp,kpx_group_1,55,0.48346374536815445,0.4729711413383484,0.645413875579834,,,,,,,
realmlp,kpx_group_2,55,0.4574159630819371,0.44092005491256714,0.6557862162590027,,,,,,,
realmlp,kpx_group_3,55,0.5363572016358376,0.5239225029945374,0.601060152053833,,,,,,,
realmlp,all,56,0.4960096713743712,0.4928818941116333,0.6214333176612854,1.2243059042252993,0.2861078808966436,0.37113770842552185,0.6853800447363603,0.5358308490953947,0.6813462376594543,0.5384615659713745
realmlp,kpx_group_1,56,0.48626509151960673,0.4962463974952698,0.6243149638175964,,,,,,,
realmlp,kpx_group_2,56,0.4591590871936397,0.4406251311302185,0.6541664600372314,,,,,,,
realmlp,kpx_group_3,56,0.5426048483503493,0.5417740345001221,0.5858184695243835,,,,,,,
realmlp,all,57,0.4964136685195722,0.48593607544898987,0.6274842619895935,1.2232246367554915,0.2861351002203791,0.39340782165527344,0.683890691713283,0.5435855263157895,0.6736217737197876,0.6085164546966553
realmlp,kpx_group_1,57,0.48785790134417384,0.4594684839248657,0.654012143611908,,,,,,,
realmlp,kpx_group_2,57,0.46227779278629705,0.44749775528907776,0.647965669631958,,,,,,,
realmlp,kpx_group_3,57,0.5391053204473696,0.5508420467376709,0.5804749727249146,,,,,,,
realmlp,all,58,0.4973078530869986,0.506784200668335,0.6160483360290527,1.2235393194775832,0.28630607143828746,0.392604798078537,0.6832855743797202,0.5401290090460527,0.6757288575172424,0.6694139242172241
realmlp,kpx_group_1,58,0.48698583833481135,0.5157447457313538,0.614491879940033,,,,,,,
realmlp,kpx_group_2,58,0.4598599558598117,0.44095784425735474,0.6556302309036255,,,,,,,
realmlp,kpx_group_3,58,0.5450777717326817,0.5636500120162964,0.5780228972434998,,,,,,,
realmlp,all,59,0.4955150571308638,0.4900222718715668,0.6244885325431824,1.2241930742012828,0.28713996982888174,0.3944484293460846,0.6856070121652201,0.5395315069901315,0.6821374297142029,0.6163003444671631
realmlp,kpx_group_1,59,0.48844205078325775,0.4798918664455414,0.6366403102874756,,,,,,,
realmlp,kpx_group_2,59,0.45926790292325775,0.4401550889015198,0.6551016569137573,,,,,,,
realmlp,kpx_group_3,59,0.5388352259209281,0.5500196814537048,0.5817238092422485,,,,,,,
realmlp,all,60,0.4907862316620977,0.4847283363342285,0.6279147267341614,1.2165226010899794,0.28468403926021174,0.386631041765213,0.6830337682836934,0.5437332956414473,0.6706970930099487,0.613095223903656
realmlp,kpx_group_1,60,0.4837394074389809,0.45017746090888977,0.6563270688056946,,,,,,,
realmlp,kpx_group_2,60,0.4538453676198658,0.44919252395629883,0.6455636024475098,,,,,,,
realmlp,kpx_group_3,60,0.5347739301229778,0.5548150539398193,0.5818535685539246,,,,,,,
realmlp,all,61,0.4934769284568335,0.4709346294403076,0.6394017338752747,1.2212976750574613,0.2853608468645497,0.3879692554473877,0.6850166156103736,0.5367752878289473,0.675907552242279,0.6959707140922546
realmlp,kpx_group_1,61,0.4831572814207328,0.45297539234161377,0.6601089239120483,,,,,,,
realmlp,kpx_group_2,61,0.4549394273444226,0.43870845437049866,0.6593839526176453,,,,,,,
realmlp,kpx_group_3,61,0.5423340769974809,0.5211198925971985,0.5987123250961304,,,,,,,
realmlp,all,62,0.4912522952807577,0.4910392463207245,0.6254493594169617,1.2186222782260494,0.2852284057359946,0.38068708777427673,0.6845857304962057,0.5436176500822368,0.6800578236579895,0.5714285969734192
realmlp,kpx_group_1,62,0.4839440690059411,0.4575999975204468,0.6562474966049194,,,,,,,
realmlp,kpx_group_2,62,0.45512771488804565,0.44319507479667664,0.650361955165863,,,,,,,
realmlp,kpx_group_3,62,0.5346850944977057,0.57232266664505,0.5697386264801025,,,,,,,
realmlp,all,63,0.4851385500085981,0.49581122398376465,0.622654378414154,1.2116317121606124,0.28196483811265544,0.3738989531993866,0.6841984391212463,0.5406429893092105,0.6675737500190735,0.6185897588729858
realmlp,kpx_group_1,63,0.47608270221634913,0.48941943049430847,0.6300692558288574,,,,,,,
realmlp,kpx_group_2,63,0.451702124194095,0.4403191804885864,0.65751713514328,,,,,,,
realmlp,kpx_group_3,63,0.5276308220468069,0.5576950907707214,0.5803765654563904,,,,,,,
realmlp,all,64,0.48442242529831436,0.4797349274158478,0.63520747423172,1.2121316680782719,0.2800223427383523,0.37120261788368225,0.6857058719584816,0.5359400699013158,0.6723971962928772,0.5782967209815979
realmlp,kpx_group_1,64,0.47720746617568166,0.4338207542896271,0.6753026247024536,,,,,,,
realmlp,kpx_group_2,64,0.44599042362288427,0.4363495111465454,0.6588109731674194,,,,,,,
realmlp,kpx_group_3,64,0.5300693868806488,0.5690345764160156,0.5715089440345764,,,,,,,
realmlp,all,65,0.48135991786655624,0.4821455478668213,0.6320875883102417,1.2074845260695408,0.2797992849036267,0.3650389611721039,0.6841547042131424,0.5543726870888158,0.674694299697876,0.5650182962417603
realmlp,kpx_group_1,65,0.47173835650870677,0.4679903984069824,0.6477206945419312,,,,,,,
realmlp,kpx_group_2,65,0.4466333083416286,0.43345436453819275,0.6622283458709717,,,,,,,
realmlp,kpx_group_3,65,0.5257080973763215,0.5449918508529663,0.5863136053085327,,,,,,,
realmlp,all,66,0.47567764081453023,0.48745623230934143,0.6280967593193054,1.201060044138055,0.27460795072348493,0.3595622479915619,0.6841912175479689,0.5561330694901315,0.696314811706543,0.4372710585594177
realmlp,kpx_group_1,66,0.46628269043407944,0.4611039459705353,0.6509190797805786,,,,,,,
realmlp,kpx_group_2,66,0.44070262540327876,0.430679053068161,0.6633776426315308,,,,,,,
realmlp,kpx_group_3,66,0.5200476015084669,0.5705856680870056,0.5699936151504517,,,,,,,
realmlp,all,67,0.4740731473031797,0.4777778089046478,0.6335446238517761,1.1993081585357064,0.2752626173590359,0.35269108414649963,0.68394562053053,0.5504343133223685,0.6639271378517151,0.6048534512519836
realmlp,kpx_group_1,67,0.4655426748489079,0.4621213674545288,0.6522542238235474,,,,,,,
realmlp,kpx_group_2,67,0.4376270496531537,0.4456675946712494,0.650145947933197,,,,,,,
realmlp,kpx_group_3,67,0.5190497111333044,0.5255444645881653,0.598233699798584,,,,,,,
realmlp,all,68,0.4670497147660506,0.483978271484375,0.6323750615119934,1.1936070793553402,0.27308111990752976,0.3639892041683197,0.6855952002500233,0.5499588815789473,0.6810681223869324,0.5489926934242249
realmlp,kpx_group_1,68,0.45651677290075704,0.4839518964290619,0.6375831365585327,,,,,,,
realmlp,kpx_group_2,68,0.43437826594239787,0.4306793212890625,0.6653931140899658,,,,,,,
realmlp,kpx_group_3,68,0.5102541042785895,0.5373035669326782,0.5941489934921265,,,,,,,
realmlp,all,69,0.4630755821340962,0.48029327392578125,0.6346146464347839,1.1881927079276036,0.27091848418900843,0.35978785157203674,0.6844793487536279,0.5503572162828947,0.6953954100608826,0.5329670310020447
realmlp,kpx_group_1,69,0.4533622676604672,0.46845191717147827,0.6475851535797119,,,,,,,
realmlp,kpx_group_2,69,0.4277461194678357,0.4328530728816986,0.664543628692627,,,,,,,
realmlp,kpx_group_3,69,0.5081183506469977,0.5395748615264893,0.5917151570320129,,,,,,,
realmlp,all,70,0.4594898192506087,0.46614208817481995,0.641591489315033,1.183285975142529,0.26920137083844137,0.37889206409454346,0.6834159399333753,0.5541092722039473,0.6850844025611877,0.47252747416496277
realmlp,kpx_group_1,70,0.45235862308426905,0.45257580280303955,0.6586342453956604,,,,,,,
realmlp,kpx_group_2,70,0.42299386113882065,0.44570377469062805,0.6504316329956055,,,,,,,
realmlp,kpx_group_3,70,0.5031169609803903,0.5001465678215027,0.6157086491584778,,,,,,,
realmlp,all,71,0.4561333593569304,0.47396495938301086,0.6397303938865662,1.1808996467213881,0.2673078610708839,0.35844412446022034,0.684670101655157,0.5558760793585527,0.6806651949882507,0.5219780206680298
realmlp,kpx_group_1,71,0.45008913741299983,0.4487253427505493,0.6638588905334473,,,,,,,
realmlp,kpx_group_2,71,0.4226791297918872,0.4381132125854492,0.6590515375137329,,,,,,,
realmlp,kpx_group_3,71,0.4956318022389161,0.5350564122200012,0.596280574798584,,,,,,,
realmlp,all,72,0.45285338320230184,0.4741683900356293,0.6401903033256531,1.1761950834801322,0.2643196304377757,0.36827635765075684,0.6836937728681063,0.5500038548519737,0.6947222352027893,0.46565935015678406
realmlp,kpx_group_1,72,0.44351575131479065,0.4641485810279846,0.6521543860435486,,,,,,,
realmlp,kpx_group_2,72,0.41958977948678167,0.4331495761871338,0.6660314798355103,,,,,,,
realmlp,kpx_group_3,72,0.49545462076601227,0.525206983089447,0.6023851633071899,,,,,,,
realmlp,all,73,0.4447041918572627,0.45980915427207947,0.6497589945793152,1.1676498353481293,0.26203274373945434,0.35818615555763245,0.6836407302241576,0.5632388466282895,0.6760856509208679,0.5201465487480164
realmlp,kpx_group_1,73,0.43814417562986674,0.4450908303260803,0.6661566495895386,,,,,,,
realmlp,kpx_group_2,73,0.4116456810581057,0.4369441866874695,0.6626695394515991,,,,,,,
realmlp,kpx_group_3,73,0.4843227165310006,0.4973922669887543,0.6204508543014526,,,,,,,
realmlp,all,74,0.4395608411807763,0.4728262424468994,0.6399410367012024,1.1603878375731016,0.2608021440866746,0.3553280830383301,0.6817066661621395,0.568346525493421,0.6703938841819763,0.5398351550102234
realmlp,kpx_group_1,74,0.43143714297758906,0.45800158381462097,0.6554962992668152,,,,,,,
realmlp,kpx_group_2,74,0.4065659187341991,0.43876907229423523,0.6569852232933044,,,,,,,
realmlp,kpx_group_3,74,0.48067947555529444,0.5217080116271973,0.6073416471481323,,,,,,,
realmlp,all,75,0.4309930338671333,0.4841918647289276,0.631931722164154,1.1523099714203884,0.25699036254694585,0.37272942066192627,0.6827683637016698,0.5587864925986842,0.6685572862625122,0.5618131756782532
realmlp,kpx_group_1,75,0.42380328162720327,0.47975704073905945,0.640257716178894,,,,,,,
realmlp,kpx_group_2,75,0.39859036748346527,0.44080471992492676,0.656019389629364,,,,,,,
realmlp,kpx_group_3,75,0.4705854548435462,0.5320138335227966,0.5995181798934937,,,,,,,
realmlp,all,76,0.4260503504621355,0.4683903455734253,0.6441049575805664,1.1485574370936344,0.2541232910987578,0.35449132323265076,0.6843885936235127,0.5576364617598685,0.6715260148048401,0.5476190447807312
realmlp,kpx_group_1,76,0.41754976150236633,0.46254658699035645,0.6535718441009521,,,,,,,
realmlp,kpx_group_2,76,0.3968998723124203,0.4297912120819092,0.6653527021408081,,,,,,,
realmlp,kpx_group_3,76,0.4637014324727811,0.512833297252655,0.6133902668952942,,,,,,,
realmlp,all,77,0.41949487006977987,0.47090402245521545,0.64122074842453,1.1416308973964893,0.2507741661056092,0.3536299765110016,0.6845199010874096,0.562365080180921,0.6796563267707825,0.4853479862213135
realmlp,kpx_group_1,77,0.4133333767715253,0.45439058542251587,0.6593417525291443,,,,,,,
realmlp,kpx_group_2,77,0.38958831366739777,0.4389478862285614,0.6574528217315674,,,,,,,
realmlp,kpx_group_3,77,0.4555629095748851,0.5193736553192139,0.6068677306175232,,,,,,,
realmlp,all,78,0.41287291638161006,0.4924321472644806,0.6272931694984436,1.133109189962086,0.25042396156411423,0.3524210751056671,0.6826726802085575,0.5713790090460527,0.6787338852882385,0.4972527325153351
realmlp,kpx_group_1,78,0.4078816395056875,0.49164819717407227,0.6324816346168518,,,,,,,
realmlp,kpx_group_2,78,0.38519084296728434,0.43697771430015564,0.6615729331970215,,,,,,,
realmlp,kpx_group_3,78,0.4455462788280688,0.5486705899238586,0.5878249406814575,,,,,,,
realmlp,all,79,0.40704696939179774,0.4777153432369232,0.6363275647163391,1.126596290814249,0.2475916153114093,0.3593498170375824,0.6824105860371339,0.5769299958881579,0.6677370667457581,0.5306776762008667
realmlp,kpx_group_1,79,0.4003953286691716,0.4561636745929718,0.6565728783607483,,,,,,,
realmlp,kpx_group_2,79,0.380254332564379,0.43998703360557556,0.6586220264434814,,,,,,,
realmlp,kpx_group_3,79,0.4404912649800903,0.5369952917098999,0.5937879085540771,,,,,,,
realmlp,all,80,0.4020534506753871,0.48305463790893555,0.631959855556488,1.1207844614982605,0.24450540111253136,0.35603153705596924,0.6820551941269323,0.564562345805921,0.6677459478378296,0.5540292859077454
realmlp,kpx_group_1,80,0.39852850962626307,0.4737004041671753,0.6440162062644958,,,,,,,
realmlp,kpx_group_2,80,0.3732723711352599,0.4396834671497345,0.6567771434783936,,,,,,,
realmlp,kpx_group_3,80,0.4343594696960951,0.5357798933982849,0.5950862169265747,,,,,,,
realmlp,all,81,0.39569567575266484,0.47471845149993896,0.6388913989067078,1.1147208652998273,0.2423447088191384,0.3640596866607666,0.6826734793813605,0.5776431435032895,0.6720303893089294,0.528388261795044
realmlp,kpx_group_1,81,0.390377104674515,0.4569242298603058,0.6554486751556396,,,,,,,
realmlp,kpx_group_2,81,0.36778223161634643,0.43607503175735474,0.6603662967681885,,,,,,,
realmlp,kpx_group_3,81,0.4289277031233436,0.5311561226844788,0.6008592247962952,,,,,,,
realmlp,all,82,0.39114982830850703,0.4790807068347931,0.6350002884864807,1.1090560131951381,0.24036068430072383,0.3608161509037018,0.6818520669874392,0.5785297594572368,0.6713757514953613,0.5402930378913879
realmlp,kpx_group_1,82,0.38745096992505224,0.4685208201408386,0.6471492648124695,,,,,,,
realmlp,kpx_group_2,82,0.36469681208070953,0.43364861607551575,0.6629247069358826,,,,,,,
realmlp,kpx_group_3,82,0.42130170840966075,0.5350727438926697,0.5949269533157349,,,,,,,
realmlp,all,83,0.38545547974737066,0.47550758719444275,0.6387888789176941,1.1030356899688118,0.2396180768938441,0.35673487186431885,0.6816374957561493,0.5834511204769737,0.6750175356864929,0.5228937864303589
realmlp,kpx_group_1,83,0.3824221934927137,0.462472528219223,0.6510794758796692,,,,,,,
realmlp,kpx_group_2,83,0.3589066702284311,0.43486469984054565,0.6644080877304077,,,,,,,
realmlp,kpx_group_3,83,0.4150375782659179,0.52918541431427,0.6008788347244263,,,,,,,
realmlp,all,84,0.3800404216898115,0.47688722610473633,0.6375991106033325,1.097498169070796,0.23840695580369548,0.35906514525413513,0.6816966980695724,0.5806884765625,0.6721063256263733,0.5370879173278809
realmlp,kpx_group_1,84,0.3776267586570037,0.4629066586494446,0.6537895798683167,,,,,,,
realmlp,kpx_group_2,84,0.3548126342265229,0.4360845983028412,0.6599738597869873,,,,,,,
realmlp,kpx_group_3,84,0.40768186826454966,0.5316703915596008,0.5990339517593384,,,,,,,
realmlp,all,85,0.3773758156519187,0.48033058643341064,0.6356609463691711,1.0940813202607005,0.23697994767050995,0.3584543466567993,0.681158508909376,0.5873766447368421,0.6770140528678894,0.5137362480163574
realmlp,kpx_group_1,85,0.373917161241958,0.4695686995983124,0.648269772529602,,,,,,,
realmlp,kpx_group_2,85,0.35150759078954397,0.4352976977825165,0.6630615592002869,,,,,,,
realmlp,kpx_group_3,85,0.40670270551192134,0.5361254215240479,0.5956515669822693,,,,,,,
realmlp,all,86,0.3723719837634187,0.4779227674007416,0.6379435658454895,1.087640610180403,0.23574967113764664,0.35934460163116455,0.6799061753247914,0.5881990131578947,0.6759518384933472,0.5155677795410156
realmlp,kpx_group_1,86,0.37006741762161255,0.46737366914749146,0.6485992670059204,,,,,,,
realmlp,kpx_group_2,86,0.3475445732474327,0.4329293668270111,0.6659416556358337,,,,,,,
realmlp,kpx_group_3,86,0.39950395297063024,0.5334652662277222,0.5992898344993591,,,,,,,
realmlp,all,87,0.36922512399522883,0.47921422123908997,0.6362901329994202,1.085152334288547,0.23455777038869105,0.3573193848133087,0.68074353666682,0.5812474300986842,0.6728662252426147,0.5297619104385376
realmlp,kpx_group_1,87,0.36699887286675603,0.465750128030777,0.649437427520752,,,,,,,
realmlp,kpx_group_2,87,0.3457516976877263,0.43702951073646545,0.6612791419029236,,,,,,,
realmlp,kpx_group_3,87,0.39492480652896983,0.5348631143569946,0.5981539487838745,,,,,,,
realmlp,all,88,0.36673358004344137,0.4764483869075775,0.6386354565620422,1.0820977656464827,0.23398726139413684,0.3582865297794342,0.6802660995408109,0.5830913342927632,0.6754639744758606,0.5206043720245361
realmlp,kpx_group_1,88,0.36602265583841426,0.46184292435646057,0.6529491543769836,,,,,,,
realmlp,kpx_group_2,88,0.34202612505147334,0.4366338849067688,0.6634954810142517,,,,,,,
realmlp,kpx_group_3,88,0.3921519564954858,0.5308683514595032,0.5994616746902466,,,,,,,
realmlp,all,89,0.36560533195734024,0.4797883927822113,0.6365411281585693,1.0810798579140712,0.23325417661353162,0.35873234272003174,0.6804864069348887,0.5812153063322368,0.6734073162078857,0.5343406796455383
realmlp,kpx_group_1,89,0.3639825606032422,0.46601444482803345,0.6496833562850952,,,,,,,
realmlp,kpx_group_2,89,0.3418197922016445,0.4376979470252991,0.6623867750167847,,,,,,,
realmlp,kpx_group_3,89,0.3910136336558743,0.535652756690979,0.5975533127784729,,,,,,,
realmlp,all,90,0.36373854506956904,0.4792992174625397,0.6368466019630432,1.0788146210344214,0.23251123745974742,0.3591240644454956,0.6801993878264176,0.582288240131579,0.6739259958267212,0.5325091481208801
realmlp,kpx_group_1,90,0.36181007404076426,0.465908408164978,0.6496393084526062,,,,,,,
realmlp,kpx_group_2,90,0.3399472162127495,0.4363836348056793,0.6640925407409668,,,,,,,
realmlp,kpx_group_3,90,0.38945835044509486,0.5356057286262512,0.5968079566955566,,,,,,,
realmlp,all,91,0.36095049742021057,0.47828689217567444,0.6379292011260986,1.0762784308508824,0.23238322825024002,0.35926398634910583,0.6804704556339666,0.5823717619243421,0.6740623712539673,0.5325091481208801
realmlp,kpx_group_1,91,0.36082325287555395,0.46746304631233215,0.6484053730964661,,,,,,,
realmlp,kpx_group_2,91,0.3389037878889787,0.4367835521697998,0.6645699143409729,,,,,,,
realmlp,kpx_group_3,91,0.38312445071182755,0.5306141376495361,0.6008123755455017,,,,,,,
realmlp,all,92,0.36193173927696126,0.4783186912536621,0.6378251314163208,1.07748366029639,0.23236878294693797,0.3595827519893646,0.6806965995776025,0.5835217927631579,0.6741083860397339,0.5288461446762085
realmlp,kpx_group_1,92,0.36034055211042104,0.46583524346351624,0.6497209668159485,,,,,,,
realmlp,kpx_group_2,92,0.33945782521837636,0.4370388686656952,0.6634514331817627,,,,,,,
realmlp,kpx_group_3,92,0.38599684089422226,0.5320819616317749,0.6003029942512512,,,,,,,
realmlp,all,93,0.3607926325578439,0.4784235656261444,0.6377132534980774,1.0762221593605845,0.23223459779431946,0.3595692813396454,0.6805943391825023,0.5828536184210527,0.6742576360702515,0.5279303789138794
realmlp,kpx_group_1,93,0.35909248927706167,0.4662703275680542,0.6493508815765381,,,,,,,
realmlp,kpx_group_2,93,0.3381679501188429,0.4369161128997803,0.6636927723884583,,,,,,,
realmlp,kpx_group_3,93,0.385117464943936,0.5320842266082764,0.6000962257385254,,,,,,,
realmlp,all,94,0.36053112462947245,0.47836652398109436,0.6377663612365723,1.0761697684463702,0.2322779160581137,0.3595893383026123,0.6807969620353297,0.5828214946546053,0.6742197275161743,0.528388261795044
realmlp,kpx_group_1,94,0.35951116641885356,0.46611595153808594,0.649277925491333,,,,,,,
realmlp,kpx_group_2,94,0.33802129759600286,0.43692120909690857,0.6636797189712524,,,,,,,
realmlp,kpx_group_3,94,0.3840609181084131,0.5320624113082886,0.6003413200378418,,,,,,,
realmlp,all,95,0.36100135233841446,0.4784470498561859,0.6383610367774963,1.0765178454549689,0.2325666744850184,0.359544962644577,0.6806314924829885,0.5842220908717105,0.6742547154426575,0.5270146727561951
realmlp,kpx_group_1,95,0.3593397634594064,0.4655992388725281,0.651404619216919,,,,,,,
realmlp,kpx_group_2,95,0.3384660086349437,0.4367445111274719,0.664065957069397,,,,,,,
realmlp,kpx_group_3,95,0.38519827590176936,0.5329972505569458,0.5996126532554626,,,,,,,
realmlp,all,96,0.36059341226753433,0.47960028052330017,0.6365087628364563,1.0768161118030548,0.23275785795167872,0.3595717251300812,0.6813090184801504,0.582994962993421,0.6739910244941711,0.5297619104385376
realmlp,kpx_group_1,96,0.35978995969420985,0.465283066034317,0.6508165597915649,,,,,,,
realmlp,kpx_group_2,96,0.33895690543086904,0.43697962164878845,0.6631567478179932,,,,,,,
realmlp,kpx_group_3,96,0.3830333650112152,0.5365381240844727,0.5955531597137451,,,,,,,
realmlp,all,97,0.36073114252404165,0.47863927483558655,0.6377222537994385,1.076160840298,0.23226813756321607,0.3589332103729248,0.6805894868938547,0.5818449321546053,0.6738395690917969,0.5306776762008667
realmlp,kpx_group_1,97,0.3610180926166083,0.46591150760650635,0.6496957540512085,,,,,,,
realmlp,kpx_group_2,97,0.33695496540320546,0.4373173713684082,0.6642875671386719,,,,,,,
realmlp,kpx_group_3,97,0.3842203597489156,0.5326889157295227,0.5991834402084351,,,,,,,
realmlp,all,98,0.3620470511285882,0.48049482703208923,0.6359446048736572,1.077826898348959,0.2322773168745794,0.3605281412601471,0.6809382454345101,0.5818513569078947,0.6728038191795349,0.5338827967643738
realmlp,kpx_group_1,98,0.3607944163836931,0.46778494119644165,0.6490617990493774,,,,,,,
realmlp,kpx_group_2,98,0.33869143104866933,0.4387374520301819,0.6628376841545105,,,,,,,
realmlp,kpx_group_3,98,0.3866553067376739,0.5349620580673218,0.5959343910217285,,,,,,,
realmlp,all,99,0.3611085975640698,0.48058804869651794,0.6356519460678101,1.0767170896655636,0.2326645327633933,0.3589552342891693,0.6807088012758055,0.5814979954769737,0.6745072603225708,0.5274725556373596
realmlp,kpx_group_1,99,0.35935717389771815,0.46622776985168457,0.6512265205383301,,,,,,,
realmlp,kpx_group_2,99,0.33891185490708603,0.43932044506073,0.661564826965332,,,,,,,
realmlp,kpx_group_3,99,0.38505677408293676,0.5362158417701721,0.5941644310951233,,,,,,,
realmlp,all,100,0.36244723789001765,0.47997674345970154,0.6351565718650818,1.0785992616101314,0.23321184790448138,0.36134228110313416,0.681170243965952,0.58203125,0.6722721457481384,0.5320512652397156
realmlp,kpx_group_1,100,0.3612249062249535,0.4640248417854309,0.6509727239608765,,,,,,,
realmlp,kpx_group_2,100,0.33959469199180603,0.43751776218414307,0.6611731648445129,,,,,,,
realmlp,kpx_group_3,100,0.38652210917912033,0.5383875370025635,0.593323826789856,,,,,,,
realmlp,all,101,0.36384213755005285,0.4785807430744171,0.6383271813392639,1.079719797561043,0.23240562489158229,0.35985732078552246,0.6810168208260285,0.5810225637335527,0.6712828874588013,0.541208803653717
realmlp,kpx_group_1,101,0.36294544056842204,0.46393170952796936,0.6526344418525696,,,,,,,
realmlp,kpx_group_2,101,0.33943808627756017,0.44196775555610657,0.6599374413490295,,,,,,,
realmlp,kpx_group_3,101,0.38914288776485545,0.5298427939414978,0.6024096012115479,,,,,,,
realmlp,all,102,0.36402997021612366,0.47945132851600647,0.6357380747795105,1.0797143327562433,0.23260375935780375,0.36188337206840515,0.6807938069105148,0.5800395764802632,0.6735440492630005,0.5270146727561951
realmlp,kpx_group_1,102,0.3631082530084409,0.4620650112628937,0.6515754461288452,,,,,,,
realmlp,kpx_group_2,102,0.33938244416525487,0.43878158926963806,0.659999668598175,,,,,,,
realmlp,kpx_group_3,102,0.3895992115139961,0.5375074744224548,0.5956390500068665,,,,,,,
realmlp,all,103,0.3642893045356399,0.48288536071777344,0.633892297744751,1.0804292496881986,0.23273605990566706,0.3593802750110626,0.6812295168638229,0.5800460012335527,0.6750646233558655,0.5329670310020447
realmlp,kpx_group_1,103,0.3621745807559867,0.4615558683872223,0.6528308391571045,,,,,,,
realmlp,kpx_group_2,103,0.3410943742645414,0.4419637620449066,0.6576687097549438,,,,,,,
realmlp,kpx_group_3,103,0.3895989613313424,0.5451363921165466,0.5911774039268494,,,,,,,
realmlp,all,104,0.36543729038614975,0.4792461395263672,0.6355223059654236,1.0820337706490566,0.23307779313702331,0.3553415834903717,0.6816348151156777,0.5776816920230263,0.6747228503227234,0.5370879173278809
realmlp,kpx_group_1,104,0.3631002538298306,0.4662112295627594,0.6482598185539246,,,,,,,
realmlp,kpx_group_2,104,0.3412852808833122,0.44031453132629395,0.6580580472946167,,,,,,,
realmlp,kpx_group_3,104,0.3919263407588005,0.5312126874923706,0.6002491116523743,,,,,,,
realmlp,all,105,0.36614596530010823,0.4804117977619171,0.6351791620254517,1.0832647618494535,0.23272032937721202,0.35999664664268494,0.6822107497014498,0.5760883532072368,0.6724367737770081,0.5691391825675964
realmlp,kpx_group_1,105,0.3641277210492837,0.47090768814086914,0.6484329104423523,,,,,,,
realmlp,kpx_group_2,105,0.3433842129613224,0.4355701208114624,0.661347508430481,,,,,,,
realmlp,kpx_group_3,105,0.3909259465964217,0.5347576141357422,0.5957571268081665,,,,,,,
realmlp,all,106,0.3659518459125569,0.4810585081577301,0.6353631615638733,1.0828984834645923,0.2333160599595622,0.35621902346611023,0.681949222558423,0.5720857319078947,0.6762035489082336,0.5228937864303589
realmlp,kpx_group_1,106,0.36467617005109787,0.4655532240867615,0.6509459614753723,,,,,,,
realmlp,kpx_group_2,106,0.3422273495479634,0.43779298663139343,0.6608899235725403,,,,,,,
realmlp,kpx_group_3,106,0.39095200990375717,0.5398291945457458,0.5942535996437073,,,,,,,
realmlp,all,107,0.3673081794067433,0.47889700531959534,0.6365458965301514,1.0848470392980074,0.23270063964944138,0.35883745551109314,0.6826337662182356,0.5766344572368421,0.6826323866844177,0.531593382358551
realmlp,kpx_group_1,107,0.3649153062387517,0.46462172269821167,0.6509144306182861,,,,,,,
realmlp,kpx_group_2,107,0.343690392218138,0.43833646178245544,0.6613510251045227,,,,,,,
realmlp,kpx_group_3,107,0.39331882995994466,0.5337327122688293,0.59737229347229,,,,,,,
realmlp,all,108,0.36747508809754725,0.4811747074127197,0.633911669254303,1.0854023067574752,0.23249292863827004,0.36395397782325745,0.683053278609326,0.5701133326480263,0.6755099892616272,0.5375458002090454
realmlp,kpx_group_1,108,0.3658748378879146,0.4675097167491913,0.6490428447723389,,,,,,,
realmlp,kpx_group_2,108,0.34256139711329814,0.4400230348110199,0.658958911895752,,,,,,,
realmlp,kpx_group_3,108,0.39398902811502157,0.5359912514686584,0.5937331914901733,,,,,,,
realmlp,all,109,0.36870669416691126,0.48530685901641846,0.631748378276825,1.0857043156498356,0.23274252838210055,0.36232367157936096,0.6820862567738483,0.573717619243421,0.6742610335350037,0.5439560413360596
realmlp,kpx_group_1,109,0.36635606500663254,0.46346351504325867,0.6528761386871338,,,,,,,
realmlp,kpx_group_2,109,0.34452220954393087,0.4418105185031891,0.6557809114456177,,,,,,,
realmlp,kpx_group_3,109,0.3952417946175525,0.5506466627120972,0.5865879058837891,,,,,,,
realmlp,all,110,0.3695953331495586,0.48508766293525696,0.6310820579528809,1.0876339815164868,0.23320747657041802,0.35702380537986755,0.6830575293616244,0.5671579461348685,0.6818554997444153,0.5059523582458496
realmlp,kpx_group_1,110,0.37054900550528574,0.46872374415397644,0.6462141871452332,,,,,,,
realmlp,kpx_group_2,110,0.3447490671747609,0.4410499632358551,0.6584762930870056,,,,,,,
realmlp,kpx_group_3,110,0.3934879279450366,0.5454893112182617,0.5885557532310486,,,,,,,
realmlp,all,111,0.3699160829970711,0.47949886322021484,0.634268045425415,1.0870519045152163,0.232904444203565,0.35841354727745056,0.6822001494859394,0.570665861430921,0.6753838062286377,0.5192307829856873
realmlp,kpx_group_1,111,0.3684249928123073,0.4633811414241791,0.6490861773490906,,,,,,,
realmlp,kpx_group_2,111,0.34561978319757863,0.43886324763298035,0.6596599221229553,,,,,,,
realmlp,kpx_group_3,111,0.3957034867060812,0.5362521409988403,0.5940579771995544,,,,,,,
realmlp,all,112,0.36973018865836293,0.48922276496887207,0.6276099681854248,1.088361840499075,0.23180718543498138,0.3621255159378052,0.6838605803878683,0.5584202816611842,0.6773644685745239,0.5206043720245361
realmlp,kpx_group_1,112,0.36639061334886047,0.4731462597846985,0.6438238620758057,,,,,,,
realmlp,kpx_group_2,112,0.3427302684438856,0.43988269567489624,0.6581361889839172,,,,,,,
realmlp,kpx_group_3,112,0.4000696853587502,0.5546392202377319,0.5808699131011963,,,,,,,
realmlp,all,113,0.3689191560996206,0.4968778192996979,0.6220875382423401,1.0880933513766842,0.23278993505396342,0.3620358407497406,0.6842557050679859,0.5628726356907895,0.6835340857505798,0.5219780206680298
realmlp,kpx_group_1,113,0.3651133544350925,0.4771280586719513,0.641035795211792,,,,,,,
realmlp,kpx_group_2,113,0.3449424779728839,0.44646260142326355,0.6544587016105652,,,,,,,
realmlp,kpx_group_3,113,0.3967016300088481,0.5670428276062012,0.5707681179046631,,,,,,,
realmlp,all,114,0.3710066189891414,0.48718753457069397,0.6291595101356506,1.0902396095426459,0.23260129125494705,0.3584508001804352,0.6843428047079789,0.5665540193256579,0.6738293766975403,0.529304027557373
realmlp,kpx_group_1,114,0.3689007786543746,0.4737161099910736,0.6450209617614746,,,,,,,
realmlp,kpx_group_2,114,0.3469686472886487,0.44334766268730164,0.6554685235023499,,,,,,,
realmlp,kpx_group_3,114,0.3971504255344993,0.5444987416267395,0.5869892239570618,,,,,,,
realmlp,all,115,0.36987780073755666,0.47614768147468567,0.6391989588737488,1.0897326343937923,0.2306054748202625,0.3545255959033966,0.6852640140997736,0.5559274773848685,0.6760399341583252,0.5366300344467163
realmlp,kpx_group_1,115,0.3670973656208892,0.4763292074203491,0.6449851989746094,,,,,,,
realmlp,kpx_group_2,115,0.3432865762396863,0.4410786032676697,0.6615046262741089,,,,,,,
realmlp,kpx_group_3,115,0.3992494670184035,0.5110352039337158,0.6111069321632385,,,,,,,
realmlp,all,116,0.37040036446169805,0.4823775291442871,0.634693443775177,1.0884663807718378,0.23107227937955604,0.3590465486049652,0.6834051632567456,0.5608488384046053,0.6759599447250366,0.5357142686843872
realmlp,kpx_group_1,116,0.36652685231284093,0.4717906415462494,0.6482083797454834,,,,,,,
realmlp,kpx_group_2,116,0.34643370658159256,0.44008558988571167,0.6587156057357788,,,,,,,
realmlp,kpx_group_3,116,0.3982405266479442,0.5352563858032227,0.597156286239624,,,,,,,
realmlp,all,117,0.367586082925922,0.49048689007759094,0.6285940408706665,1.086744342979632,0.2307577044948151,0.3538428843021393,0.6845446142711138,0.5540514494243421,0.6824102997779846,0.5109890103340149
realmlp,kpx_group_1,117,0.3642634231793253,0.4720236659049988,0.6465821266174316,,,,,,,
realmlp,kpx_group_2,117,0.34413539539826543,0.4442204535007477,0.6598206758499146,,,,,,,
realmlp,kpx_group_3,117,0.3943594302001752,0.5552165508270264,0.5793792605400085,,,,,,,
realmlp,all,118,0.37200620574386495,0.48456406593322754,0.6310830116271973,1.0909559067926908,0.23060765509542666,0.35683393478393555,0.6843585568039041,0.5591784025493421,0.6658837795257568,0.5979853272438049
realmlp,kpx_group_1,118,0.37009653174563456,0.4632457196712494,0.6514033079147339,,,,,,,
realmlp,kpx_group_2,118,0.3440366591277875,0.4384545683860779,0.6600764989852905,,,,,,,
realmlp,kpx_group_3,118,0.401885419299728,0.551991879940033,0.5817692279815674,,,,,,,
realmlp,all,119,0.3669868821376248,0.4834634065628052,0.6346116662025452,1.0866449930165942,0.22862313707408152,0.36133691668510437,0.6853646275244261,0.5523424650493421,0.6730808615684509,0.5595238208770752
realmlp,kpx_group_1,119,0.36296176008488,0.478208988904953,0.6438344717025757,,,,,,,
realmlp,kpx_group_2,119,0.3435403563474354,0.44144338369369507,0.6598762273788452,,,,,,,
realmlp,kpx_group_3,119,0.3944585244906576,0.5307378172874451,0.6001243591308594,,,,,,,
realmlp,all,120,0.3691025748848915,0.5000556111335754,0.6197659969329834,1.0889590304148824,0.23025074307071536,0.3571123778820038,0.6853188425302505,0.5533511513157895,0.6749287843704224,0.5457875728607178
realmlp,kpx_group_1,120,0.36655415084801224,0.4971866309642792,0.6265856027603149,,,,,,,
realmlp,kpx_group_2,120,0.3435515369239606,0.44419869780540466,0.6549796462059021,,,,,,,
realmlp,kpx_group_3,120,0.3972020525681345,0.5587815642356873,0.5777328014373779,,,,,,,
realmlp,all,121,0.3665711766010837,0.498342901468277,0.6222958564758301,1.086585212694971,0.2303254367097428,0.35401901602745056,0.6854652213422876,0.5539615028782895,0.6833591461181641,0.5219780206680298
realmlp,kpx_group_1,121,0.3628126253422938,0.493468314409256,0.6304488778114319,,,,,,,
realmlp,kpx_group_2,121,0.34238617788804204,0.4463517367839813,0.6544291377067566,,,,,,,
realmlp,kpx_group_3,121,0.3945147304942733,0.555208683013916,0.5820094347000122,,,,,,,
realmlp,all,122,0.3667903287630332,0.4908234179019928,0.6275556087493896,1.086261738287775,0.22938164205927597,0.35187050700187683,0.6850641597258417,0.5517770867598685,0.6729444265365601,0.5636447072029114
realmlp,kpx_group_1,122,0.3628897137547794,0.4738397002220154,0.6451883912086487,,,,,,,
realmlp,kpx_group_2,122,0.3416311678133513,0.4437629282474518,0.6567404270172119,,,,,,,
realmlp,kpx_group_3,122,0.3958501106030063,0.554867684841156,0.5807381272315979,,,,,,,
realmlp,all,123,0.3680625201055878,0.4946343004703522,0.6239120364189148,1.0881417330942655,0.22835580141920792,0.3580375611782074,0.6858258341488085,0.5568462171052632,0.6661158800125122,0.5938644409179688
realmlp,kpx_group_1,123,0.3651413725394952,0.47815629839897156,0.6404594779014587,,,,,,,
realmlp,kpx_group_2,123,0.34329038074142054,0.4510344862937927,0.650709867477417,,,,,,,
realmlp,kpx_group_3,123,0.3957558078201194,0.554712176322937,0.5805667638778687,,,,,,,
realmlp,all,124,0.36307066679000854,0.4932037889957428,0.6250883936882019,1.081609142454047,0.22637968294714628,0.35628342628479004,0.6845815369957372,0.5599365234375,0.6855889558792114,0.5009157657623291
realmlp,kpx_group_1,124,0.3578286323892443,0.46341004967689514,0.6510787606239319,,,,,,,
realmlp,kpx_group_2,124,0.3374521787229337,0.4522111415863037,0.650708794593811,,,,,,,
realmlp,kpx_group_3,124,0.3939311829836745,0.5639902353286743,0.5734774470329285,,,,,,,
realmlp,all,125,0.3669062103880079,0.49132516980171204,0.6265496611595154,1.0858368497145803,0.22613285383895823,0.35372403264045715,0.6850107171033558,0.5553364000822368,0.6756167411804199,0.5535714030265808
realmlp,kpx_group_1,125,0.3608535088990864,0.4757970869541168,0.6436039805412292,,,,,,,
realmlp,kpx_group_2,125,0.33860006144172267,0.45014557242393494,0.6502145528793335,,,,,,,
realmlp,kpx_group_3,125,0.40126505886253555,0.5480329394340515,0.5858304500579834,,,,,,,
realmlp,all,126,0.3631978250647846,0.48579850792884827,0.6308363676071167,1.0824164575652073,0.22690995841434128,0.3497776687145233,0.6851821353561,0.5645237972861842,0.6637682914733887,0.6021062135696411
realmlp,kpx_group_1,126,0.3597545819847207,0.4817338287830353,0.6398895382881165,,,,,,,
realmlp,kpx_group_2,126,0.33766857848355647,0.44498410820961,0.6537131071090698,,,,,,,
realmlp,kpx_group_3,126,0.392170302962002,0.5306775569915771,0.598906397819519,,,,,,,
realmlp,all,127,0.36181795597076416,0.4949723184108734,0.6249638199806213,1.079417153408653,0.22397363852513463,0.3581562936306,0.6840031499925413,0.5474146792763158,0.6852856874465942,0.5013736486434937
realmlp,kpx_group_1,127,0.3580686551959891,0.4643133282661438,0.6503027081489563,,,,,,,
realmlp,kpx_group_2,127,0.3367176891157502,0.4535812437534332,0.6506636738777161,,,,,,,
realmlp,kpx_group_3,127,0.390667515365701,0.5670223236083984,0.5739251375198364,,,,,,,
realmlp,all,128,0.3599768124128643,0.5063409209251404,0.6171972751617432,1.0779579219065214,0.22379258431886373,0.35377562046051025,0.6844122174539065,0.5584395559210527,0.6725661754608154,0.5544871687889099
realmlp,kpx_group_1,128,0.35557537447465093,0.5087969899177551,0.6168608069419861,,,,,,,
realmlp,kpx_group_2,128,0.33670382436953095,0.4499981105327606,0.65418940782547,,,,,,,
realmlp,kpx_group_3,128,0.38765123761013937,0.560227632522583,0.5805416107177734,,,,,,,
realmlp,all,129,0.3578656511871438,0.4975646436214447,0.6218973398208618,1.0764841813790171,0.2237691391063364,0.36356982588768005,0.6850531611003374,0.5527793482730263,0.6647121906280518,0.6295787692070007
realmlp,kpx_group_1,129,0.3519870823151187,0.47596457600593567,0.6409686207771301,,,,,,,
realmlp,kpx_group_2,129,0.3319176843291835,0.44819244742393494,0.6525541543960571,,,,,,,
realmlp,kpx_group_3,129,0.3896921904463517,0.5685368180274963,0.572169303894043,,,,,,,
realmlp,all,130,0.35563296746266515,0.5022537708282471,0.6198516488075256,1.0750871614405983,0.22249453710882286,0.35633960366249084,0.6860800134508234,0.5431871916118421,0.6706053614616394,0.5549450516700745
realmlp,kpx_group_1,130,0.3537759482860565,0.5101253390312195,0.6180436015129089,,,,,,,
realmlp,kpx_group_2,130,0.32752187275572825,0.44954395294189453,0.6543598771095276,,,,,,,
realmlp,kpx_group_3,130,0.38560108840465546,0.5470920205116272,0.5871515274047852,,,,,,,
realmlp,all,131,0.3562542498111725,0.49914589524269104,0.6218101382255554,1.0744176491310722,0.21869638777877154,0.3688575327396393,0.6853589493977396,0.5576236122532895,0.680266261100769,0.5389193892478943
realmlp,kpx_group_1,131,0.3495041900559476,0.4917163848876953,0.6316819190979004,,,,,,,
realmlp,kpx_group_2,131,0.3294945139633982,0.44603681564331055,0.6535099744796753,,,,,,,
realmlp,kpx_group_3,131,0.38976404659057917,0.5596844553947449,0.5802385807037354,,,,,,,
realmlp,all,132,0.3502615384365383,0.49995580315589905,0.6197350025177002,1.0688796890409369,0.21796043530890816,0.36745214462280273,0.685924074367473,0.5429237767269737,0.6813173294067383,0.5096153616905212
realmlp,kpx_group_1,132,0.34573991322203684,0.4899536967277527,0.6320310235023499,,,,,,,
realmlp,kpx_group_2,132,0.32469492131157923,0.44787168502807617,0.6512873768806458,,,,,,,
realmlp,kpx_group_3,132,0.38034978783444356,0.5620421171188354,0.5758866667747498,,,,,,,
realmlp,all,133,0.348146077049406,0.49496373534202576,0.6229775547981262,1.0656446610626422,0.2144496342853496,0.37051448225975037,0.6853311406938654,0.5601485402960527,0.6830165386199951,0.5086996555328369
realmlp,kpx_group_1,133,0.3441546159355264,0.48870694637298584,0.6312531232833862,,,,,,,
realmlp,kpx_group_2,133,0.32310913973732996,0.4495534896850586,0.6509134769439697,,,,,,,
realmlp,kpx_group_3,133,0.3771744770439048,0.5466306805610657,0.5867660641670227,,,,,,,
realmlp,all,134,0.343598106189778,0.503166675567627,0.6195277571678162,1.0606208569125126,0.21519749454761805,0.3743995130062103,0.6847431244034516,0.5603284333881579,0.6840443015098572,0.48672160506248474
realmlp,kpx_group_1,134,0.3410755807631894,0.49735936522483826,0.6291836500167847,,,,,,,
realmlp,kpx_group_2,134,0.3194661803151432,0.4449140131473541,0.6575852632522583,,,,,,,
realmlp,kpx_group_3,134,0.3702525598438163,0.5672266483306885,0.5718142986297607,,,,,,,
realmlp,all,135,0.34363951886955063,0.49241551756858826,0.6260176301002502,1.060652820687545,0.21269653149341283,0.3756657540798187,0.6851088145845815,0.5613114206414473,0.6728284955024719,0.5714285969734192
realmlp,kpx_group_1,135,0.33840799253237874,0.4764370322227478,0.6436244249343872,,,,,,,
realmlp,kpx_group_2,135,0.3194540288103254,0.44939151406288147,0.6506426334381104,,,,,,,
realmlp,kpx_group_3,135,0.37305652271760137,0.5514179468154907,0.5837857723236084,,,,,,,
realmlp,all,136,0.33949045993779836,0.5060189366340637,0.6182050108909607,1.0568817806871313,0.210950675567514,0.36907267570495605,0.6857487159340006,0.5501002261513158,0.6795162558555603,0.5274725556373596
realmlp,kpx_group_1,136,0.33497229100842224,0.49633362889289856,0.6285814046859741,,,,,,,
realmlp,kpx_group_2,136,0.3140793003534016,0.4564622938632965,0.6499195098876953,,,,,,,
realmlp,kpx_group_3,136,0.36941978335380554,0.5652608871459961,0.5761141777038574,,,,,,,
realmlp,all,137,0.3343403668780076,0.5100818276405334,0.6156886219978333,1.0505839554887069,0.20859991190464874,0.3751314580440521,0.6849535868356103,0.5601099917763158,0.6620706915855408,0.5856227278709412
realmlp,kpx_group_1,137,0.33104810001034485,0.4950530230998993,0.6283563375473022,,,,,,,
realmlp,kpx_group_2,137,0.3092567089356874,0.4593675136566162,0.6497311592102051,,,,,,,
realmlp,kpx_group_3,137,0.36271628894303976,0.5758250951766968,0.568978488445282,,,,,,,
realmlp,all,138,0.33134271126044423,0.5027923583984375,0.6209098696708679,1.047709257979142,0.20650952917180562,0.36601951718330383,0.6853901171370557,0.5504728618421053,0.6736748218536377,0.529304027557373
realmlp,kpx_group_1,138,0.32494629096043737,0.4684470295906067,0.6484777331352234,,,,,,,
realmlp,kpx_group_2,138,0.3077328197265926,0.45055046677589417,0.6544563174247742,,,,,,,
realmlp,kpx_group_3,138,0.36134901407517883,0.5893795490264893,0.5597954392433167,,,,,,,
realmlp,all,139,0.32556491227526413,0.5065131187438965,0.6179226636886597,1.041280028067137,0.2043984677446516,0.3686949908733368,0.685055355492391,0.552734375,0.6745082139968872,0.5297619104385376
realmlp,kpx_group_1,139,0.3214991335806094,0.4930974245071411,0.6325905323028564,,,,,,,
realmlp,kpx_group_2,139,0.3022767477913907,0.45268118381500244,0.6506472229957581,,,,,,,
realmlp,kpx_group_3,139,0.3529188468268043,0.5737606883049011,0.5705302953720093,,,,,,,
realmlp,all,140,0.3221123653807138,0.5052911043167114,0.6185654997825623,1.0363335954515558,0.2019019954298672,0.3804605007171631,0.6839359386971122,0.5494192023026315,0.6730285882949829,0.5503662824630737
realmlp,kpx_group_1,140,0.31874410768872813,0.4948360323905945,0.6286649107933044,,,,,,,
realmlp,kpx_group_2,140,0.29902250162864985,0.4556879699230194,0.6521108150482178,,,,,,,
realmlp,kpx_group_3,140,0.3485704911382575,0.5653492212295532,0.574920654296875,,,,,,,
realmlp,all,141,0.3190894758230762,0.5173009037971497,0.6089673042297363,1.0339952440638291,0.2001932869224172,0.3745640218257904,0.6848767705653843,0.5540771484375,0.676622748374939,0.5297619104385376
realmlp,kpx_group_1,141,0.3160296062889852,0.5072199106216431,0.6161399483680725,,,,,,,
realmlp,kpx_group_2,141,0.2981020965074238,0.46133360266685486,0.6468377709388733,,,,,,,
realmlp,kpx_group_3,141,0.343136723496412,0.5833491086959839,0.5639241337776184,,,,,,,
realmlp,all,142,0.3112302822502036,0.49863895773887634,0.6237457394599915,1.0256795789066113,0.19632426766972794,0.3761175572872162,0.6850006548981917,0.5537687602796053,0.6682119369506836,0.5750916004180908
realmlp,kpx_group_1,142,0.30943869956229864,0.4770667850971222,0.6399782299995422,,,,,,,
realmlp,kpx_group_2,142,0.2858862296531075,0.4480249583721161,0.6569100618362427,,,,,,,
realmlp,kpx_group_3,142,0.33836591243743896,0.5708249807357788,0.5743488073348999,,,,,,,
realmlp,all,143,0.31039533411201675,0.5132846832275391,0.6136804223060608,1.0239085288424241,0.1968354880809784,0.37563955783843994,0.6839878668910578,0.5587607935855263,0.6502270698547363,0.7229853272438049
realmlp,kpx_group_1,143,0.3047590204759648,0.5086618661880493,0.6207847595214844,,,,,,,
realmlp,kpx_group_2,143,0.28689862238733393,0.45289117097854614,0.6525362730026245,,,,,,,
realmlp,kpx_group_3,143,0.33952835084576355,0.578300952911377,0.5677204132080078,,,,,,,
realmlp,all,144,0.3028151247846453,0.5081203579902649,0.6170628070831299,1.0169026553630829,0.19274446132935977,0.3807915151119232,0.6851758643200523,0.5479800575657895,0.6651715636253357,0.5938644409179688
realmlp,kpx_group_1,144,0.29964727829945714,0.5020651817321777,0.625452995300293,,,,,,,
realmlp,kpx_group_2,144,0.2813156688291776,0.4520808458328247,0.6546153426170349,,,,,,,
realmlp,kpx_group_3,144,0.3274824285977765,0.5702151656150818,0.5711200833320618,,,,,,,
realmlp,all,145,0.2982301445383775,0.5103461742401123,0.6153239607810974,1.0098887038858313,0.18792387411782616,0.385932058095932,0.683469976249494,0.5513209292763158,0.6604639887809753,0.6176739931106567
realmlp,kpx_group_1,145,0.29479180943024785,0.5037634372711182,0.6228513717651367,,,,,,,
realmlp,kpx_group_2,145,0.27543792775587034,0.4503750205039978,0.6556981801986694,,,,,,,
realmlp,kpx_group_3,145,0.32446069309585973,0.5769001245498657,0.5674223303794861,,,,,,,
realmlp,all,146,0.29277047318847554,0.5088860392570496,0.6145976185798645,1.004181963832755,0.18515872974929057,0.3983290195465088,0.6836376770546562,0.5603091591282895,0.6846792697906494,0.5311355590820312
realmlp,kpx_group_1,146,0.29032011722263534,0.5034570097923279,0.6200815439224243,,,,,,,
realmlp,kpx_group_2,146,0.27153450525120687,0.451174259185791,0.6531988382339478,,,,,,,
realmlp,kpx_group_3,146,0.3164567998365352,0.5720268487930298,0.5705125331878662,,,,,,,
realmlp,all,147,0.28842319704984365,0.5129246115684509,0.6131060719490051,0.998336766895495,0.18290091913781667,0.3862290680408478,0.6824784286712345,0.5548352693256579,0.6769675612449646,0.5265567898750305
realmlp,kpx_group_1,147,0.2874402235213079,0.5122500658035278,0.6184908151626587,,,,,,,
realmlp,kpx_group_2,147,0.26727971571840736,0.450099915266037,0.6528157591819763,,,,,,,
realmlp,kpx_group_3,147,0.31054965210588353,0.5764238834381104,0.5680118203163147,,,,,,,
realmlp,all,148,0.2798289295874144,0.5064370036125183,0.6182482838630676,0.9905021002418116,0.18026140920425715,0.38909879326820374,0.6836339517643577,0.5581632915296053,0.6699931621551514,0.5961538553237915
realmlp,kpx_group_1,148,0.2791467799167884,0.49485912919044495,0.6272514462471008,,,,,,,
realmlp,kpx_group_2,148,0.26045003513756554,0.45558974146842957,0.6524654626846313,,,,,,,
realmlp,kpx_group_3,148,0.2998899817466736,0.5688621401786804,0.5750278234481812,,,,,,,
realmlp,all,149,0.27281294174884496,0.5059954524040222,0.6184441447257996,0.9828513664634604,0.17592140149913335,0.39688852429389954,0.6836502112840351,0.5658151726973685,0.6658248901367188,0.5471611618995667
realmlp,kpx_group_1,149,0.2715447741119485,0.48714587092399597,0.6337294578552246,,,,,,,
realmlp,kpx_group_2,149,0.25333696819449725,0.44446247816085815,0.6597213745117188,,,,,,,
realmlp,kpx_group_3,149,0.2935570811754779,0.5863780379295349,0.5618815422058105,,,,,,,
realmlp,all,150,0.2667636900748077,0.5070272088050842,0.617184042930603,0.976445975272279,0.17344935963812627,0.406005859375,0.6836648952019843,0.5608552631578947,0.6773621439933777,0.5183150172233582
realmlp,kpx_group_1,150,0.2653939855334006,0.5023243427276611,0.6236326694488525,,,,,,,
realmlp,kpx_group_2,150,0.2485011584664646,0.4495764672756195,0.6564644575119019,,,,,,,
realmlp,kpx_group_3,150,0.2863959246560147,0.5691809058189392,0.5714550018310547,,,,,,,
realmlp,all,151,0.2602163780676691,0.5113286375999451,0.614133894443512,0.9691187645259657,0.16955935935440816,0.4131225049495697,0.6834684845648313,0.5495219983552632,0.6700446605682373,0.5164835453033447
realmlp,kpx_group_1,151,0.2599216936842391,0.5090668201446533,0.6183393001556396,,,,,,,
realmlp,kpx_group_2,151,0.24375067239529208,0.4498353600502014,0.6561060547828674,,,,,,,
realmlp,kpx_group_3,151,0.2769767626335746,0.5750836730003357,0.5679563879966736,,,,,,,
realmlp,all,152,0.2546148853082406,0.5127714276313782,0.6142366528511047,0.962808747040598,0.16802297375704112,0.4015006124973297,0.6829904208057805,0.5647293893914473,0.6637375354766846,0.581501841545105
realmlp,kpx_group_1,152,0.254261938757018,0.5093533396720886,0.6203328371047974,,,,,,,
realmlp,kpx_group_2,152,0.238454855782421,0.45514145493507385,0.6505762934684753,,,,,,,
realmlp,kpx_group_3,152,0.2711278578560603,0.5738193988800049,0.5718008279800415,,,,,,,
realmlp,all,153,0.24883750375164182,0.5044417977333069,0.6181292533874512,0.9571238089548914,0.16397996933052414,0.4198090136051178,0.683689315852366,0.5552593030427632,0.6730687618255615,0.5082417726516724
realmlp,kpx_group_1,153,0.2492862982969535,0.4927583932876587,0.6305498480796814,,,,,,,
realmlp,kpx_group_2,153,0.23268862558822884,0.44847381114959717,0.65299391746521,,,,,,,
realmlp,kpx_group_3,153,0.2645375869776073,0.5720932483673096,0.5708440542221069,,,,,,,
realmlp,all,154,0.24118195827070035,0.5112476348876953,0.6122929453849792,0.9483990120260339,0.15934402123093605,0.42672809958457947,0.6833154449337407,0.5648193359375,0.6859754323959351,0.49771061539649963
realmlp,kpx_group_1,154,0.24280340342145218,0.489136278629303,0.6307940483093262,,,,,,,
realmlp,kpx_group_2,154,0.2249542847275734,0.45743343234062195,0.6468448042869568,,,,,,,
realmlp,kpx_group_3,154,0.2557881829377852,0.5871732831001282,0.5592398643493652,,,,,,,
realmlp,all,155,0.2350213913933227,0.5125837922096252,0.6134241223335266,0.9409133188034359,0.15680010459924998,0.41994568705558777,0.6823719190923792,0.5532162314967105,0.6635791659355164,0.5627289414405823
realmlp,kpx_group_1,155,0.23572501873499468,0.5037800669670105,0.6228792667388916,,,,,,,
realmlp,kpx_group_2,155,0.2196966999847638,0.4515566825866699,0.6544100642204285,,,,,,,
realmlp,kpx_group_3,155,0.24964245291132675,0.5824148058891296,0.562982976436615,,,,,,,
realmlp,all,156,0.22693752850356855,0.5147954225540161,0.612926721572876,0.9317389938392138,0.1524217487557938,0.4225127696990967,0.681938194914868,0.5698884662828947,0.6679157614707947,0.543498158454895
realmlp,kpx_group_1,156,0.22801562555526433,0.5036811828613281,0.6241799592971802,,,,,,,
realmlp,kpx_group_2,156,0.21237166245516978,0.455380916595459,0.6522366404533386,,,,,,,
realmlp,kpx_group_3,156,0.24042528985362305,0.5853241086006165,0.5623635053634644,,,,,,,
realmlp,all,157,0.2231917661663733,0.5182216763496399,0.6088139414787292,0.9287813196056768,0.14960214632906413,0.4299353063106537,0.6831492444402293,0.5577713815789473,0.6672687530517578,0.5471611618995667
realmlp,kpx_group_1,157,0.2255695879851517,0.5149352550506592,0.616068422794342,,,,,,,
realmlp,kpx_group_2,157,0.20848036282940915,0.4583434760570526,0.6470523476600647,,,,,,,
realmlp,kpx_group_3,157,0.23552535435086802,0.5813862681388855,0.5633211135864258,,,,,,,
realmlp,all,158,0.21505187373412282,0.5171802639961243,0.6111423373222351,0.9177847551672083,0.14597284519358686,0.4230751693248749,0.6808369700845919,0.564710115131579,0.6747823357582092,0.5357142686843872
realmlp,kpx_group_1,158,0.21699010423923792,0.5120418667793274,0.6166596412658691,,,,,,,
realmlp,kpx_group_2,158,0.20216255870304609,0.4573880434036255,0.6516492366790771,,,,,,,
realmlp,kpx_group_3,158,0.22600295414265834,0.5821110010147095,0.5651180148124695,,,,,,,
realmlp,all,159,0.207272853114103,0.5161886215209961,0.6103978157043457,0.9114477007012618,0.1422048320895747,0.4418758451938629,0.682844121989451,0.5579512746710527,0.6610255241394043,0.5984432101249695
realmlp,kpx_group_1,159,0.210388842577997,0.5002440214157104,0.6244179606437683,,,,,,,
realmlp,kpx_group_2,159,0.19401812808294044,0.46466824412345886,0.6438635587692261,,,,,,,
realmlp,kpx_group_3,159,0.2174115978965634,0.5836536288261414,0.5629120469093323,,,,,,,
realmlp,all,160,0.2007623034480371,0.5095242857933044,0.6166532039642334,0.9038002294929404,0.13860748316112317,0.43411985039711,0.682246808158724,0.5598208778782895,0.6554559469223022,0.6405677795410156
realmlp,kpx_group_1,160,0.20476337541875086,0.49684834480285645,0.6288710832595825,,,,,,,
realmlp,kpx_group_2,160,0.18871259003093369,0.4570578634738922,0.6527262926101685,,,,,,,
realmlp,kpx_group_3,160,0.20881093763991407,0.5746666193008423,0.5683622360229492,,,,,,,
realmlp,all,161,0.1948648989200592,0.5177274346351624,0.6104981303215027,0.89828643830199,0.13498084129471527,0.44504106044769287,0.6831744148543006,0.5552464535361842,0.6714274883270264,0.5347985625267029
realmlp,kpx_group_1,161,0.19963396771958,0.5154478549957275,0.6133082509040833,,,,,,,
realmlp,kpx_group_2,161,0.18380387499928474,0.4590422511100769,0.6511218547821045,,,,,,,
realmlp,kpx_group_3,161,0.20115684776713974,0.5786922574043274,0.5670642852783203,,,,,,,
realmlp,all,162,0.18784335334050029,0.5193485617637634,0.607037365436554,0.8897817652476462,0.1317660143893016,0.44289156794548035,0.6821735140524412,0.5673828125,0.6662133932113647,0.5769230723381042
realmlp,kpx_group_1,162,0.19141470582077377,0.5130739212036133,0.6141319274902344,,,,,,,
realmlp,kpx_group_2,162,0.17641962005903847,0.461624413728714,0.6470685005187988,,,,,,,
realmlp,kpx_group_3,162,0.1956957345338244,0.5833473801612854,0.5599116086959839,,,,,,,
realmlp,all,163,0.18121696812541863,0.5188468098640442,0.6080057621002197,0.8820689218608957,0.12828488863612475,0.4556617736816406,0.6816092219791914,0.5566920230263158,0.6700177788734436,0.5677655935287476
realmlp,kpx_group_1,163,0.18532632801093554,0.5097376704216003,0.6173645257949829,,,,,,,
realmlp,kpx_group_2,163,0.17052604081599335,0.4607727527618408,0.6468449234962463,,,,,,,
realmlp,kpx_group_3,163,0.18779854299990753,0.5860300064086914,0.5598078370094299,,,,,,,
realmlp,all,164,0.17487172292251335,0.517636239528656,0.6100412011146545,0.8756491408536309,0.1236805866815542,0.4673232138156891,0.6822253332326287,0.5707429584703947,0.6708139181137085,0.53800368309021
realmlp,kpx_group_1,164,0.17995153347912587,0.5080868005752563,0.621770441532135,,,,,,,
realmlp,kpx_group_2,164,0.1641291591681932,0.46215519309043884,0.6466820240020752,,,,,,,
realmlp,kpx_group_3,164,0.1805344780809001,0.58266681432724,0.5616711974143982,,,,,,,
realmlp,all,165,0.16922707836094655,0.5164533853530884,0.6099509596824646,0.8718040491405287,0.12018688130927713,0.4701169431209564,0.684548946587663,0.5474018297697368,0.6756377816200256,0.5196886658668518
realmlp,kpx_group_1,165,0.17285426843323207,0.5064098238945007,0.6204258799552917,,,,,,,
realmlp,kpx_group_2,165,0.15974159656386627,0.4606936573982239,0.647201657295227,,,,,,,
realmlp,kpx_group_3,165,0.17508536459583984,0.5822567343711853,0.562225341796875,,,,,,,
realmlp,all,166,0.16264266089389198,0.5173181891441345,0.6099944114685059,0.8624410370462819,0.1172274638359484,0.4746387004852295,0.6822142569642318,0.5674856085526315,0.6730403900146484,0.5302197933197021
realmlp,kpx_group_1,166,0.16768921205871984,0.5034251809120178,0.6227541565895081,,,,,,,
realmlp,kpx_group_2,166,0.15303288498207143,0.46094220876693726,0.6479173898696899,,,,,,,
realmlp,kpx_group_3,166,0.1672058727004026,0.5875871181488037,0.5593116283416748,,,,,,,
realmlp,all,167,0.15590429325637065,0.5187196731567383,0.6088747978210449,0.8545516564657814,0.11273257365744364,0.48126983642578125,0.6817374723522287,0.5611315275493421,0.655686616897583,0.5879120826721191
realmlp,kpx_group_1,167,0.16118421346733444,0.5059052109718323,0.6221175193786621,,,,,,,
realmlp,kpx_group_2,167,0.1475841487316709,0.4626632034778595,0.6441536545753479,,,,,,,
realmlp,kpx_group_3,167,0.1589445158054954,0.5875905752182007,0.5603531002998352,,,,,,,
realmlp,all,168,0.15102495704042285,0.5216671824455261,0.6074127554893494,0.8516585905300943,0.10916145459601753,0.48686134815216064,0.6842594060458635,0.5682116056743421,0.6721550226211548,0.5210622549057007
realmlp,kpx_group_1,168,0.15699738460151771,0.5184386372566223,0.6127960681915283,,,,,,,
realmlp,kpx_group_2,168,0.14138055239853106,0.46132439374923706,0.6463748812675476,,,,,,,
realmlp,kpx_group_3,168,0.15469693627796674,0.5852383971214294,0.5630671381950378,,,,,,,
realmlp,all,169,0.14547161169742284,0.5214459896087646,0.6065886616706848,0.8460614422434255,0.10656991493152945,0.49346446990966797,0.6846043475364384,0.564099763569079,0.6666128039360046,0.5375458002090454
realmlp,kpx_group_1,169,0.15046387891236104,0.5119650959968567,0.6163081526756287,,,,,,,
realmlp,kpx_group_2,169,0.13661756190030197,0.4655184745788574,0.6448013782501221,,,,,,,
realmlp,kpx_group_3,169,0.14933338516244762,0.5868544578552246,0.5586563348770142,,,,,,,
realmlp,all,170,0.13978058903625137,0.5218526721000671,0.6074442267417908,0.8374465249086681,0.10224772715254833,0.5143909454345703,0.6823287692509199,0.5610158819901315,0.6771438121795654,0.528388261795044
realmlp,kpx_group_1,170,0.14504722113672056,0.5119540691375732,0.6186578273773193,,,,,,,
realmlp,kpx_group_2,170,0.13193186411732122,0.468288391828537,0.6424669027328491,,,,,,,
realmlp,kpx_group_3,170,0.14236268146257652,0.585315465927124,0.5612079501152039,,,,,,,
realmlp,all,171,0.13525724185532645,0.5211922526359558,0.6072567105293274,0.8350795781926105,0.0993015524980269,0.5135812759399414,0.6849271019822673,0.5589214124177632,0.6777145266532898,0.5059523582458496
realmlp,kpx_group_1,171,0.14028347146354223,0.507474958896637,0.621436595916748,,,,,,,
realmlp,kpx_group_2,171,0.12657063875935579,0.4677361249923706,0.6414079666137695,,,,,,,
realmlp,kpx_group_3,171,0.1389176140686399,0.5883656740188599,0.558925449848175,,,,,,,
realmlp,all,172,0.13055966696456858,0.5186417698860168,0.6086270809173584,0.828089241134493,0.09592516916362863,0.5276408791542053,0.6831407946975607,0.5642282586348685,0.6766044497489929,0.5146520137786865
realmlp,kpx_group_1,172,0.13539118770706027,0.5087757110595703,0.6213928461074829,,,,,,,
realmlp,kpx_group_2,172,0.1227463336759492,0.4625854194164276,0.6444089412689209,,,,,,,
realmlp,kpx_group_3,172,0.13354148617700526,0.5845642685890198,0.5600795149803162,,,,,,,
realmlp,all,173,0.1263088527086534,0.524162232875824,0.6050423979759216,0.8240358139339247,0.09218196345395163,0.5378186702728271,0.683899670055038,0.5610094572368421,0.6686884760856628,0.5645604133605957
realmlp,kpx_group_1,173,0.13140550559680714,0.5173364281654358,0.6128665208816528,,,,,,,
realmlp,kpx_group_2,173,0.11748950948056422,0.46875,0.6414281725883484,,,,,,,
realmlp,kpx_group_3,173,0.13003153795082317,0.5864001512527466,0.5608326196670532,,,,,,,
realmlp,all,174,0.12247755937278271,0.5201357007026672,0.6075907349586487,0.8213285843008443,0.0889094875831353,0.5446035861968994,0.6855145951634959,0.5497147409539473,0.680590033531189,0.5050366520881653
realmlp,kpx_group_1,174,0.12728563117745675,0.5104588270187378,0.6176716089248657,,,,,,,
realmlp,kpx_group_2,174,0.1143062684292856,0.4662138819694519,0.6415643692016602,,,,,,,
realmlp,kpx_group_3,174,0.12584078155065836,0.583734393119812,0.5635362863540649,,,,,,,
realmlp,all,175,0.11750170274784691,0.5224230885505676,0.6059775352478027,0.8150033597883425,0.08600034437289364,0.5490104556083679,0.6846016025856921,0.5626541940789473,0.6716766953468323,0.555402934551239
realmlp,kpx_group_1,175,0.12252945864671155,0.5086429119110107,0.6180863380432129,,,,,,,
realmlp,kpx_group_2,175,0.10946454735178697,0.4693867862224579,0.6413917541503906,,,,,,,
realmlp,kpx_group_3,175,0.12051110989169071,0.5892395973205566,0.5584545135498047,,,,,,,
realmlp,all,176,0.11334150637450971,0.5253109335899353,0.6040608882904053,0.808951766083115,0.08295437330870252,0.5638837814331055,0.6831671007369694,0.5624550267269737,0.6833047270774841,0.5096153616905212
realmlp,kpx_group_1,176,0.11816844834308875,0.5167087912559509,0.6146501898765564,,,,,,,
realmlp,kpx_group_2,176,0.10530407246398299,0.46768510341644287,0.6415608525276184,,,,,,,
realmlp,kpx_group_3,176,0.11655200047320441,0.5915389060974121,0.555971622467041,,,,,,,
realmlp,all,177,0.1101220199152043,0.5266357064247131,0.6041207909584045,0.8077425509691238,0.07906689818360303,0.5690388679504395,0.6857604925569735,0.5521754214638158,0.6884545683860779,0.4793955981731415
realmlp,kpx_group_1,177,0.11409764011439524,0.5165796279907227,0.6147156357765198,,,,,,,
realmlp,kpx_group_2,177,0.10211738414670292,0.4679480195045471,0.6427664756774902,,,,,,,
realmlp,kpx_group_3,177,0.11415103979800877,0.5953795909881592,0.5548803210258484,,,,,,,
realmlp,all,178,0.10720838978886604,0.5254533886909485,0.6044607758522034,0.8060845748374337,0.07666189625467125,0.5867621898651123,0.6873769062130075,0.5559403268914473,0.6768014430999756,0.5242673754692078
realmlp,kpx_group_1,178,0.11155346800622187,0.5167770385742188,0.6149058938026428,,,,,,,
realmlp,kpx_group_2,178,0.09864338330532375,0.46706151962280273,0.6425033807754517,,,,,,,
realmlp,kpx_group_3,178,0.11142832668204057,0.5925217270851135,0.5559729337692261,,,,,,,
realmlp,all,179,0.10390473882618703,0.526371419429779,0.6033850312232971,0.8009315548758758,0.073738978832568,0.5898817181587219,0.6859659780012933,0.5509739925986842,0.6887456178665161,0.48763737082481384
realmlp,kpx_group_1,179,0.10781360741116498,0.5143932700157166,0.6142681241035461,,,,,,,
realmlp,kpx_group_2,179,0.09554801949937093,0.47000712156295776,0.6407128572463989,,,,,,,
realmlp,kpx_group_3,179,0.10835258701914235,0.5947139263153076,0.5551740527153015,,,,,,,
realmlp,all,180,0.10126953023044687,0.52576744556427,0.6031198501586914,0.7998157778852865,0.07075902221626357,0.6072254776954651,0.6879324003269798,0.5489566200657895,0.6756709218025208,0.5384615659713745
realmlp,kpx_group_1,180,0.10508768113428041,0.5155810117721558,0.6135555505752563,,,,,,,
realmlp,kpx_group_2,180,0.09277242706402351,0.469195157289505,0.6398581862449646,,,,,,,
realmlp,kpx_group_3,180,0.10594847896381428,0.5925262570381165,0.555945873260498,,,,,,,
realmlp,all,181,0.09855599534746848,0.5243645906448364,0.6046705842018127,0.7981837517336795,0.06841556977872786,0.6175051331520081,0.6893654199022996,0.542236328125,0.6754254698753357,0.529304027557373
realmlp,kpx_group_1,181,0.1018971816489571,0.5125045776367188,0.6157978773117065,,,,,,,
realmlp,kpx_group_2,181,0.09022771067133076,0.4685724377632141,0.6418397426605225,,,,,,,
realmlp,kpx_group_3,181,0.10354309911398511,0.5920168161392212,0.556374192237854,,,,,,,
realmlp,all,182,0.0959138206549381,0.5275920033454895,0.6023913621902466,0.7939191491980302,0.06577060626525628,0.6264105439186096,0.6881397342995593,0.5442087273848685,0.6802336573600769,0.5114468932151794
realmlp,kpx_group_1,182,0.09893045662657211,0.5186346173286438,0.612793505191803,,,,,,,
realmlp,kpx_group_2,182,0.087473914125248,0.4693310260772705,0.6404092907905579,,,,,,,
realmlp,kpx_group_3,182,0.1013370944481147,0.5948103070259094,0.5539711713790894,,,,,,,
realmlp,all,183,0.09405891616877757,0.525481104850769,0.6036052703857422,0.7917436824033135,0.06346132581759441,0.6405835747718811,0.6881655642860814,0.5518734580592105,0.6772804260253906,0.5251831412315369
realmlp,kpx_group_1,183,0.09715902432799339,0.5140920281410217,0.614223837852478,,,,,,,
realmlp,kpx_group_2,183,0.08563352425239588,0.46774014830589294,0.6410362720489502,,,,,,,
realmlp,kpx_group_3,183,0.09938420404336955,0.5946111679077148,0.5555557012557983,,,,,,,
realmlp,all,184,0.09179125373300753,0.5259799361228943,0.6028589010238647,0.789908420882727,0.061186850757191054,0.6510574221611023,0.6889391400312123,0.5472219366776315,0.6807811856269836,0.5100732445716858
realmlp,kpx_group_1,184,0.09471229355978339,0.5140116810798645,0.6153382062911987,,,,,,,
realmlp,kpx_group_2,184,0.0832199715077877,0.4678856432437897,0.639853835105896,,,,,,,
realmlp,kpx_group_3,184,0.097441501621353,0.5960425734519958,0.5533847808837891,,,,,,,
realmlp,all,185,0.08982710010911289,0.5277352929115295,0.6015422344207764,0.7879720338081059,0.05871444151393677,0.6622558236122131,0.6893377649156671,0.537976716694079,0.6836372017860413,0.49862638115882874
realmlp,kpx_group_1,185,0.09267671092560417,0.516526460647583,0.6134802103042603,,,,,,,
realmlp,kpx_group_2,185,0.08140390748648267,0.4717639982700348,0.6381575465202332,,,,,,,
realmlp,kpx_group_3,185,0.09540067995457273,0.5949154496192932,0.5529890656471252,,,,,,,
realmlp,all,186,0.08825894896137088,0.5269532203674316,0.6022765040397644,0.7867463427154642,0.0568333496584704,0.6718117594718933,0.6899623894377759,0.5443757709703947,0.6852698922157288,0.4793955981731415
realmlp,kpx_group_1,186,0.09076980883745771,0.5143337249755859,0.6161918640136719,,,,,,,
realmlp,kpx_group_2,186,0.07981014251708984,0.47006291151046753,0.6393375992774963,,,,,,,
realmlp,kpx_group_3,186,0.0941968954315311,0.5964629650115967,0.5513001680374146,,,,,,,
realmlp,all,187,0.08655337283485814,0.5294817686080933,0.6010313630104065,0.7852162914840799,0.05501649911074262,0.6794634461402893,0.6904104430424539,0.5409321032072368,0.6887053847312927,0.47985348105430603
realmlp,kpx_group_1,187,0.08905365445504063,0.5174510478973389,0.6136840581893921,,,,,,,
realmlp,kpx_group_2,187,0.07806018867382877,0.4731326997280121,0.6387673616409302,,,,,,,
realmlp,kpx_group_3,187,0.09254627292485613,0.5978615283966064,0.550642728805542,,,,,,,
realmlp,all,188,0.08526803798189289,0.5296270251274109,0.6004042625427246,0.7852948700126848,0.05323594362523995,0.6850621700286865,0.6920414425824818,0.5368716591282895,0.6924254894256592,0.4720695912837982
realmlp,kpx_group_1,188,0.08761857263743877,0.5175641179084778,0.614226222038269,,,,,,,
realmlp,kpx_group_2,188,0.07684282502649646,0.4721870422363281,0.637994647026062,,,,,,,
realmlp,kpx_group_3,188,0.09134271736011694,0.5991297960281372,0.5489919781684875,,,,,,,
realmlp,all,189,0.08419425413012505,0.5292747616767883,0.6011748313903809,0.785236098264393,0.051644575389984404,0.6930301785469055,0.6932951533480695,0.5373792146381579,0.6929101943969727,0.4693223536014557
realmlp,kpx_group_1,189,0.08635510788544228,0.5173279643058777,0.6148272752761841,,,,,,,
realmlp,kpx_group_2,189,0.07573392678444323,0.4732455611228943,0.6369314193725586,,,,,,,
realmlp,kpx_group_3,189,0.09049372090712975,0.5972506999969482,0.5517657399177551,,,,,,,
realmlp,all,190,0.08315457197788514,0.5300359725952148,0.600654125213623,0.7844194173812866,0.050235023967137464,0.6979709267616272,0.6937295959184044,0.5312692742598685,0.6907831430435181,0.47161170840263367
realmlp,kpx_group_1,190,0.0851942011596341,0.5171070694923401,0.6131759881973267,,,,,,,
realmlp,kpx_group_2,190,0.07459964245361717,0.4742854833602905,0.6364874839782715,,,,,,,
realmlp,kpx_group_3,190,0.08966987766325474,0.5987153649330139,0.552298903465271,,,,,,,
realmlp,all,191,0.08223234509166918,0.5298487544059753,0.6001109480857849,0.7837533370444649,0.04891195020785457,0.7054470181465149,0.6941841864272168,0.5355288856907895,0.6907218098640442,0.47573259472846985
realmlp,kpx_group_1,191,0.08419095724821091,0.5173174738883972,0.6130431890487671,,,,,,,
realmlp,kpx_group_2,191,0.07364771603361557,0.4734926223754883,0.6375879049301147,,,,,,,
realmlp,kpx_group_3,191,0.0888583586600266,0.5987362265586853,0.5497018098831177,,,,,,,
realmlp,all,192,0.08151958373032119,0.5305033922195435,0.5998322367668152,0.7833042434955898,0.04780347704103118,0.7087534070014954,0.6946141421794891,0.5335500616776315,0.6938562989234924,0.4619963467121124
realmlp,kpx_group_1,192,0.08315451962775305,0.5196736454963684,0.613068163394928,,,,,,,
realmlp,kpx_group_2,192,0.07285302671554841,0.4735167920589447,0.6366062164306641,,,,,,,
realmlp,kpx_group_3,192,0.08855119857348893,0.5983196496963501,0.5498224496841431,,,,,,,
realmlp,all,193,0.08072837353929092,0.5306313037872314,0.6005669236183167,0.7825214258934322,0.04678296881090654,0.7136853337287903,0.6947756009666544,0.5386320415296053,0.6907433867454529,0.47756409645080566
realmlp,kpx_group_1,193,0.08246965755365397,0.5192860960960388,0.6140914559364319,,,,,,,
realmlp,kpx_group_2,193,0.0721644086175059,0.47366538643836975,0.6371176242828369,,,,,,,
realmlp,kpx_group_3,193,0.08755104665301348,0.5989424586296082,0.5504917502403259,,,,,,,
realmlp,all,194,0.08020778078781932,0.5304495096206665,0.6005626320838928,0.7819303070244036,0.04601445416674802,0.7163681387901306,0.6948203593492508,0.5335950349506579,0.6935214400291443,0.4652014672756195
realmlp,kpx_group_1,194,0.08176014876287234,0.5185983777046204,0.6144260764122009,,,,,,,
realmlp,kpx_group_2,194,0.07172378814338069,0.47373098134994507,0.63615882396698,,,,,,,
realmlp,kpx_group_3,194,0.08713940727083307,0.5990192294120789,0.5511030554771423,,,,,,,
realmlp,all,195,0.07974265437377126,0.5309996008872986,0.5998480319976807,0.7813319226628855,0.04530405743341697,0.7192208170890808,0.6947936580369347,0.532470703125,0.6942251324653625,0.4610805809497833
realmlp,kpx_group_1,195,0.08118443651811073,0.5195167064666748,0.6137642860412598,,,,,,,
realmlp,kpx_group_2,195,0.07116816732052125,0.47378039360046387,0.6352562308311462,,,,,,,
realmlp,kpx_group_3,195,0.08687535359671242,0.5997015237808228,0.550523579120636,,,,,,,
realmlp,all,196,0.0794490615984327,0.5309851765632629,0.6003158688545227,0.7810364302835966,0.04476445182961853,0.7200927138328552,0.6948726953644502,0.5378225226151315,0.6941553950309753,0.46382784843444824
realmlp,kpx_group_1,196,0.08082839474081993,0.5192333459854126,0.6140984296798706,,,,,,,
realmlp,kpx_group_2,196,0.07090644332531251,0.4736045300960541,0.6366115212440491,,,,,,,
realmlp,kpx_group_3,196,0.08661234800360705,0.600117564201355,0.5502375364303589,,,,,,,
realmlp,all,197,0.07913333206976715,0.5309134125709534,0.6001779437065125,0.7807306498289108,0.044436540405609105,0.7215903401374817,0.6949318388575002,0.5348221628289473,0.6941653490066528,0.4633699655532837
realmlp,kpx_group_1,197,0.0804507470640697,0.5191426277160645,0.6140913963317871,,,,,,,
realmlp,kpx_group_2,197,0.07047655683402952,0.4738810658454895,0.6361933946609497,,,,,,,
realmlp,kpx_group_3,197,0.08647268687031771,0.5997164249420166,0.5502489805221558,,,,,,,
realmlp,all,198,0.07896931783149116,0.5309150218963623,0.6000328660011292,0.781028801673337,0.04419551588790981,0.72233647108078,0.6954301509417986,0.5340961657072368,0.6940750479698181,0.4619963467121124
realmlp,kpx_group_1,198,0.08032481989970333,0.5187790989875793,0.6143629550933838,,,,,,,
realmlp,kpx_group_2,198,0.07045865696119635,0.4737181067466736,0.6364627480506897,,,,,,,
realmlp,kpx_group_3,198,0.08612447633947197,0.6002479195594788,0.5492730140686035,,,,,,,
realmlp,all,199,0.07890419642391958,0.5310323238372803,0.5998830199241638,0.7808347854175066,0.043989334794643675,0.7226688265800476,0.6953321930609251,0.5338969983552632,0.6942484378814697,0.4624541997909546
realmlp,kpx_group_1,199,0.08018087291795957,0.5190258026123047,0.6140869855880737,,,,,,,
realmlp,kpx_group_2,199,0.07039298754381507,0.4738585352897644,0.6360334157943726,,,,,,,
realmlp,kpx_group_3,199,0.08613873557432701,0.6002126932144165,0.5495285987854004,,,,,,,
realmlp,all,200,0.07878667988667362,0.5310317873954773,0.5998846292495728,0.7807638056968388,0.043930764163011,0.7227150797843933,0.695387505387005,0.5339098478618421,0.6941909193992615,0.4624541997909546
realmlp,kpx_group_1,200,0.08009640176437403,0.5190220475196838,0.6140866875648499,,,,,,,
realmlp,kpx_group_2,200,0.07029998518134419,0.47389060258865356,0.6360359191894531,,,,,,,
realmlp,kpx_group_3,200,0.0859636609491549,0.6001827716827393,0.5495312809944153,,,,,,,
