model,target,step,train_loss,validation_loss,validation_score
realmlp,all,1,1.0100462796056973,0.7149996757507324,0.4386771619319916
realmlp,kpx_group_1,1,1.0185104696189655,0.7324522137641907,0.4314626157283783
realmlp,kpx_group_2,1,0.9926829636096954,0.6772698163986206,0.46776485443115234
realmlp,kpx_group_3,1,1.0189454476622974,0.7352770566940308,0.41680392622947693
realmlp,all,2,0.9447072016842225,0.699038028717041,0.47539791464805603
realmlp,kpx_group_1,2,0.9467429641415092,0.717515230178833,0.4361182451248169
realmlp,kpx_group_2,2,0.9232633271638084,0.7223523259162903,0.43663614988327026
realmlp,kpx_group_3,2,0.9641153032288832,0.6572465300559998,0.5534392595291138
realmlp,all,3,0.9209426141837064,0.7553882598876953,0.3944244086742401
realmlp,kpx_group_1,3,0.9258910961010877,0.7606908679008484,0.39211347699165344
realmlp,kpx_group_2,3,0.8940998736549827,0.6649209856987,0.48776668310165405
realmlp,kpx_group_3,3,0.9428368955850601,0.8405529856681824,0.30339309573173523
realmlp,all,4,0.8872187488219317,0.6489688754081726,0.530430793762207
realmlp,kpx_group_1,4,0.8862579885651084,0.5218801498413086,0.5860735774040222
realmlp,kpx_group_2,4,0.8599666988148409,0.6570368409156799,0.5248497128486633
realmlp,kpx_group_3,4,0.9154315494439181,0.7679896950721741,0.48036912083625793
realmlp,all,5,0.8568718152887681,0.6932265162467957,0.46046069264411926
realmlp,kpx_group_1,5,0.8650553761159673,0.7194544672966003,0.43460795283317566
realmlp,kpx_group_2,5,0.8186659812927246,0.7016834616661072,0.4482746124267578
realmlp,kpx_group_3,5,0.886894099852618,0.6585416197776794,0.4984995126724243
realmlp,all,6,0.8183269220239976,0.6100093722343445,0.5327791571617126
realmlp,kpx_group_1,6,0.8113386666073519,0.6751096248626709,0.48092159628868103
realmlp,kpx_group_2,6,0.7897976943675209,0.5372093915939331,0.5753316283226013
realmlp,kpx_group_3,6,0.8538443919490365,0.6177091002464294,0.5420841574668884
realmlp,all,7,0.7657319833250607,0.6490792632102966,0.48673000931739807
realmlp,kpx_group_1,7,0.7632316377233056,0.694211483001709,0.4637625515460968
realmlp,kpx_group_2,7,0.7374222076991025,0.5237635374069214,0.572879433631897
realmlp,kpx_group_3,7,0.7965421141947017,0.7292628884315491,0.42354825139045715
realmlp,all,8,0.7268960265552297,0.5988559126853943,0.5418779253959656
realmlp,kpx_group_1,8,0.7232928959762349,0.6182310581207275,0.532901406288147
realmlp,kpx_group_2,8,0.6991259245311513,0.5479187965393066,0.5742893815040588
realmlp,kpx_group_3,8,0.758269239874447,0.6304178833961487,0.5184428691864014
realmlp,all,9,0.6822646207669202,0.549212634563446,0.5720720887184143
realmlp,kpx_group_1,9,0.6764969729325351,0.5856502056121826,0.5528106093406677
realmlp,kpx_group_2,9,0.6510075681349811,0.4871011972427368,0.60509192943573
realmlp,kpx_group_3,9,0.719289292307461,0.5748865604400635,0.5583137273788452
realmlp,all,10,0.653225410510512,0.5697230696678162,0.5654232501983643
realmlp,kpx_group_1,10,0.6458640685852837,0.5598354339599609,0.578341543674469
realmlp,kpx_group_2,10,0.6247100900201237,0.5200484991073608,0.5962998270988464
realmlp,kpx_group_3,10,0.6891020773088231,0.6292852163314819,0.5216284394264221
realmlp,all,11,0.628621806993204,0.5531101226806641,0.577857494354248
realmlp,kpx_group_1,11,0.6226901569787193,0.5455318689346313,0.5866515040397644
realmlp,kpx_group_2,11,0.6008942714508843,0.4913695752620697,0.6171433925628662
realmlp,kpx_group_3,11,0.6622809986857807,0.6224290132522583,0.5297775864601135
realmlp,all,12,0.6096812048379112,0.5348575115203857,0.5928354859352112
realmlp,kpx_group_1,12,0.606420148821438,0.5351603627204895,0.5966600179672241
realmlp,kpx_group_2,12,0.5839760969666874,0.4612496495246887,0.6402904391288757
realmlp,kpx_group_3,12,0.6386473792440751,0.6081625819206238,0.5415561199188232
realmlp,all,13,0.6005285531282425,0.5288360714912415,0.5969519019126892
realmlp,kpx_group_1,13,0.5978415660998401,0.5296310186386108,0.6014869213104248
realmlp,kpx_group_2,13,0.5751888874699088,0.46000632643699646,0.6404109001159668
realmlp,kpx_group_3,13,0.6285551812718896,0.596871018409729,0.5489578247070312
realmlp,all,14,0.5981313857962104,0.531865119934082,0.5954276919364929
realmlp,kpx_group_1,14,0.5966042113654754,0.5329050421714783,0.5999031066894531
realmlp,kpx_group_2,14,0.5739284552195493,0.46044376492500305,0.6407722234725952
realmlp,kpx_group_3,14,0.6238614732728285,0.6022464632987976,0.5456075668334961
realmlp,all,15,0.5986738879891003,0.533125102519989,0.5940404534339905
realmlp,kpx_group_1,15,0.5969744026660919,0.5463961958885193,0.5898290276527405
realmlp,kpx_group_2,15,0.5719626467017567,0.45431074500083923,0.6440814137458801
realmlp,kpx_group_3,15,0.6270846172290689,0.5986683964729309,0.5482110381126404
realmlp,all,16,0.6012451175381156,0.5356108546257019,0.5892360806465149
realmlp,kpx_group_1,16,0.5981985672431833,0.5625289678573608,0.5781324505805969
realmlp,kpx_group_2,16,0.573621037251809,0.4584592580795288,0.6376460790634155
realmlp,kpx_group_3,16,0.6319157533785876,0.5858443975448608,0.551929771900177
realmlp,all,17,0.6044165649834801,0.5338364243507385,0.5929443836212158
realmlp,kpx_group_1,17,0.6021556328324711,0.5253385901451111,0.6038535833358765
realmlp,kpx_group_2,17,0.576178590164465,0.47210928797721863,0.6313847899436951
realmlp,kpx_group_3,17,0.6349154815954321,0.6040612459182739,0.5435948967933655
realmlp,all,18,0.6124954398940591,0.5643934607505798,0.570806086063385
realmlp,kpx_group_1,18,0.6086610476760304,0.6046027541160583,0.5469013452529907
realmlp,kpx_group_2,18,0.583076702321277,0.4667922556400299,0.634002685546875
realmlp,kpx_group_3,18,0.6457485670552534,0.6217855215072632,0.5315144062042236
realmlp,all,19,0.6150134775568458,0.534828245639801,0.5881043076515198
realmlp,kpx_group_1,19,0.610006463878295,0.5178086161613464,0.607414722442627
realmlp,kpx_group_2,19,0.5845380206318462,0.46117815375328064,0.6311190128326416
realmlp,kpx_group_3,19,0.6504959718269461,0.6254980564117432,0.5257793068885803
realmlp,all,20,0.6165556530742085,0.5427623391151428,0.5850748419761658
realmlp,kpx_group_1,20,0.6123926744741552,0.5777871012687683,0.568679928779602
realmlp,kpx_group_2,20,0.5814223990720861,0.492360919713974,0.6163358688354492
realmlp,kpx_group_3,20,0.6558518742813784,0.5581390857696533,0.5702086687088013
realmlp,all,21,0.6143315127667259,0.5575794577598572,0.5767173767089844
realmlp,kpx_group_1,21,0.6071878943373176,0.5974704027175903,0.5543985962867737
realmlp,kpx_group_2,21,0.5768390280358932,0.4585394859313965,0.6368769407272339
realmlp,kpx_group_3,21,0.6589676246923559,0.6167286038398743,0.5388767123222351
realmlp,all,22,0.6079544442541459,0.5363438129425049,0.5926690101623535
realmlp,kpx_group_1,22,0.5926461807068657,0.49599897861480713,0.6213046312332153
realmlp,kpx_group_2,22,0.5768569707870483,0.5013890862464905,0.6153992414474487
realmlp,kpx_group_3,22,0.6543601646142847,0.6116433143615723,0.5413031578063965
realmlp,all,23,0.6042841199566337,0.5288255214691162,0.5973275303840637
realmlp,kpx_group_1,23,0.5893260065247031,0.5027283430099487,0.6178792715072632
realmlp,kpx_group_2,23,0.5711419336936053,0.47069239616394043,0.6343857049942017
realmlp,kpx_group_3,23,0.6523844178985146,0.6130558252334595,0.5397176742553711
realmlp,all,24,0.5940376379910637,0.5541188716888428,0.5768432021141052
realmlp,kpx_group_1,24,0.5838582691024331,0.548890233039856,0.5873696804046631
realmlp,kpx_group_2,24,0.5548608583562514,0.48293137550354004,0.6196925640106201
realmlp,kpx_group_3,24,0.6433937768725788,0.6305349469184875,0.5234673619270325
realmlp,all,25,0.5849851659115624,0.5228562951087952,0.5985586643218994
realmlp,kpx_group_1,25,0.58137467240586,0.48401907086372375,0.6317377090454102
realmlp,kpx_group_2,25,0.5457698334665859,0.45652174949645996,0.6396432518959045
realmlp,kpx_group_3,25,0.6278109795906964,0.628028154373169,0.5242949724197388
realmlp,all,26,0.5772128096398186,0.5355682969093323,0.5932871699333191
realmlp,kpx_group_1,26,0.5620029025218066,0.5281453132629395,0.605734646320343
realmlp,kpx_group_2,26,0.5372420321492588,0.4629654288291931,0.6372371315956116
realmlp,kpx_group_3,26,0.6323935056433958,0.6155940294265747,0.5368896722793579
realmlp,all,27,0.5713352490873898,0.5336746573448181,0.5916323661804199
realmlp,kpx_group_1,27,0.5634538399822572,0.5545300245285034,0.5837491154670715
realmlp,kpx_group_2,27,0.5333506351008135,0.4586947560310364,0.6386656165122986
realmlp,kpx_group_3,27,0.6172012599075541,0.5877991318702698,0.5524824261665344
realmlp,all,28,0.56101773240987,0.5269992351531982,0.5989921689033508
realmlp,kpx_group_1,28,0.5539203207282459,0.5271744728088379,0.6039328575134277
realmlp,kpx_group_2,28,0.5257343982948977,0.44978493452072144,0.6484900116920471
realmlp,kpx_group_3,28,0.6033984817126218,0.6040382981300354,0.544553816318512
realmlp,all,29,0.5547615333515055,0.48473381996154785,0.6276845335960388
realmlp,kpx_group_1,29,0.55064858583843,0.4515226185321808,0.6582016944885254
realmlp,kpx_group_2,29,0.5161008996998563,0.44640401005744934,0.6519603729248047
realmlp,kpx_group_3,29,0.597535112324883,0.5562748312950134,0.5728915929794312
realmlp,all,30,0.5453109434422325,0.4945101737976074,0.6229657530784607
realmlp,kpx_group_1,30,0.5382494558306301,0.4722766578197479,0.6440287828445435
realmlp,kpx_group_2,30,0.5116177288924947,0.4460506737232208,0.650336742401123
realmlp,kpx_group_3,30,0.5860656482331893,0.5652031898498535,0.5745317935943604
realmlp,all,31,0.5393295288085938,0.49002084136009216,0.6260362267494202
realmlp,kpx_group_1,31,0.5324732073966194,0.4560385048389435,0.6560269594192505
realmlp,kpx_group_2,31,0.502945544088588,0.4497660994529724,0.6487815380096436
realmlp,kpx_group_3,31,0.5825698401998071,0.5642578601837158,0.5733003616333008
realmlp,all,32,0.5319071850355934,0.47852852940559387,0.6322857141494751
realmlp,kpx_group_1,32,0.525735657881288,0.4278468191623688,0.6755260229110718
realmlp,kpx_group_2,32,0.49881818627609925,0.45138058066368103,0.6459277868270874
realmlp,kpx_group_3,32,0.5711677153320873,0.5563580989837646,0.5754033327102661
realmlp,all,33,0.527350507238332,0.4588882029056549,0.6473516225814819
realmlp,kpx_group_1,33,0.5226603685056462,0.42626953125,0.6766619682312012
realmlp,kpx_group_2,33,0.49319896058124657,0.43648436665534973,0.6608261466026306
realmlp,kpx_group_3,33,0.5661921772886725,0.513910710811615,0.6045666933059692
realmlp,all,34,0.5204555287080652,0.4842081069946289,0.6286572813987732
realmlp,kpx_group_1,34,0.5140728551675292,0.4494938850402832,0.6588390469551086
realmlp,kpx_group_2,34,0.4868639326270889,0.4446117579936981,0.6521031260490417
realmlp,kpx_group_3,34,0.5604297992061166,0.5585187077522278,0.5750296115875244
realmlp,all,35,0.5138739601654165,0.454267293214798,0.6505690217018127
realmlp,kpx_group_1,35,0.5105371431392782,0.4299238324165344,0.6738812923431396
realmlp,kpx_group_2,35,0.48076314479112625,0.4387260973453522,0.6572219133377075
realmlp,kpx_group_3,35,0.550321597386809,0.49415192008018494,0.6206037402153015
realmlp,all,36,0.5116294175386429,0.45934686064720154,0.6466896533966064
realmlp,kpx_group_1,36,0.5068565598305534,0.43018653988838196,0.6728824377059937
realmlp,kpx_group_2,36,0.4784693551414153,0.44283992052078247,0.6523880958557129
realmlp,kpx_group_3,36,0.5495623411501155,0.5050140023231506,0.6147985458374023
realmlp,all,37,0.507900674115209,0.4714849889278412,0.6412121653556824
realmlp,kpx_group_1,37,0.5032512606943355,0.45564836263656616,0.659286618232727
realmlp,kpx_group_2,37,0.4754638978663613,0.43722838163375854,0.6612739562988281
realmlp,kpx_group_3,37,0.5449868738651276,0.521578311920166,0.6030758619308472
realmlp,all,38,0.5056473722352701,0.468648761510849,0.6423140168190002
realmlp,kpx_group_1,38,0.502558567944695,0.44559961557388306,0.6658254265785217
realmlp,kpx_group_2,38,0.4735656867132467,0.43959710001945496,0.6566927433013916
realmlp,kpx_group_3,38,0.5408178681836409,0.5207496285438538,0.6044238805770874
realmlp,all,39,0.5030872181934469,0.4650817811489105,0.6436445713043213
realmlp,kpx_group_1,39,0.4986876994371414,0.4415374994277954,0.6691523790359497
realmlp,kpx_group_2,39,0.47207603691255345,0.43976977467536926,0.6557234525680542
realmlp,kpx_group_3,39,0.5384978967554429,0.5139379501342773,0.60605788230896
realmlp,all,40,0.5018004647949162,0.46513351798057556,0.6439128518104553
realmlp,kpx_group_1,40,0.49754531374749017,0.44084858894348145,0.6693699359893799
realmlp,kpx_group_2,40,0.4685024908360313,0.43872058391571045,0.6583945155143738
realmlp,kpx_group_3,40,0.5393535915543052,0.5158314108848572,0.6039739847183228
realmlp,all,41,0.5016370534020311,0.4646511971950531,0.6439254879951477
realmlp,kpx_group_1,41,0.4977695402853629,0.43971577286720276,0.6695383787155151
realmlp,kpx_group_2,41,0.4700858606135144,0.4393100142478943,0.6568443775177002
realmlp,kpx_group_3,41,0.5370557382702827,0.514927864074707,0.6053937077522278
realmlp,all,42,0.502759151160717,0.46871519088745117,0.641541600227356
realmlp,kpx_group_1,42,0.49899301195845885,0.4434565603733063,0.6706531643867493
realmlp,kpx_group_2,42,0.47047214122379527,0.44336998462677,0.6517113447189331
realmlp,kpx_group_3,42,0.5388123349231833,0.5193189978599548,0.6022603511810303
realmlp,all,43,0.5035679270239437,0.46922311186790466,0.6420537829399109
realmlp,kpx_group_1,43,0.4999835640192032,0.44146645069122314,0.6698604226112366
realmlp,kpx_group_2,43,0.4720658028826994,0.4379492998123169,0.6587694883346558
realmlp,kpx_group_3,43,0.5386544246883953,0.528253436088562,0.5975313782691956
realmlp,all,44,0.5045288739835515,0.4635809361934662,0.6445600986480713
realmlp,kpx_group_1,44,0.5010023200336624,0.4447620213031769,0.6665055751800537
realmlp,kpx_group_2,44,0.4715038406498292,0.4393838942050934,0.6570334434509277
realmlp,kpx_group_3,44,0.54108046345851,0.5065968036651611,0.6101412177085876
realmlp,all,45,0.5065160476986099,0.4561007022857666,0.6487622261047363
realmlp,kpx_group_1,45,0.5030688200803364,0.4232581555843353,0.6796470284461975
realmlp,kpx_group_2,45,0.4735163778943174,0.4317861795425415,0.6605845093727112
realmlp,kpx_group_3,45,0.5429629350409788,0.5132578015327454,0.6060552597045898
realmlp,all,46,0.5073790541466545,0.468966007232666,0.6385979652404785
realmlp,kpx_group_1,46,0.5037252254345838,0.4327888488769531,0.6722245216369629
realmlp,kpx_group_2,46,0.4741795540732496,0.4454535245895386,0.6506078243255615
realmlp,kpx_group_3,46,0.5442323667161605,0.5286556482315063,0.5929616689682007
realmlp,all,47,0.5107885892776882,0.47709783911705017,0.6344437003135681
realmlp,kpx_group_1,47,0.5079541802406311,0.4560754895210266,0.6568235754966736
realmlp,kpx_group_2,47,0.47645001201068654,0.44661086797714233,0.6476156711578369
realmlp,kpx_group_3,47,0.547961571637322,0.528607189655304,0.5988917946815491
realmlp,all,48,0.5142199147273513,0.4888207018375397,0.6286439299583435
realmlp,kpx_group_1,48,0.5106540225884494,0.4863208830356598,0.638231635093689
realmlp,kpx_group_2,48,0.4811690191135687,0.4402589499950409,0.6558754444122314
realmlp,kpx_group_3,48,0.5508367033565745,0.5398823618888855,0.5918248891830444
realmlp,all,49,0.5153942752410384,0.4671219289302826,0.6415728330612183
realmlp,kpx_group_1,49,0.5100198949084562,0.43627995252609253,0.6725770831108093
realmlp,kpx_group_2,49,0.4824315471684231,0.44843366742134094,0.6485428214073181
realmlp,kpx_group_3,49,0.5537313862758524,0.5166520476341248,0.6035985946655273
realmlp,all,50,0.5167889152379597,0.49395790696144104,0.6236773133277893
realmlp,kpx_group_1,50,0.5110284857013646,0.48849883675575256,0.6334202289581299
realmlp,kpx_group_2,50,0.4867087019716992,0.444999635219574,0.6532695293426514
realmlp,kpx_group_3,50,0.5526295646148569,0.5483751893043518,0.5843423008918762
realmlp,all,51,0.5180383412276998,0.4833107888698578,0.6303132176399231
realmlp,kpx_group_1,51,0.5131820725167499,0.4555393159389496,0.6546170115470886
realmlp,kpx_group_2,51,0.48882265564273386,0.4355509281158447,0.6601766347885132
realmlp,kpx_group_3,51,0.5521103073568905,0.5588421821594238,0.5761461853981018
realmlp,all,52,0.5198166905080571,0.4461822509765625,0.6573545932769775
realmlp,kpx_group_1,52,0.5146088722874137,0.4026952385902405,0.6944019794464111
realmlp,kpx_group_2,52,0.48901691726025415,0.4494609534740448,0.6480700969696045
realmlp,kpx_group_3,52,0.5558242718963062,0.486390620470047,0.6295916438102722
realmlp,all,53,0.5240048073670444,0.48548200726509094,0.6291518211364746
realmlp,kpx_group_1,53,0.5194466780213749,0.48003074526786804,0.6396108269691467
realmlp,kpx_group_2,53,0.49182295843082313,0.43239158391952515,0.6624583005905151
realmlp,kpx_group_3,53,0.5607447694329655,0.544023871421814,0.5853863954544067
realmlp,all,54,0.5253704628523659,0.49659931659698486,0.6203127503395081
realmlp,kpx_group_1,54,0.5216216370463371,0.45244601368904114,0.6552994847297668
realmlp,kpx_group_2,54,0.4919028764261919,0.4498550295829773,0.6480855941772461
realmlp,kpx_group_3,54,0.5625868544859045,0.5874968767166138,0.5575531721115112
realmlp,all,55,0.5276657071183709,0.5071654915809631,0.6138940453529358
realmlp,kpx_group_1,55,0.5201366193154279,0.4979996085166931,0.6288211941719055
realmlp,kpx_group_2,55,0.49257610650623546,0.45254918932914734,0.6482357382774353
realmlp,kpx_group_3,55,0.5702843727434382,0.5709475874900818,0.5646251440048218
realmlp,all,56,0.5264839337152594,0.5037150382995605,0.6138512492179871
realmlp,kpx_group_1,56,0.5209065745858585,0.4929588735103607,0.6286667585372925
realmlp,kpx_group_2,56,0.4945143373573528,0.4481246769428253,0.6488686203956604
realmlp,kpx_group_3,56,0.5640308927087223,0.5700616240501404,0.5640182495117188
realmlp,all,57,0.5272352239664864,0.4917375147342682,0.6247133612632751
realmlp,kpx_group_1,57,0.5171690364094341,0.4444190561771393,0.6678144931793213
realmlp,kpx_group_2,57,0.4916849026785177,0.4571126699447632,0.6419401168823242
realmlp,kpx_group_3,57,0.5728517052005319,0.5736808180809021,0.5643854141235352
realmlp,all,58,0.5220369153163013,0.485477089881897,0.6302199363708496
realmlp,kpx_group_1,58,0.517678525956238,0.45808467268943787,0.655585765838623
realmlp,kpx_group_2,58,0.48890547410530205,0.43353405594825745,0.6601986289024353
realmlp,kpx_group_3,58,0.5595267379985136,0.5648124814033508,0.57487553358078
realmlp,all,59,0.5273544437745038,0.4805244505405426,0.629056990146637
realmlp,kpx_group_1,59,0.521436000133262,0.43772315979003906,0.6680530309677124
realmlp,kpx_group_2,59,0.4950444610679851,0.4696384072303772,0.6322792172431946
realmlp,kpx_group_3,59,0.5655828600420671,0.5342118740081787,0.5868387818336487
realmlp,all,60,0.5259778499603271,0.47970402240753174,0.6326625943183899
realmlp,kpx_group_1,60,0.520955361864146,0.48014503717422485,0.6372919678688049
realmlp,kpx_group_2,60,0.4914693529991543,0.4443819522857666,0.6523483991622925
realmlp,kpx_group_3,60,0.5655088337028727,0.5145850777626038,0.608347475528717
realmlp,all,61,0.5259519219398499,0.4899528920650482,0.6265141367912292
realmlp,kpx_group_1,61,0.5155931952245095,0.4394562840461731,0.6678908467292786
realmlp,kpx_group_2,61,0.4936884216525975,0.4523600935935974,0.6457096338272095
realmlp,kpx_group_3,61,0.5685741515720591,0.578042209148407,0.5659417510032654
realmlp,all,62,0.5272423388326869,0.4905201196670532,0.6273443102836609
realmlp,kpx_group_1,62,0.5208467477384735,0.4613240361213684,0.6550257205963135
realmlp,kpx_group_2,62,0.49249974988839207,0.43974927067756653,0.6568796038627625
realmlp,kpx_group_3,62,0.568380511858884,0.5704869627952576,0.5701276659965515
realmlp,all,63,0.5247280615217546,0.47887125611305237,0.6325598955154419
realmlp,kpx_group_1,63,0.5156580569113002,0.4053158462047577,0.6918133497238159
realmlp,kpx_group_2,63,0.4953121959286578,0.4648372530937195,0.633782148361206
realmlp,kpx_group_3,63,0.5632139453116585,0.5664606094360352,0.5720840692520142
realmlp,all,64,0.5239858535282752,0.5026600956916809,0.6180979609489441
realmlp,kpx_group_1,64,0.5143835408722653,0.493347704410553,0.6323265433311462
realmlp,kpx_group_2,64,0.4910158716580447,0.4476894736289978,0.6521961688995361
realmlp,kpx_group_3,64,0.5665581410422045,0.5669432282447815,0.5697709321975708
realmlp,all,65,0.5217989376362633,0.49233901500701904,0.6224713921546936
realmlp,kpx_group_1,65,0.5151298563270008,0.48860952258110046,0.6332617998123169
realmlp,kpx_group_2,65,0.48517320436589856,0.4494761824607849,0.6485968828201294
realmlp,kpx_group_3,65,0.5650937478331959,0.5389314293861389,0.5855554342269897
realmlp,all,66,0.5228352923603619,0.5027559399604797,0.6126989722251892
realmlp,kpx_group_1,66,0.5154119217220474,0.49118614196777344,0.6283085346221924
realmlp,kpx_group_2,66,0.4890383652904454,0.458772748708725,0.6362171173095703
realmlp,kpx_group_3,66,0.5640555777970482,0.5583090782165527,0.5735712051391602
realmlp,all,67,0.5165644266149577,0.4770737588405609,0.63437420129776
realmlp,kpx_group_1,67,0.5088994358392323,0.4729776978492737,0.6447662115097046
realmlp,kpx_group_2,67,0.48485278162886114,0.44067978858947754,0.657024085521698
realmlp,kpx_group_3,67,0.5559410593088936,0.5175637602806091,0.601332426071167
realmlp,all,68,0.5154839850523892,0.4882655441761017,0.6275047659873962
realmlp,kpx_group_1,68,0.5090773763025508,0.4801371693611145,0.6399450898170471
realmlp,kpx_group_2,68,0.47954773815239177,0.4358893930912018,0.6601060628890991
realmlp,kpx_group_3,68,0.5578268367578002,0.5487701296806335,0.5824629664421082
realmlp,all,69,0.5156133529894492,0.47342291474342346,0.6366602778434753
realmlp,kpx_group_1,69,0.5083697942249915,0.463399738073349,0.6502112150192261
realmlp,kpx_group_2,69,0.4818615023704136,0.44354572892189026,0.6546025276184082
realmlp,kpx_group_3,69,0.5566087689469842,0.5133231282234192,0.6051671504974365
realmlp,all,70,0.5107029680820072,0.47092127799987793,0.6410216689109802
realmlp,kpx_group_1,70,0.5052420580211807,0.43188658356666565,0.6756995320320129
realmlp,kpx_group_2,70,0.4779781046159127,0.4349915385246277,0.6602258682250977
realmlp,kpx_group_3,70,0.5488887446768144,0.5458856225013733,0.5871397256851196
realmlp,all,71,0.5084433134864358,0.5005425810813904,0.6211361885070801
realmlp,kpx_group_1,71,0.5009282213800094,0.49196571111679077,0.6299365758895874
realmlp,kpx_group_2,71,0.47887105187949014,0.4344432055950165,0.6647138595581055
realmlp,kpx_group_3,71,0.5455306777182747,0.575218915939331,0.5687581300735474
realmlp,all,72,0.5067294757155811,0.509529173374176,0.6140913367271423
realmlp,kpx_group_1,72,0.5008476709618288,0.5173649787902832,0.614246129989624
realmlp,kpx_group_2,72,0.47188366730423537,0.44293633103370667,0.6560942530632019
realmlp,kpx_group_3,72,0.5474570840597153,0.5682861804962158,0.5719336271286011
realmlp,all,73,0.5027522799723289,0.47794055938720703,0.6358429193496704
realmlp,kpx_group_1,73,0.49738671060870676,0.45030248165130615,0.6599834561347961
realmlp,kpx_group_2,73,0.4693777942482163,0.43921053409576416,0.6602761745452881
realmlp,kpx_group_3,73,0.5414923333069858,0.5443085432052612,0.587269127368927
realmlp,all,74,0.4993462663363008,0.47620347142219543,0.635657548904419
realmlp,kpx_group_1,74,0.4930311073275173,0.4551050364971161,0.6577410101890564
realmlp,kpx_group_2,74,0.46822739085730386,0.44182467460632324,0.6551001667976379
realmlp,kpx_group_3,74,0.5367803038919673,0.531680703163147,0.5941314101219177
realmlp,all,75,0.49514523455325293,0.4963538348674774,0.624408483505249
realmlp,kpx_group_1,75,0.4880853510078262,0.5086230635643005,0.621659517288208
realmlp,kpx_group_2,75,0.4623143072513973,0.43133193254470825,0.667816162109375
realmlp,kpx_group_3,75,0.5350360598634271,0.5491064190864563,0.5837498307228088
realmlp,all,76,0.4916266075828496,0.4806845486164093,0.6341878771781921
realmlp,kpx_group_1,76,0.48715968123253656,0.45136985182762146,0.6612301468849182
realmlp,kpx_group_2,76,0.46123066281571107,0.4339677691459656,0.6634228229522705
realmlp,kpx_group_3,76,0.5264894721262595,0.5567161440849304,0.5779105424880981
realmlp,all,77,0.49008658265366273,0.4829951822757721,0.6331566572189331
realmlp,kpx_group_1,77,0.4841156093513264,0.46040186285972595,0.6559303402900696
realmlp,kpx_group_2,77,0.4582652226090431,0.44161197543144226,0.6562851071357727
realmlp,kpx_group_3,77,0.5278789146858103,0.5469717979431152,0.587254524230957
realmlp,all,78,0.4850247874855995,0.484588623046875,0.6301050782203674
realmlp,kpx_group_1,78,0.48041876493131414,0.4782877564430237,0.6400194764137268
realmlp,kpx_group_2,78,0.4549114257097244,0.4418458044528961,0.6563708782196045
realmlp,kpx_group_3,78,0.5197441810194183,0.5336322784423828,0.5939249992370605
realmlp,all,79,0.4833053701064166,0.4634818136692047,0.6442875266075134
realmlp,kpx_group_1,79,0.47821121443720427,0.4334041178226471,0.6720788478851318
realmlp,kpx_group_2,79,0.45026931473437476,0.43751055002212524,0.6593855619430542
realmlp,kpx_group_3,79,0.5214355802711319,0.5195308923721313,0.6013980507850647
realmlp,all,80,0.47965580400298624,0.4777907431125641,0.6337764859199524
realmlp,kpx_group_1,80,0.47409363003338084,0.4656737744808197,0.6533955335617065
realmlp,kpx_group_2,80,0.44886114360655055,0.44418686628341675,0.6501621603965759
realmlp,kpx_group_3,80,0.5160126190851716,0.5235117673873901,0.5977717638015747
realmlp,all,81,0.4778520250145127,0.47019800543785095,0.6420081257820129
realmlp,kpx_group_1,81,0.4717995664652656,0.4738852083683014,0.6456798315048218
realmlp,kpx_group_2,81,0.4483477582826334,0.43756529688835144,0.6605424880981445
realmlp,kpx_group_3,81,0.513408750295639,0.49914342164993286,0.6198021769523621
realmlp,all,82,0.47280414227177114,0.48077771067619324,0.6332747340202332
realmlp,kpx_group_1,82,0.467523257522022,0.4747636020183563,0.6433863043785095
realmlp,kpx_group_2,82,0.4437047492931871,0.4384504556655884,0.6586225628852844
realmlp,kpx_group_3,82,0.5071844208766433,0.529119074344635,0.5978152751922607
realmlp,all,83,0.4712113001767327,0.4667055606842041,0.6437428593635559
realmlp,kpx_group_1,83,0.46603986708556905,0.46340230107307434,0.6505010724067688
realmlp,kpx_group_2,83,0.4408084710731226,0.4370952844619751,0.662338376045227
realmlp,kpx_group_3,83,0.5067855763961288,0.49961915612220764,0.6183890104293823
realmlp,all,84,0.46701472252607346,0.47464361786842346,0.6387472748756409
realmlp,kpx_group_1,84,0.4619116187095642,0.4632679224014282,0.6529234647750854
realmlp,kpx_group_2,84,0.43854377506410375,0.4371758699417114,0.661675214767456
realmlp,kpx_group_3,84,0.5005887738045525,0.5234870910644531,0.6016432642936707
realmlp,all,85,0.46621157798696966,0.47562360763549805,0.6382706165313721
realmlp,kpx_group_1,85,0.4606647614170523,0.4792212247848511,0.6418420076370239
realmlp,kpx_group_2,85,0.43709222621777477,0.4382930099964142,0.6615520119667053
realmlp,kpx_group_3,85,0.5008777590358958,0.5093566179275513,0.6114177107810974
realmlp,all,86,0.463242303360911,0.47355207800865173,0.6376839280128479
realmlp,kpx_group_1,86,0.4575794006095213,0.4576515555381775,0.6546177268028259
realmlp,kpx_group_2,86,0.4347190068048589,0.44331568479537964,0.6549534797668457
realmlp,kpx_group_3,86,0.4974284991621971,0.5196889042854309,0.6034806370735168
realmlp,all,87,0.46241843700408936,0.46838614344596863,0.6426622271537781
realmlp,kpx_group_1,87,0.45787369898136926,0.45446842908859253,0.6592686176300049
realmlp,kpx_group_2,87,0.43314401016515847,0.4427483379840851,0.6569267511367798
realmlp,kpx_group_3,87,0.4962376088780515,0.5079415440559387,0.6117912530899048
realmlp,all,88,0.4608085966285537,0.4773302972316742,0.6355035305023193
realmlp,kpx_group_1,88,0.4567084347500521,0.46702539920806885,0.6487342119216919
realmlp,kpx_group_2,88,0.4329520937274484,0.4432675242424011,0.6552602052688599
realmlp,kpx_group_3,88,0.49276528069201636,0.5216979384422302,0.602516233921051
realmlp,all,89,0.45943327511058135,0.4776723384857178,0.6361465454101562
realmlp,kpx_group_1,89,0.4554891174330431,0.47226211428642273,0.6450645327568054
realmlp,kpx_group_2,89,0.4311613479957861,0.4392618238925934,0.659999668598175
realmlp,kpx_group_3,89,0.49164936560041766,0.521493136882782,0.6033754944801331
realmlp,all,90,0.4571237721863915,0.4745372533798218,0.6373828053474426
realmlp,kpx_group_1,90,0.45323971965733695,0.46759089827537537,0.6480409502983093
realmlp,kpx_group_2,90,0.42913706293877435,0.4392513036727905,0.6590920090675354
realmlp,kpx_group_3,90,0.4889945260742131,0.5167695879936218,0.6050154566764832
realmlp,all,91,0.4582853505716604,0.47490599751472473,0.6378453373908997
realmlp,kpx_group_1,91,0.45400376793216257,0.4678904712200165,0.6490903496742249
realmlp,kpx_group_2,91,0.4298277089700979,0.4404875636100769,0.6587387919425964
realmlp,kpx_group_3,91,0.49102456955348744,0.516339898109436,0.6057068109512329
realmlp,all,92,0.45648164433591504,0.47446107864379883,0.6380600333213806
realmlp,kpx_group_1,92,0.45176299968186545,0.46840736269950867,0.6488382816314697
realmlp,kpx_group_2,92,0.42879921417025957,0.4405907392501831,0.6588507294654846
realmlp,kpx_group_3,92,0.4888827095136923,0.5143852233886719,0.606491208076477
realmlp,all,93,0.45673371676136465,0.47402629256248474,0.638125479221344
realmlp,kpx_group_1,93,0.45182544606573444,0.4677944779396057,0.6492713093757629
realmlp,kpx_group_2,93,0.4279792598065208,0.4404851496219635,0.6589381694793701
realmlp,kpx_group_3,93,0.49039645361549716,0.5137991905212402,0.6061670780181885
realmlp,all,94,0.45633695756687837,0.4740249216556549,0.638175904750824
realmlp,kpx_group_1,94,0.45176464494536905,0.467756986618042,0.6495670080184937
realmlp,kpx_group_2,94,0.42788638919591904,0.44051438570022583,0.6587943434715271
realmlp,kpx_group_3,94,0.489359834614922,0.5138033628463745,0.6061663627624512
realmlp,all,95,0.4560093358159065,0.47373494505882263,0.6387848258018494
realmlp,kpx_group_1,95,0.4515373820767683,0.4670957028865814,0.6509909629821777
realmlp,kpx_group_2,95,0.42763197684989257,0.44044506549835205,0.6586593985557556
realmlp,kpx_group_3,95,0.4888586423852864,0.5136639475822449,0.6067041158676147
realmlp,all,96,0.455537769724341,0.47397151589393616,0.637967050075531
realmlp,kpx_group_1,96,0.4502822436830577,0.468440443277359,0.6495609879493713
realmlp,kpx_group_2,96,0.42811639563125725,0.44037729501724243,0.658004641532898
realmlp,kpx_group_3,96,0.4882146641612053,0.5130966305732727,0.6063354015350342
realmlp,all,97,0.45711325941716924,0.47371968626976013,0.6387837529182434
realmlp,kpx_group_1,97,0.45104001068017063,0.4654034674167633,0.6513234972953796
realmlp,kpx_group_2,97,0.43011454273672667,0.44077736139297485,0.6585999727249146
realmlp,kpx_group_3,97,0.4901852287790355,0.5149781107902527,0.6064277291297913
realmlp,all,98,0.45674698624540777,0.47511038184165955,0.6368197798728943
realmlp,kpx_group_1,98,0.45296890332418327,0.4693073332309723,0.6464455127716064
realmlp,kpx_group_2,98,0.4289151232908754,0.4420354962348938,0.6573914885520935
realmlp,kpx_group_3,98,0.48835693080635634,0.5139882564544678,0.6066221594810486
realmlp,all,99,0.4576684810659465,0.4714716374874115,0.6414050459861755
realmlp,kpx_group_1,99,0.45188629846362505,0.46624433994293213,0.6503331661224365
realmlp,kpx_group_2,99,0.4300749214256511,0.4400726556777954,0.6584014892578125
realmlp,kpx_group_3,99,0.49104421717279095,0.5080978870391846,0.6154805421829224
realmlp,all,100,0.4588977400870884,0.4705413281917572,0.639726459980011
realmlp,kpx_group_1,100,0.4528040986727266,0.4550371766090393,0.6571337580680847
realmlp,kpx_group_2,100,0.4308561117333524,0.44036322832107544,0.6576613187789917
realmlp,kpx_group_3,100,0.493033015552689,0.516223669052124,0.6043844223022461
realmlp,all,101,0.458706581417252,0.4707392752170563,0.6407434940338135
realmlp,kpx_group_1,101,0.4542714247808737,0.4614742696285248,0.6537154316902161
realmlp,kpx_group_2,101,0.42877353508682814,0.43976905941963196,0.6589624285697937
realmlp,kpx_group_3,101,0.49307479709386826,0.5109744668006897,0.6095526218414307
realmlp,all,102,0.4579610219773124,0.47286972403526306,0.6387842893600464
realmlp,kpx_group_1,102,0.45307542252189975,0.469220370054245,0.6475163698196411
realmlp,kpx_group_2,102,0.4292176120421466,0.4400593936443329,0.6563606262207031
realmlp,kpx_group_3,102,0.4915900304913521,0.5093293786048889,0.6124758124351501
realmlp,all,103,0.45914844511186376,0.46316638588905334,0.6433992981910706
realmlp,kpx_group_1,103,0.4541897221523173,0.4436848759651184,0.6624748110771179
realmlp,kpx_group_2,103,0.4304740179110976,0.44322124123573303,0.6540762186050415
realmlp,kpx_group_3,103,0.4927815773031291,0.5025928616523743,0.6136470437049866
realmlp,all,104,0.45981640544007807,0.46800482273101807,0.641469419002533
realmlp,kpx_group_1,104,0.4543364639667904,0.4550749659538269,0.6553635597229004
realmlp,kpx_group_2,104,0.4318862623151611,0.44394728541374207,0.654149055480957
realmlp,kpx_group_3,104,0.49322648346424103,0.5049922466278076,0.6148955225944519
realmlp,all,105,0.4627239875057164,0.4785841405391693,0.6345975995063782
realmlp,kpx_group_1,105,0.456017132191097,0.4786279499530792,0.6404932141304016
realmlp,kpx_group_2,105,0.4350617361419341,0.4415799677371979,0.6591289043426514
realmlp,kpx_group_3,105,0.4970931068939321,0.5155444145202637,0.6041707992553711
realmlp,all,106,0.46206675163086725,0.4808039665222168,0.6322509050369263
realmlp,kpx_group_1,106,0.45537231205140843,0.47934985160827637,0.6385303735733032
realmlp,kpx_group_2,106,0.43275735351969213,0.4418446123600006,0.6558210849761963
realmlp,kpx_group_3,106,0.4980705954572734,0.5212174654006958,0.6024013757705688
realmlp,all,107,0.46261729124714346,0.477667897939682,0.6347613334655762
realmlp,kpx_group_1,107,0.4578002384480308,0.48330432176589966,0.6360968351364136
realmlp,kpx_group_2,107,0.4328806672026129,0.43780386447906494,0.6613031029701233
realmlp,kpx_group_3,107,0.49717097729444504,0.5118952989578247,0.6068839430809021
realmlp,all,108,0.46199586067129583,0.48345354199409485,0.63213050365448
realmlp,kpx_group_1,108,0.45782626113470865,0.47189363837242126,0.6457942724227905
realmlp,kpx_group_2,108,0.43238138188334074,0.44833406805992126,0.6510427594184875
realmlp,kpx_group_3,108,0.4957799420637243,0.5301330089569092,0.5995544195175171
realmlp,all,109,0.46510722707299623,0.4775974750518799,0.6362143754959106
realmlp,kpx_group_1,109,0.4603177054839976,0.46895065903663635,0.6472546458244324
realmlp,kpx_group_2,109,0.4365464825840557,0.44116705656051636,0.6577261686325073
realmlp,kpx_group_3,109,0.49845749709536047,0.5226747989654541,0.603662371635437
realmlp,all,110,0.46439261515350905,0.4843508303165436,0.6311469674110413
realmlp,kpx_group_1,110,0.45942819863557816,0.4797087609767914,0.6409454345703125
realmlp,kpx_group_2,110,0.43494132950025444,0.4419238269329071,0.6573654413223267
realmlp,kpx_group_3,110,0.4988083317875862,0.5314198732376099,0.5951300859451294
realmlp,all,111,0.46809102025102167,0.4861990511417389,0.6267423629760742
realmlp,kpx_group_1,111,0.46203430873506207,0.467840313911438,0.6464840173721313
realmlp,kpx_group_2,111,0.43903663929770975,0.4477589428424835,0.6492249965667725
realmlp,kpx_group_3,111,0.5032021144733709,0.5429978966712952,0.5845180749893188
realmlp,all,112,0.4670078202205546,0.4837781488895416,0.6320015788078308
realmlp,kpx_group_1,112,0.4622131971751942,0.46469825506210327,0.650250256061554
realmlp,kpx_group_2,112,0.43682407193324146,0.4481275975704193,0.6522916555404663
realmlp,kpx_group_3,112,0.5019861862939947,0.5385085344314575,0.5934628248214722
realmlp,all,113,0.46849024164326053,0.4790644645690918,0.6329379081726074
realmlp,kpx_group_1,113,0.46231379973537784,0.4458838105201721,0.6617541909217834
realmlp,kpx_group_2,113,0.44134461748249393,0.4529796838760376,0.6459164619445801
realmlp,kpx_group_3,113,0.5018123142859515,0.5383298397064209,0.5911431312561035
realmlp,all,114,0.468004513751058,0.4737917482852936,0.6387937068939209
realmlp,kpx_group_1,114,0.46294797606327953,0.4563179016113281,0.6580259799957275
realmlp,kpx_group_2,114,0.43858397839700475,0.44619300961494446,0.6550778746604919
realmlp,kpx_group_3,114,0.502481581095387,0.5188642740249634,0.6032772660255432
realmlp,all,115,0.4678085928454119,0.4791329801082611,0.635979413986206
realmlp,kpx_group_1,115,0.45893187777084465,0.47429731488227844,0.645786702632904
realmlp,kpx_group_2,115,0.4373646225122845,0.4485190212726593,0.6537649631500244
realmlp,kpx_group_3,115,0.5071292747469509,0.5145825147628784,0.6083865761756897
realmlp,all,116,0.47171390407225666,0.48729005455970764,0.628811776638031
realmlp,kpx_group_1,116,0.46378130904015374,0.47144389152526855,0.645304799079895
realmlp,kpx_group_2,116,0.442412113003871,0.4411608576774597,0.6583040356636047
realmlp,kpx_group_3,116,0.508948299814673,0.5492655634880066,0.5828266143798828
realmlp,all,117,0.46803538764224334,0.4990573227405548,0.6191882491111755
realmlp,kpx_group_1,117,0.46095003757406683,0.4797358512878418,0.640805184841156
realmlp,kpx_group_2,117,0.4392743136952905,0.4584694504737854,0.6412652730941772
realmlp,kpx_group_3,117,0.5038818002623671,0.5589666366577148,0.5754944086074829
realmlp,all,118,0.4711090953034513,0.4773084819316864,0.6349193453788757
realmlp,kpx_group_1,118,0.46496640847009774,0.43726903200149536,0.6677253246307373
realmlp,kpx_group_2,118,0.44034184953745675,0.4473332166671753,0.6525142192840576
realmlp,kpx_group_3,118,0.5080190243966439,0.5473231077194214,0.584518551826477
realmlp,all,119,0.47032831609249115,0.48122262954711914,0.6332384347915649
realmlp,kpx_group_1,119,0.46243424450649934,0.4781825840473175,0.6429296135902405
realmlp,kpx_group_2,119,0.43997929245233536,0.4459680914878845,0.6534252166748047
realmlp,kpx_group_3,119,0.5085714086890221,0.5195172429084778,0.6033605337142944
realmlp,all,120,0.47034569917356267,0.49440011382102966,0.6247519850730896
realmlp,kpx_group_1,120,0.46418913979740706,0.48586419224739075,0.6380020976066589
realmlp,kpx_group_2,120,0.44191306960933346,0.45059144496917725,0.6503856182098389
realmlp,kpx_group_3,120,0.5049348938114503,0.5467447638511658,0.585868239402771
realmlp,all,121,0.47130365538246494,0.4787260591983795,0.6346315741539001
realmlp,kpx_group_1,121,0.4653990544817027,0.46720293164253235,0.6491304039955139
realmlp,kpx_group_2,121,0.44071368610157685,0.44640082120895386,0.6533185839653015
realmlp,kpx_group_3,121,0.5077982295085403,0.5225745439529419,0.6014456748962402
realmlp,all,122,0.46782197627951116,0.4922374188899994,0.625113844871521
realmlp,kpx_group_1,122,0.4613652295049499,0.48434844613075256,0.6369895935058594
realmlp,kpx_group_2,122,0.4382738164242576,0.4558589458465576,0.6463852524757385
realmlp,kpx_group_3,122,0.5038268824710566,0.5365049242973328,0.5919665694236755
realmlp,all,123,0.4724089345511268,0.47573181986808777,0.6365415453910828
realmlp,kpx_group_1,123,0.46578801160349564,0.48056671023368835,0.6393792033195496
realmlp,kpx_group_2,123,0.44218069271129723,0.4473545253276825,0.653124213218689
realmlp,kpx_group_3,123,0.5092580892583903,0.49927419424057007,0.6171212792396545
realmlp,all,124,0.47317567073247013,0.4719967842102051,0.6379554271697998
realmlp,kpx_group_1,124,0.46541474759578705,0.45129072666168213,0.6602365970611572
realmlp,kpx_group_2,124,0.44476818512467775,0.4537118375301361,0.645793616771698
realmlp,kpx_group_3,124,0.5093440623844371,0.5109878182411194,0.607836127281189
realmlp,all,125,0.4729920406551922,0.5013762712478638,0.6183344721794128
realmlp,kpx_group_1,125,0.46551045863067403,0.5001780390739441,0.6259167194366455
realmlp,kpx_group_2,125,0.4443088173866272,0.4578493535518646,0.6441068649291992
realmlp,kpx_group_3,125,0.5091568599728977,0.5461015105247498,0.584979772567749
realmlp,all,126,0.47092263575862436,0.48474565148353577,0.6297411918640137
realmlp,kpx_group_1,126,0.46612897120854435,0.47485148906707764,0.6433801054954529
realmlp,kpx_group_2,126,0.442258077509263,0.44921180605888367,0.6498925089836121
realmlp,kpx_group_3,126,0.5043808392742101,0.5301737785339355,0.5959509015083313
realmlp,all,127,0.4722303585971103,0.49212637543678284,0.6236080527305603
realmlp,kpx_group_1,127,0.4649840233957066,0.5055148005485535,0.618024468421936
realmlp,kpx_group_2,127,0.44116338780697656,0.45928311347961426,0.6463723182678223
realmlp,kpx_group_3,127,0.510543658891145,0.5115811228752136,0.6064274311065674
realmlp,all,128,0.47185073310838027,0.48610344529151917,0.6296811699867249
realmlp,kpx_group_1,128,0.4643767800401239,0.4576467275619507,0.6566129922866821
realmlp,kpx_group_2,128,0.44210394778672385,0.4422640800476074,0.6560224294662476
realmlp,kpx_group_3,128,0.509071475442718,0.5583995580673218,0.5764080882072449
realmlp,all,129,0.46795128285884857,0.4961622655391693,0.6210500597953796
realmlp,kpx_group_1,129,0.45946159476743026,0.46768108010292053,0.6476099491119385
realmlp,kpx_group_2,129,0.437129630761988,0.45676082372665405,0.6438255310058594
realmlp,kpx_group_3,129,0.507262614720008,0.5640447735786438,0.5717147588729858
realmlp,all,130,0.470091845621081,0.5073853731155396,0.6164695620536804
realmlp,kpx_group_1,130,0.46132756901137967,0.4878036379814148,0.6349049806594849
realmlp,kpx_group_2,130,0.4412828876691706,0.4579463005065918,0.648074746131897
realmlp,kpx_group_3,130,0.5076650779913453,0.5764061212539673,0.5664288401603699
realmlp,all,131,0.46627028505591783,0.49923622608184814,0.6185531616210938
realmlp,kpx_group_1,131,0.4589581533389933,0.4772811830043793,0.6381590962409973
realmlp,kpx_group_2,131,0.4377434078384848,0.46104857325553894,0.6418977379798889
realmlp,kpx_group_3,131,0.5021092970581615,0.559378981590271,0.5756027698516846
realmlp,all,132,0.46488625161788044,0.5035159587860107,0.6170886158943176
realmlp,kpx_group_1,132,0.4585603589520735,0.4722418785095215,0.6447092294692993
realmlp,kpx_group_2,132,0.43603060745141087,0.4620790183544159,0.6403031349182129
realmlp,kpx_group_3,132,0.5000677827526542,0.576227068901062,0.5662534236907959
realmlp,all,133,0.4652034364202443,0.49238476157188416,0.6253564953804016
realmlp,kpx_group_1,133,0.45767343789339066,0.47545042634010315,0.6407840251922607
realmlp,kpx_group_2,133,0.43447059392929077,0.4657302796840668,0.6434333920478821
realmlp,kpx_group_3,133,0.5034662822590155,0.5359734892845154,0.591852068901062
realmlp,all,134,0.46090544278130813,0.48650333285331726,0.628350555896759
realmlp,kpx_group_1,134,0.4535336196422577,0.46169495582580566,0.6506887078285217
realmlp,kpx_group_2,134,0.4304049089550972,0.4569768011569977,0.6457570195198059
realmlp,kpx_group_3,134,0.4987778093884973,0.5408382415771484,0.5886058211326599
realmlp,all,135,0.4599698462030467,0.5048719048500061,0.6146275401115417
realmlp,kpx_group_1,135,0.4531736851615064,0.4887644052505493,0.6313762664794922
realmlp,kpx_group_2,135,0.42962786117020774,0.4547382891178131,0.644545316696167
realmlp,kpx_group_3,135,0.4971080036724315,0.571113109588623,0.5679609179496765
realmlp,all,136,0.457129567861557,0.48840317130088806,0.627002477645874
realmlp,kpx_group_1,136,0.450106519548332,0.44988641142845154,0.6611766815185547
realmlp,kpx_group_2,136,0.425884352887378,0.45302170515060425,0.6475780010223389
realmlp,kpx_group_3,136,0.4953978385995416,0.5623013973236084,0.5722528100013733
realmlp,all,137,0.45621448492302613,0.5031144618988037,0.6160889267921448
realmlp,kpx_group_1,137,0.44896994662635464,0.47876831889152527,0.6385077834129333
realmlp,kpx_group_2,137,0.4254186311188866,0.45950737595558167,0.6427478790283203
realmlp,kpx_group_3,137,0.49425488272133994,0.5710676908493042,0.5670109987258911
realmlp,all,138,0.45437028478173647,0.49607357382774353,0.6198277473449707
realmlp,kpx_group_1,138,0.44912226059857535,0.4686441421508789,0.6469820737838745
realmlp,kpx_group_2,138,0.42277483598274346,0.45483165979385376,0.6462014317512512
realmlp,kpx_group_3,138,0.4912137748563991,0.5647448897361755,0.5662996768951416
realmlp,all,139,0.45272299603504296,0.5131752490997314,0.6113572716712952
realmlp,kpx_group_1,139,0.44331682078978596,0.4919210374355316,0.6328399777412415
realmlp,kpx_group_2,139,0.4208260331960285,0.4647279977798462,0.638889729976654
realmlp,kpx_group_3,139,0.4940261349958532,0.5828769207000732,0.5623421669006348
realmlp,all,140,0.44793978289646263,0.5042945742607117,0.6162011027336121
realmlp,kpx_group_1,140,0.44113408379694996,0.47183138132095337,0.6443612575531006
realmlp,kpx_group_2,140,0.4208425038001117,0.4653496742248535,0.6367014646530151
realmlp,kpx_group_3,140,0.4818427584627095,0.5757026672363281,0.5675406455993652
realmlp,all,141,0.44971515720381455,0.5022569298744202,0.6160847544670105
realmlp,kpx_group_1,141,0.4440097120754859,0.4665270745754242,0.6496254205703735
realmlp,kpx_group_2,141,0.4171079059734064,0.4741123616695404,0.6315294504165649
realmlp,kpx_group_3,141,0.48802785224774303,0.5661314129829407,0.5670993328094482
realmlp,all,142,0.4442732588333242,0.49326398968696594,0.6247925758361816
realmlp,kpx_group_1,142,0.4407088848597863,0.45790934562683105,0.6568416953086853
realmlp,kpx_group_2,142,0.4131567386143348,0.45688703656196594,0.6458092331886292
realmlp,kpx_group_3,142,0.47895415434065985,0.5649957656860352,0.5717267990112305
realmlp,all,143,0.4393955193021718,0.49278783798217773,0.6239451766014099
realmlp,kpx_group_1,143,0.4320014574948479,0.4418014883995056,0.6681000590324402
realmlp,kpx_group_2,143,0.4089974747861133,0.4640067219734192,0.6354348659515381
realmlp,kpx_group_3,143,0.4771876216811292,0.5725551247596741,0.568300724029541
realmlp,all,144,0.435548322603983,0.5030542016029358,0.6146813035011292
realmlp,kpx_group_1,144,0.429390323074425,0.4957842528820038,0.6251022219657898
realmlp,kpx_group_2,144,0.407569045529646,0.46418139338493347,0.6380869746208191
realmlp,kpx_group_3,144,0.4696855987696087,0.5491970777511597,0.5808548331260681
realmlp,all,145,0.4309529491207179,0.4815383851528168,0.6317157745361328
realmlp,kpx_group_1,145,0.42715440865825205,0.44723328948020935,0.6647685170173645
realmlp,kpx_group_2,145,0.406199636266512,0.4668511748313904,0.6349289417266846
realmlp,kpx_group_3,145,0.4595048072583535,0.5305306911468506,0.5954499244689941
realmlp,all,146,0.42742939731654,0.5049455761909485,0.6161134243011475
realmlp,kpx_group_1,146,0.4222257238100557,0.4733392894268036,0.6463584899902344
realmlp,kpx_group_2,146,0.39955119744819756,0.4720192849636078,0.6326367855072021
realmlp,kpx_group_3,146,0.46051127901848626,0.5694780945777893,0.5693450570106506
realmlp,all,147,0.423790681449806,0.510782778263092,0.6115349531173706
realmlp,kpx_group_1,147,0.4203282818198204,0.49707067012786865,0.6262487173080444
realmlp,kpx_group_2,147,0.39580833385972414,0.4692189395427704,0.6363658905029297
realmlp,kpx_group_3,147,0.45523541946621504,0.5660587549209595,0.5719903707504272
realmlp,all,148,0.41778642465086546,0.5190870761871338,0.605049192905426
realmlp,kpx_group_1,148,0.4151612656081424,0.5098792910575867,0.6160209774971008
realmlp,kpx_group_2,148,0.393759333912064,0.4744168817996979,0.6316452622413635
realmlp,kpx_group_3,148,0.4444386661052704,0.572965145111084,0.567481517791748
realmlp,all,149,0.4146844284499393,0.5052623748779297,0.6163403987884521
realmlp,kpx_group_1,149,0.41257071056786704,0.48689618706703186,0.6324151754379272
realmlp,kpx_group_2,149,0.39016304208951835,0.4629332721233368,0.6432443857192993
realmlp,kpx_group_3,149,0.4413195458405158,0.5659576654434204,0.5733616352081299
realmlp,all,150,0.40790241036344976,0.5020809173583984,0.6184292435646057
realmlp,kpx_group_1,150,0.4065856780199444,0.4762333035469055,0.6434953808784485
realmlp,kpx_group_2,150,0.3811715486295083,0.4729076027870178,0.6306705474853516
realmlp,kpx_group_3,150,0.43594998384223266,0.557101845741272,0.5811216831207275
realmlp,all,151,0.40610580935197715,0.5108341574668884,0.6095914244651794
realmlp,kpx_group_1,151,0.40463120840928135,0.4887416660785675,0.6299241781234741
realmlp,kpx_group_2,151,0.38251002746469837,0.4688011407852173,0.6344354152679443
realmlp,kpx_group_3,151,0.43117619963253245,0.5749596357345581,0.5644147396087646
realmlp,all,152,0.3992960282108363,0.5022274851799011,0.6179196238517761
realmlp,kpx_group_1,152,0.3975585515008253,0.4705639183521271,0.6449626684188843
realmlp,kpx_group_2,152,0.3756216462044155,0.4643959403038025,0.6405037641525269
realmlp,kpx_group_3,152,0.42470787465572357,0.5717224478721619,0.5682923197746277
realmlp,all,153,0.3951159378184992,0.5106163024902344,0.6111652255058289
realmlp,kpx_group_1,153,0.3931075417820145,0.4984810948371887,0.6262587904930115
realmlp,kpx_group_2,153,0.3746530343504513,0.46789437532424927,0.6387885808944702
realmlp,kpx_group_3,153,0.4175872250514872,0.5654734373092651,0.5684483647346497
realmlp,all,154,0.3877912032253602,0.49618372321128845,0.6234390735626221
realmlp,kpx_group_1,154,0.38538773357868195,0.4704049825668335,0.6477265357971191
realmlp,kpx_group_2,154,0.36670344147612066,0.46028903126716614,0.6446996927261353
realmlp,kpx_group_3,154,0.411282438565703,0.5578572154045105,0.5778910517692566
realmlp,all,155,0.38437439545112495,0.507114827632904,0.6136667132377625
realmlp,kpx_group_1,155,0.38419397964197044,0.48493048548698425,0.6361079216003418
realmlp,kpx_group_2,155,0.36242593386593985,0.4704812169075012,0.6333168745040894
realmlp,kpx_group_3,155,0.4065032824873924,0.5659328699111938,0.5715752243995667
realmlp,all,156,0.3764910496333066,0.5101956725120544,0.6100781559944153
realmlp,kpx_group_1,156,0.37872565932133617,0.4940050542354584,0.6283095479011536
realmlp,kpx_group_2,156,0.35404205672881184,0.4704846739768982,0.632441520690918
realmlp,kpx_group_3,156,0.3967054289053468,0.5660972595214844,0.5694835782051086
realmlp,all,157,0.37209317000473247,0.509206235408783,0.611839234828949
realmlp,kpx_group_1,157,0.37362873378921957,0.4963272511959076,0.6259163618087769
realmlp,kpx_group_2,157,0.3519615986767937,0.4670925438404083,0.6379293203353882
realmlp,kpx_group_3,157,0.3906891600174062,0.5641989707946777,0.5716719627380371
realmlp,all,158,0.3662881382247981,0.5056498050689697,0.6150509715080261
realmlp,kpx_group_1,158,0.36875658307005377,0.47934919595718384,0.639255940914154
realmlp,kpx_group_2,158,0.34447964762940125,0.4678178131580353,0.6364198327064514
realmlp,kpx_group_3,158,0.3856281835366698,0.5697824358940125,0.5694770812988281
realmlp,all,159,0.35931845272288604,0.5214924216270447,0.6022966504096985
realmlp,kpx_group_1,159,0.3614962561165585,0.5043984651565552,0.6198249459266663
realmlp,kpx_group_2,159,0.3393217246322071,0.4705890417098999,0.633719801902771
realmlp,kpx_group_3,159,0.3771373888148981,0.5894896388053894,0.5533453226089478
realmlp,all,160,0.35237156555933113,0.5120612978935242,0.6111166477203369
realmlp,kpx_group_1,160,0.35576001773862276,0.49570783972740173,0.6285540461540222
realmlp,kpx_group_2,160,0.3345467338667196,0.4738093912601471,0.6329640746116638
realmlp,kpx_group_3,160,0.3668079398134175,0.5666667222976685,0.5718318819999695
realmlp,all,161,0.34687619349535775,0.5072451233863831,0.6125540137290955
realmlp,kpx_group_1,161,0.35074518095044527,0.48757052421569824,0.6320213079452515
realmlp,kpx_group_2,161,0.32965011456433463,0.46866607666015625,0.6356920599937439
realmlp,kpx_group_3,161,0.36023329505149054,0.565498948097229,0.5699487328529358
realmlp,all,162,0.3391670194618842,0.5217939019203186,0.6025365591049194
realmlp,kpx_group_1,162,0.3431944860255017,0.5048951506614685,0.6182774305343628
realmlp,kpx_group_2,162,0.3230706869679339,0.4760378301143646,0.629907488822937
realmlp,kpx_group_3,162,0.35123588539221706,0.5844488143920898,0.5594248175621033
realmlp,all,163,0.33224083395565257,0.5190967917442322,0.605523943901062
realmlp,kpx_group_1,163,0.33748287532259436,0.5018364787101746,0.6235230565071106
realmlp,kpx_group_2,163,0.31650612678597956,0.47319313883781433,0.6325634121894836
realmlp,kpx_group_3,163,0.3427334971287671,0.58226078748703,0.5604853630065918
realmlp,all,164,0.32579006999731064,0.51304030418396,0.6093354821205139
realmlp,kpx_group_1,164,0.3312174572664149,0.49473875761032104,0.6281620264053345
realmlp,kpx_group_2,164,0.3106339214479222,0.47471386194229126,0.6312016248703003
realmlp,kpx_group_3,164,0.33551884398740883,0.5696681141853333,0.5686428546905518
realmlp,all,165,0.31909960026250167,0.5216323733329773,0.6028099656105042
realmlp,kpx_group_1,165,0.3259800313150181,0.5128582119941711,0.6150507926940918
realmlp,kpx_group_2,165,0.3052709746886702,0.46783554553985596,0.6355547308921814
realmlp,kpx_group_3,165,0.32604779522208605,0.58420330286026,0.5578242540359497
realmlp,all,166,0.3111722548218334,0.5193719267845154,0.6046481728553772
realmlp,kpx_group_1,166,0.31880062380257773,0.5056928396224976,0.6196401119232178
realmlp,kpx_group_2,166,0.29908765458008824,0.4703793525695801,0.6339582800865173
realmlp,kpx_group_3,166,0.3156284799470621,0.5820435285568237,0.5603460073471069
realmlp,all,167,0.3051069966133903,0.5229151248931885,0.6016870141029358
realmlp,kpx_group_1,167,0.314545337768162,0.5105414986610413,0.6141159534454346
realmlp,kpx_group_2,167,0.2932416980757433,0.47152775526046753,0.6330187916755676
realmlp,kpx_group_3,167,0.30753394742222395,0.5866761207580566,0.55792635679245
realmlp,all,168,0.2993597668759963,0.5154926776885986,0.6078529953956604
realmlp,kpx_group_1,168,0.3075325616142329,0.4999964237213135,0.621978759765625
realmlp,kpx_group_2,168,0.28763190262457905,0.46830737590789795,0.6381416916847229
realmlp,kpx_group_3,168,0.3029148311299436,0.5781742334365845,0.5634385347366333
realmlp,all,169,0.29174109153887806,0.5260446667671204,0.6008371710777283
realmlp,kpx_group_1,169,0.3018176240079543,0.5224609375,0.6090090274810791
realmlp,kpx_group_2,169,0.2818314985317342,0.47424259781837463,0.6327414512634277
realmlp,kpx_group_3,169,0.2915741514195414,0.5814305543899536,0.5607609152793884
realmlp,all,170,0.28607983668060866,0.5289233922958374,0.5986372232437134
realmlp,kpx_group_1,170,0.29603591210701885,0.5293359756469727,0.6011109352111816
realmlp,kpx_group_2,170,0.27730642215294,0.4742351472377777,0.6350693702697754
realmlp,kpx_group_3,170,0.2848971692078254,0.5831990242004395,0.5597313642501831
realmlp,all,171,0.27968155110583587,0.514086127281189,0.6087036728858948
realmlp,kpx_group_1,171,0.29010652137153287,0.5052525997161865,0.6176313161849976
realmlp,kpx_group_2,171,0.27081355737412677,0.4648454189300537,0.6390957832336426
realmlp,kpx_group_3,171,0.2781245802693507,0.5721603631973267,0.5693838596343994
realmlp,all,172,0.2734515430296169,0.5220978856086731,0.6024020314216614
realmlp,kpx_group_1,172,0.28548624454175725,0.5160675048828125,0.6108636856079102
realmlp,kpx_group_2,172,0.2663262313341393,0.47269755601882935,0.6325675249099731
realmlp,kpx_group_3,172,0.26854215518516655,0.5775285363197327,0.5637750625610352
realmlp,all,173,0.2675169421469464,0.522604763507843,0.6020563244819641
realmlp,kpx_group_1,173,0.27934122699148517,0.5212095975875854,0.6072006821632385
realmlp,kpx_group_2,173,0.26038210839033127,0.4708929657936096,0.6330796480178833
realmlp,kpx_group_3,173,0.262827499605277,0.5757118463516235,0.5658886432647705
realmlp,all,174,0.26144545415745063,0.5275550484657288,0.5997642278671265
realmlp,kpx_group_1,174,0.27313703824492064,0.5265932083129883,0.6043002009391785
realmlp,kpx_group_2,174,0.2553611612495254,0.4742216467857361,0.6353859901428223
realmlp,kpx_group_3,174,0.25583816122482805,0.5818501710891724,0.5596065521240234
realmlp,all,175,0.25543687317301245,0.5249627232551575,0.6012159585952759
realmlp,kpx_group_1,175,0.2687518329304807,0.5180565118789673,0.6107462048530579
realmlp,kpx_group_2,175,0.25020913253812227,0.4780249297618866,0.629685640335083
realmlp,kpx_group_3,175,0.24734965295476072,0.5788066983222961,0.5632160902023315
realmlp,all,176,0.25074293530162645,0.5258658528327942,0.6001758575439453
realmlp,kpx_group_1,176,0.26300690651816483,0.520194411277771,0.609031617641449
realmlp,kpx_group_2,176,0.24540376444073284,0.4755508601665497,0.6314131021499634
realmlp,kpx_group_3,176,0.2438181325354997,0.5818522572517395,0.5600828528404236
realmlp,all,177,0.24505347320262125,0.5275540351867676,0.6000998616218567
realmlp,kpx_group_1,177,0.2591959671939121,0.5242592692375183,0.6064453125
realmlp,kpx_group_2,177,0.2401479335830492,0.47599270939826965,0.6333513259887695
realmlp,kpx_group_3,177,0.23581651861176772,0.5824100375175476,0.5605028867721558
realmlp,all,178,0.24045138937585495,0.5249269008636475,0.6001104116439819
realmlp,kpx_group_1,178,0.25379769350675974,0.5161084532737732,0.6095595359802246
realmlp,kpx_group_2,178,0.2362476184087641,0.4752781391143799,0.6334790587425232
realmlp,kpx_group_3,178,0.23130886366262154,0.5833941102027893,0.5572925806045532
realmlp,all,179,0.2351344026186887,0.5273545384407043,0.6006142497062683
realmlp,kpx_group_1,179,0.24983471851138508,0.5227193832397461,0.6083230972290039
realmlp,kpx_group_2,179,0.23111773742472425,0.47480255365371704,0.6327896118164062
realmlp,kpx_group_3,179,0.22445075257736094,0.5845416188240051,0.5607300996780396
realmlp,all,180,0.2304545588353101,0.5281755924224854,0.5990689396858215
realmlp,kpx_group_1,180,0.24477631576797543,0.5208399295806885,0.6084006428718567
realmlp,kpx_group_2,180,0.22695335176061182,0.4788827896118164,0.6305118799209595
realmlp,kpx_group_3,180,0.21963400700513055,0.5848039984703064,0.5582943558692932
realmlp,all,181,0.2267072064911618,0.5246663689613342,0.6018792986869812
realmlp,kpx_group_1,181,0.24157525796224089,0.5148554444313049,0.6145460605621338
realmlp,kpx_group_2,181,0.22332721466527267,0.47728437185287476,0.6312609910964966
realmlp,kpx_group_3,181,0.21521914136760376,0.5818594694137573,0.559830904006958
realmlp,all,182,0.2220020611934802,0.5294114947319031,0.5985165238380432
realmlp,kpx_group_1,182,0.2366429481874494,0.5260905027389526,0.6050227880477905
realmlp,kpx_group_2,182,0.21886225680218024,0.4786205291748047,0.6296982169151306
realmlp,kpx_group_3,182,0.21050097705686793,0.5835235118865967,0.5608285665512085
realmlp,all,183,0.21814652247463956,0.5287785530090332,0.5994065403938293
realmlp,kpx_group_1,183,0.2330534136032357,0.5258557796478271,0.6067204475402832
realmlp,kpx_group_2,183,0.21483233724446857,0.47804731130599976,0.6316307783126831
realmlp,kpx_group_3,183,0.206553824026795,0.5824324488639832,0.559868335723877
realmlp,all,184,0.21418491575647802,0.528214693069458,0.5990861058235168
realmlp,kpx_group_1,184,0.229539197157411,0.5229669213294983,0.6082860231399536
realmlp,kpx_group_2,184,0.21103197840206764,0.4788246750831604,0.6287845373153687
realmlp,kpx_group_3,184,0.20198357653091936,0.5828526020050049,0.5601876378059387
realmlp,all,185,0.21099385224721012,0.5271850228309631,0.6007509827613831
realmlp,kpx_group_1,185,0.22610321640968323,0.5187914371490479,0.6114664077758789
realmlp,kpx_group_2,185,0.20844837431521976,0.47819483280181885,0.6314399838447571
realmlp,kpx_group_3,185,0.19842997806913712,0.5845688581466675,0.5593465566635132
realmlp,all,186,0.2078920539249392,0.5301380753517151,0.5984033942222595
realmlp,kpx_group_1,186,0.2232712125953506,0.5274445414543152,0.6048989295959473
realmlp,kpx_group_2,186,0.2049796427874004,0.47965651750564575,0.6310834288597107
realmlp,kpx_group_3,186,0.19542530069456382,0.5833131074905396,0.559227705001831
realmlp,all,187,0.2051429783596712,0.5302543640136719,0.5985586047172546
realmlp,kpx_group_1,187,0.22044153467697256,0.527376651763916,0.6056709289550781
realmlp,kpx_group_2,187,0.20237328638048732,0.47955161333084106,0.6297645568847656
realmlp,kpx_group_3,187,0.19261411270674536,0.5838348865509033,0.5602402687072754
realmlp,all,188,0.2025939800283488,0.5299637317657471,0.5984883904457092
realmlp,kpx_group_1,188,0.2178155931041521,0.5244991779327393,0.6075848937034607
realmlp,kpx_group_2,188,0.19967801430646112,0.4810735285282135,0.6281110644340515
realmlp,kpx_group_3,188,0.19028832281337066,0.5843185186386108,0.5597691535949707
realmlp,all,189,0.20026738087044044,0.529201328754425,0.6000049710273743
realmlp,kpx_group_1,189,0.2151252883760368,0.5237469673156738,0.6080487370491028
realmlp,kpx_group_2,189,0.1975219083182952,0.480082631111145,0.6304938793182373
realmlp,kpx_group_3,189,0.1881549470126629,0.5837743282318115,0.5614724159240723
realmlp,all,190,0.1979957247043357,0.5295292735099792,0.5984033942222595
realmlp,kpx_group_1,190,0.2131641910356634,0.5237643122673035,0.6060659885406494
realmlp,kpx_group_2,190,0.19544122258529945,0.4796985983848572,0.6291505098342896
realmlp,kpx_group_3,190,0.18538174471434424,0.5851248502731323,0.5599933862686157
realmlp,all,191,0.196079581099398,0.5306840538978577,0.5984986424446106
realmlp,kpx_group_1,191,0.21130187415024815,0.526401162147522,0.6057075262069702
realmlp,kpx_group_2,191,0.1934041426900555,0.4800093472003937,0.6314741373062134
realmlp,kpx_group_3,191,0.1835327214177917,0.5856416821479797,0.5583142042160034
realmlp,all,192,0.19437964063356905,0.5306528210639954,0.598472535610199
realmlp,kpx_group_1,192,0.20933066089363658,0.5269613862037659,0.6061893105506897
realmlp,kpx_group_2,192,0.19162452746840083,0.48032844066619873,0.630330502986908
realmlp,kpx_group_3,192,0.18218373857876835,0.5846686959266663,0.558897852897644
realmlp,all,193,0.19295208528637886,0.530803918838501,0.5985215306282043
realmlp,kpx_group_1,193,0.20803042566951582,0.5274232625961304,0.6052629947662354
realmlp,kpx_group_2,193,0.19016278206425555,0.47984179854393005,0.629836916923523
realmlp,kpx_group_3,193,0.18066304001738043,0.5851466059684753,0.5604648590087891
realmlp,all,194,0.19186546784989975,0.530165433883667,0.5987069606781006
realmlp,kpx_group_1,194,0.20702298599130967,0.5253086090087891,0.6061995029449463
realmlp,kpx_group_2,194,0.18894589845748508,0.48008525371551514,0.6305978298187256
realmlp,kpx_group_3,194,0.17962751165032387,0.5851024985313416,0.5593235492706299
realmlp,all,195,0.19112278718282194,0.5305058360099792,0.5982730984687805
realmlp,kpx_group_1,195,0.2060483582317829,0.5269386768341064,0.6058034896850586
realmlp,kpx_group_2,195,0.1880207096829134,0.4799706041812897,0.6298319101333618
realmlp,kpx_group_3,195,0.17929929582511678,0.5846081376075745,0.5591837763786316
realmlp,all,196,0.1902063385966946,0.5304390788078308,0.5987843871116638
realmlp,kpx_group_1,196,0.20525330217445598,0.5260806083679199,0.6063173413276672
realmlp,kpx_group_2,196,0.18713986281962955,0.47999098896980286,0.6298190355300903
realmlp,kpx_group_3,196,0.17822585999965668,0.5852456092834473,0.5602168440818787
realmlp,all,197,0.18949063034618602,0.5311276316642761,0.5983273983001709
realmlp,kpx_group_1,197,0.20460651595802867,0.5275734066963196,0.6054118275642395
realmlp,kpx_group_2,197,0.1866042984320837,0.4801160991191864,0.629799485206604
realmlp,kpx_group_3,197,0.17726107358055956,0.5856934785842896,0.5597708225250244
realmlp,all,198,0.1892362642375862,0.5312253832817078,0.598447322845459
realmlp,kpx_group_1,198,0.20412364492521567,0.5278756022453308,0.6052259206771851
realmlp,kpx_group_2,198,0.18617384530165615,0.4802064001560211,0.6298211812973022
realmlp,kpx_group_3,198,0.17741131103214094,0.5855939984321594,0.5602948069572449
realmlp,all,199,0.18886410203926704,0.5311540961265564,0.598442018032074
realmlp,kpx_group_1,199,0.2038956749088624,0.5277279615402222,0.6052318215370178
realmlp,kpx_group_2,199,0.18598329144365647,0.48016709089279175,0.6298050284385681
realmlp,kpx_group_3,199,0.17671333209556692,0.585567057132721,0.5602890253067017
realmlp,all,200,0.18881149239399853,0.5311407446861267,0.598509669303894
realmlp,kpx_group_1,200,0.20378603786230087,0.5276528596878052,0.605233371257782
realmlp,kpx_group_2,200,0.18583679264959166,0.4801853597164154,0.6300057768821716
realmlp,kpx_group_3,200,0.17681164864231558,0.5855839252471924,0.5602898597717285
