model,target,step,train_loss,validation_loss,validation_score,training_objective_loss,activity_train_loss,activity_validation_loss
realmlp,all,1,1.0425916866344564,0.7234380841255188,0.43576478958129883,1.1815868563511793,0.9266344650703318,0.5846447944641113
realmlp,kpx_group_1,1,1.0435438655755098,0.7040889263153076,0.471357524394989,,,
realmlp,kpx_group_2,1,1.059428697999786,0.70224928855896,0.45329418778419495,,,
realmlp,kpx_group_3,1,1.0248024928219177,0.7639762163162231,0.3826427459716797,,,
realmlp,all,2,0.981726834879202,0.6999249458312988,0.4548934996128082,1.0802831246572382,0.6570418932858635,0.4329944849014282
realmlp,kpx_group_1,2,0.9678386230679119,0.743053138256073,0.4166746735572815,,,
realmlp,kpx_group_2,2,0.9857783422750586,0.6430069208145142,0.48877134919166565,,,
realmlp,kpx_group_3,2,0.9915635471834856,0.7137149572372437,0.45923447608947754,,,
realmlp,all,3,0.9512532256981906,0.6873269081115723,0.4735617935657501,1.0289076251142166,0.5176959708333015,0.39079317450523376
realmlp,kpx_group_1,3,0.925236867631183,0.633615255355835,0.5417677760124207,,,
realmlp,kpx_group_2,3,0.9569677438806085,0.6276458501815796,0.5342358350753784,,,
realmlp,kpx_group_3,3,0.9715550883727915,0.8007197380065918,0.3446817398071289,,,
realmlp,all,4,0.9183582163908902,0.6079887747764587,0.5569512248039246,0.9882216295775246,0.46575605431023764,0.37794479727745056
realmlp,kpx_group_1,4,0.8963370971819934,0.4992213845252991,0.6203542947769165,,,
realmlp,kpx_group_2,4,0.9176161867730758,0.5688648819923401,0.5542995929718018,,,
realmlp,kpx_group_3,4,0.9411213809953016,0.7558799982070923,0.4961996078491211,,,
realmlp,all,5,0.8795884935294881,0.6050352454185486,0.5307403802871704,0.9467380292275372,0.44766344042385325,0.3814089000225067
realmlp,kpx_group_1,5,0.8631005252108854,0.5480783581733704,0.5919267535209656,,,
realmlp,kpx_group_2,5,0.8775611353271148,0.522736132144928,0.5830867290496826,,,
realmlp,kpx_group_3,5,0.8981038498527864,0.7442913055419922,0.4172075390815735,,,
realmlp,all,6,0.8341561617220149,0.5902901291847229,0.5328221917152405,0.8975374610985026,0.422541960635606,0.37039169669151306
realmlp,kpx_group_1,6,0.8073567257207983,0.5544615387916565,0.5700611472129822,,,
realmlp,kpx_group_2,6,0.8331519163706723,0.6150678396224976,0.516686201095581,,,
realmlp,kpx_group_3,6,0.8619598220376408,0.6013408899307251,0.511719286441803,,,
realmlp,all,7,0.7920164010104012,0.6686263680458069,0.48956620693206787,0.8528063744306564,0.40526650933658376,0.36352968215942383
realmlp,kpx_group_1,7,0.7665255297632778,0.6940866708755493,0.46900230646133423,,,
realmlp,kpx_group_2,7,0.7919946812531528,0.6865140795707703,0.4734320640563965,,,
realmlp,kpx_group_3,7,0.8175289867555394,0.6252785325050354,0.5262641310691833,,,
realmlp,all,8,0.7303051501512527,0.6357452273368835,0.5156500935554504,0.7863276346641428,0.3734831419937751,0.38319048285484314
realmlp,kpx_group_1,8,0.7067742777221343,0.5821546912193298,0.5524413585662842,,,
realmlp,kpx_group_2,8,0.7261941257645103,0.6716381311416626,0.4906301200389862,,,
realmlp,kpx_group_3,8,0.7579470627448138,0.6534428596496582,0.5038788318634033,,,
realmlp,all,9,0.6907832990674412,0.5254430770874023,0.5957014560699463,0.7439976194325615,0.354762060677304,0.393246054649353
realmlp,kpx_group_1,9,0.6625832135186476,0.4792836010456085,0.6335922479629517,,,
realmlp,kpx_group_2,9,0.6989323207560707,0.4865666329860687,0.6171500086784363,,,
realmlp,kpx_group_3,9,0.7108343743226108,0.6104789972305298,0.5363622307777405,,,
realmlp,all,10,0.6525901967988295,0.5787789225578308,0.5618305206298828,0.7041569886838689,0.34377863608738957,0.3974204957485199
realmlp,kpx_group_1,10,0.629396775189568,0.5747045874595642,0.5707623362541199,,,
realmlp,kpx_group_2,10,0.6518069751122418,0.5453299283981323,0.5804988145828247,,,
realmlp,kpx_group_3,10,0.6765668269465951,0.6163021326065063,0.5342304110527039,,,
realmlp,all,11,0.6265101765885073,0.5427216291427612,0.5871670246124268,0.6767655795111376,0.3350360077970168,0.41579940915107727
realmlp,kpx_group_1,11,0.608333681436146,0.549034833908081,0.5862147808074951,,,
realmlp,kpx_group_2,11,0.6233215647585252,0.48009371757507324,0.6293172836303711,,,
realmlp,kpx_group_3,11,0.6478753037312451,0.5990363359451294,0.5459690093994141,,,
realmlp,all,12,0.6064529515364591,0.5243146419525146,0.6010097861289978,0.655563243171748,0.32740193736903805,0.41698071360588074
realmlp,kpx_group_1,12,0.5891525035395342,0.5181677341461182,0.6110742092132568,,,
realmlp,kpx_group_2,12,0.602144957465284,0.45719239115715027,0.6413395404815674,,,
realmlp,kpx_group_3,12,0.6280613760737812,0.5975838899612427,0.5506154298782349,,,
realmlp,all,13,0.5989878239000545,0.5208132863044739,0.6040123105049133,0.647494846407105,0.32338016962303834,0.4144885838031769
realmlp,kpx_group_1,13,0.5816922520889956,0.5167216658592224,0.6118192076683044,,,
realmlp,kpx_group_2,13,0.5913739458603018,0.4547850787639618,0.6452558040618896,,,
realmlp,kpx_group_3,13,0.6238972781335607,0.5909332633018494,0.5549620985984802,,,
realmlp,all,14,0.5971448368885938,0.5191540718078613,0.6047676205635071,0.645496715517605,0.3223458510987899,0.4160871207714081
realmlp,kpx_group_1,14,0.5825002745670431,0.5133780241012573,0.6147630214691162,,,
realmlp,kpx_group_2,14,0.5924154747934902,0.4539533853530884,0.6445009708404541,,,
realmlp,kpx_group_3,14,0.6165187569225535,0.5901307463645935,0.5550389289855957,,,
realmlp,all,15,0.5960238155196694,0.5111415982246399,0.6111406683921814,0.644283792551826,0.32173323105363283,0.42094817757606506
realmlp,kpx_group_1,15,0.5820228010416031,0.5011457204818726,0.623321533203125,,,
realmlp,kpx_group_2,15,0.5908470706028097,0.45224106311798096,0.6481198072433472,,,
realmlp,kpx_group_3,15,0.6152015547542011,0.5800379514694214,0.561980664730072,,,
realmlp,all,16,0.5980805044665056,0.481347918510437,0.6294496059417725,0.6465321875670377,0.32301124579766216,0.4189499616622925
realmlp,kpx_group_1,16,0.5819269374889486,0.4503270983695984,0.6555114984512329,,,
realmlp,kpx_group_2,16,0.5918757187969544,0.4472079277038574,0.650478184223175,,,
realmlp,kpx_group_3,16,0.6204388430889916,0.5465086698532104,0.5823591947555542,,,
realmlp,all,17,0.6032827067024568,0.5599353909492493,0.5761118531227112,0.6524506789796493,0.3277864841853871,0.3967004716396332
realmlp,kpx_group_1,17,0.5848754758343977,0.5810998678207397,0.5651789903640747,,,
realmlp,kpx_group_2,17,0.5945378971450469,0.484360009431839,0.6231093406677246,,,
realmlp,kpx_group_3,17,0.6304347173256033,0.6143462657928467,0.5400471687316895,,,
realmlp,all,18,0.6080936298650854,0.571043074131012,0.5690870881080627,0.6574743109590867,0.3292045137461494,0.4429877996444702
realmlp,kpx_group_1,18,0.5915457965696559,0.5708497166633606,0.5747761726379395,,,
realmlp,kpx_group_2,18,0.5994550480562097,0.563315212726593,0.5701318979263306,,,
realmlp,kpx_group_3,18,0.633280039710157,0.5789642930030823,0.5623531341552734,,,
realmlp,all,19,0.6105673076475368,0.5319632887840271,0.5938286185264587,0.659885544110747,0.328788181876435,0.42522385716438293
realmlp,kpx_group_1,19,0.5891794422093559,0.5791593790054321,0.5674150586128235,,,
realmlp,kpx_group_2,19,0.603879871613839,0.45521628856658936,0.6421425938606262,,,
realmlp,kpx_group_3,19,0.6386426266501931,0.5615142583847046,0.5719280242919922,,,
realmlp,all,20,0.6138585937373778,0.5265005230903625,0.594296395778656,0.6639023887760499,0.33362530566313686,0.42682895064353943
realmlp,kpx_group_1,20,0.5948646086103776,0.5489310026168823,0.5880571603775024,,,
realmlp,kpx_group_2,20,0.5989832334658679,0.4625478684902191,0.633729100227356,,,
realmlp,kpx_group_3,20,0.6477279443951214,0.5680227875709534,0.5611027479171753,,,
realmlp,all,21,0.6065476904897129,0.5341585278511047,0.5898677706718445,0.6563095231266582,0.33174553206738305,0.42873191833496094
realmlp,kpx_group_1,21,0.5877909949597191,0.5555208325386047,0.58249831199646,,,
realmlp,kpx_group_2,21,0.5892778310705634,0.48840928077697754,0.6200186610221863,,,
realmlp,kpx_group_3,21,0.6425742331673118,0.5585454702377319,0.5670863389968872,,,
realmlp,all,22,0.603017171516138,0.5373654365539551,0.5906971096992493,0.6523584171253092,0.32894161475055356,0.4244464933872223
realmlp,kpx_group_1,22,0.5858779479475582,0.5437448620796204,0.5959285497665405,,,
realmlp,kpx_group_2,22,0.5826076391865226,0.46610450744628906,0.6302295923233032,,,
realmlp,kpx_group_3,22,0.6405659326735664,0.6022470593452454,0.5459332466125488,,,
realmlp,all,23,0.593647210037007,0.5334019064903259,0.5881003737449646,0.6428567854797139,0.3280637965482824,0.4317336082458496
realmlp,kpx_group_1,23,0.5734106302261353,0.4823785424232483,0.6338132619857788,,,
realmlp,kpx_group_2,23,0.5725770180716234,0.5051283836364746,0.5958147048950195,,,
realmlp,kpx_group_3,23,0.6349539923317292,0.6126985549926758,0.5346732139587402,,,
realmlp,all,24,0.5853083098635954,0.5152890086174011,0.605344831943512,0.6337522566318512,0.32295961546547275,0.39299020171165466
realmlp,kpx_group_1,24,0.5623916799531263,0.5053391456604004,0.6174033880233765,,,
realmlp,kpx_group_2,24,0.5593521007720161,0.44578853249549866,0.6525076627731323,,,
realmlp,kpx_group_3,24,0.6341811383471769,0.5947394967079163,0.5461233854293823,,,
realmlp,all,25,0.5801783125190174,0.5326409339904785,0.5955862402915955,0.6291236886206795,0.3263025025234503,0.39078250527381897
realmlp,kpx_group_1,25,0.5688083539990818,0.5593811273574829,0.5811481475830078,,,
realmlp,kpx_group_2,25,0.5539113449699739,0.44798558950424194,0.6514220237731934,,,
realmlp,kpx_group_3,25,0.617815218427602,0.5905561447143555,0.5541885495185852,,,
realmlp,all,26,0.5648746613193961,0.5188336372375488,0.6046441197395325,0.6127550549366895,0.31920260848367915,0.41783109307289124
realmlp,kpx_group_1,26,0.5524759993833654,0.5090076327323914,0.6132093071937561,,,
realmlp,kpx_group_2,26,0.5397744415437474,0.4559152126312256,0.6464105844497681,,,
realmlp,kpx_group_3,26,0.6023735588087755,0.5915780067443848,0.554312527179718,,,
realmlp,all,27,0.5589974917033139,0.5012434124946594,0.6143837571144104,0.6066222374930101,0.3174982513574993,0.42167624831199646
realmlp,kpx_group_1,27,0.5478260657366585,0.5306839942932129,0.6016114950180054,,,
realmlp,kpx_group_2,27,0.5318397923427469,0.4502054452896118,0.6497355103492737,,,
realmlp,kpx_group_3,27,0.5973266345613143,0.5228406190872192,0.5918043255805969,,,
realmlp,all,28,0.5502284160431694,0.48155367374420166,0.6316087245941162,0.5976917349240359,0.31642211447743807,0.40769267082214355
realmlp,kpx_group_1,28,0.5384172954980064,0.4524438679218292,0.6605497598648071,,,
realmlp,kpx_group_2,28,0.5194500952082521,0.4542332887649536,0.644696831703186,,,
realmlp,kpx_group_3,28,0.5928178631207522,0.537983775138855,0.589579701423645,,,
realmlp,all,29,0.5430341319126242,0.484898179769516,0.6308693885803223,0.5895458714050406,0.3100782133200589,0.4298841655254364
realmlp,kpx_group_1,29,0.5306154191493988,0.42761480808258057,0.676461935043335,,,
realmlp,kpx_group_2,29,0.5123946833259919,0.4494965076446533,0.6492438316345215,,,
realmlp,kpx_group_3,29,0.5860923116697985,0.5775831937789917,0.5669023394584656,,,
realmlp,all,30,0.5365754015305463,0.48721715807914734,0.6271679401397705,0.5825093484976712,0.30622629514511895,0.43173134326934814
realmlp,kpx_group_1,30,0.5257043281898779,0.4524219036102295,0.6578375697135925,,,
realmlp,kpx_group_2,30,0.5097698144176427,0.45931577682495117,0.6430986523628235,,,
realmlp,kpx_group_3,30,0.5742520611075794,0.5499138832092285,0.5805675387382507,,,
realmlp,all,31,0.5280402302742004,0.49611642956733704,0.6201321482658386,0.5736905739587896,0.3043355827822405,0.41710004210472107
realmlp,kpx_group_1,31,0.5190698451855603,0.4895787835121155,0.6327975988388062,,,
realmlp,kpx_group_2,31,0.4983985735213055,0.4489079713821411,0.649810254573822,,,
realmlp,kpx_group_3,31,0.5666522786897772,0.5498625636100769,0.5777885913848877,,,
realmlp,all,32,0.5227664297117907,0.4718056619167328,0.6395009160041809,0.5681439717026318,0.30251697932972627,0.41672852635383606
realmlp,kpx_group_1,32,0.5110000665573513,0.453797847032547,0.6597751379013062,,,
realmlp,kpx_group_2,32,0.49360766656258526,0.4453844130039215,0.6514636278152466,,,
realmlp,kpx_group_3,32,0.563691538922927,0.5162345170974731,0.6072640419006348,,,
realmlp,all,33,0.5158433072707233,0.4709208905696869,0.6387398838996887,0.5606873491231132,0.2989602820838199,0.40735718607902527
realmlp,kpx_group_1,33,0.5066354441292146,0.4331779479980469,0.6732728481292725,,,
realmlp,kpx_group_2,33,0.4852948605137713,0.4482874274253845,0.6505165696144104,,,
realmlp,kpx_group_3,33,0.555599611471681,0.5312972068786621,0.5924302935600281,,,
realmlp,all,34,0.5091641869615106,0.47791242599487305,0.6342187523841858,0.5534191824057523,0.2950333015007131,0.4190777540206909
realmlp,kpx_group_1,34,0.4984511978486005,0.44310277700424194,0.6657677888870239,,,
realmlp,kpx_group_2,34,0.47790831809534745,0.44999071955680847,0.6470208168029785,,,
realmlp,kpx_group_3,34,0.5511330528294339,0.5406438708305359,0.5898678302764893,,,
realmlp,all,35,0.505446068066008,0.47813478112220764,0.6354448199272156,0.5494513581780827,0.2933685253648197,0.4235853850841522
realmlp,kpx_group_1,35,0.49522841897080927,0.46093273162841797,0.6562444567680359,,,
realmlp,kpx_group_2,35,0.47556691441465826,0.440074622631073,0.6544400453567505,,,
realmlp,kpx_group_3,35,0.5455428887816036,0.5333970785140991,0.5956498980522156,,,
realmlp,all,36,0.49957937265143676,0.46609821915626526,0.643459677696228,0.543365618761848,0.29190824619110894,0.4192146956920624
realmlp,kpx_group_1,36,0.4897157396463787,0.4320661425590515,0.6747919917106628,,,
realmlp,kpx_group_2,36,0.4701676806982826,0.44167470932006836,0.6534896492958069,,,
realmlp,kpx_group_3,36,0.5388547037454212,0.5245537757873535,0.6020973920822144,,,
realmlp,all,37,0.49563639830140505,0.4627174437046051,0.6468084454536438,0.5391822615090538,0.2903057656743947,0.4168945550918579
realmlp,kpx_group_1,37,0.486226148026831,0.43641969561576843,0.6726754903793335,,,
realmlp,kpx_group_2,37,0.4675509776262676,0.4453895390033722,0.6510053277015686,,,
realmlp,kpx_group_3,37,0.5331320631153443,0.5063431859016418,0.6167446374893188,,,
realmlp,all,38,0.49138982331051545,0.46261274814605713,0.6455712914466858,0.5347906482570312,0.2893388157381731,0.4145056903362274
realmlp,kpx_group_1,38,0.48301196448943196,0.4385918378829956,0.6704319715499878,,,
realmlp,kpx_group_2,38,0.4624585088561563,0.4459604024887085,0.6503800749778748,,,
realmlp,kpx_group_3,38,0.5286989930798026,0.5032858848571777,0.6159019470214844,,,
realmlp,all,39,0.49127937195932164,0.4609909951686859,0.6460788249969482,0.5345261947197073,0.2883121480836588,0.4159862995147705
realmlp,kpx_group_1,39,0.4816078114158967,0.4391394257545471,0.6705461144447327,,,
realmlp,kpx_group_2,39,0.4613935631864211,0.4482579231262207,0.6467553973197937,,,
realmlp,kpx_group_3,39,0.5308367211152526,0.4955756664276123,0.6209349036216736,,,
realmlp,all,40,0.4885812918929493,0.46134355664253235,0.6463174819946289,0.5316677146098193,0.2872428118306048,0.4161454141139984
realmlp,kpx_group_1,40,0.481262264882817,0.4402065873146057,0.6696129441261292,,,
realmlp,kpx_group_2,40,0.4607270022525507,0.44744235277175903,0.6482999324798584,,,
realmlp,kpx_group_3,40,0.5237545967102051,0.4963816702365875,0.6210395693778992,,,
realmlp,all,41,0.48784050213940006,0.4610423147678375,0.6467186808586121,0.5309824198484421,0.28761277742245617,0.4166952073574066
realmlp,kpx_group_1,41,0.47897325719104095,0.44033318758010864,0.6695389151573181,,,
realmlp,kpx_group_2,41,0.46030934067333446,0.44715064764022827,0.6484522223472595,,,
realmlp,kpx_group_3,41,0.5242388927761246,0.49564316868782043,0.6221650838851929,,,
realmlp,all,42,0.48873227527912927,0.46180272102355957,0.6458345055580139,0.5319022965781829,0.2878001437467687,0.41690793633461
realmlp,kpx_group_1,42,0.4809349770931637,0.44047486782073975,0.6691540479660034,,,
realmlp,kpx_group_2,42,0.46111881952075395,0.4443527162075043,0.6518479585647583,,,
realmlp,kpx_group_3,42,0.5241430213346201,0.5005804896354675,0.6165014505386353,,,
realmlp,all,43,0.48975084809695973,0.4584560692310333,0.6485283374786377,0.5329153537750244,0.2877633694340201,0.4133480489253998
realmlp,kpx_group_1,43,0.48149843513965607,0.4313914477825165,0.6757267117500305,,,
realmlp,kpx_group_2,43,0.4615900788237067,0.4438660144805908,0.6527573466300964,,,
realmlp,kpx_group_3,43,0.5261640303275165,0.5001108050346375,0.6171009540557861,,,
realmlp,all,44,0.49066350652891044,0.4671739637851715,0.6429093480110168,0.5339894101900213,0.28883932969149423,0.41529133915901184
realmlp,kpx_group_1,44,0.4821857472552973,0.45612654089927673,0.6589961647987366,,,
realmlp,kpx_group_2,44,0.4629366134895998,0.44588807225227356,0.6498751640319824,,,
realmlp,kpx_group_3,44,0.5268681584035649,0.49950718879699707,0.6198567152023315,,,
realmlp,all,45,0.4930753957699327,0.4698517322540283,0.6395363807678223,0.5364017320029876,0.28884223235004086,0.4225582778453827
realmlp,kpx_group_1,45,0.48412632460103316,0.4460192918777466,0.6613782644271851,,,
realmlp,kpx_group_2,45,0.464511022409972,0.4546765983104706,0.6439638733863831,,,
realmlp,kpx_group_3,45,0.530588839422254,0.5088592767715454,0.6132669448852539,,,
realmlp,all,46,0.493711905882639,0.47391653060913086,0.6386215090751648,0.5371575171456617,0.2896374301875339,0.42160654067993164
realmlp,kpx_group_1,46,0.48452873265042024,0.4627252519130707,0.652084469795227,,,
realmlp,kpx_group_2,46,0.4659126081010875,0.4425071179866791,0.6532773375511169,,,
realmlp,kpx_group_3,46,0.5306943611187094,0.5165171027183533,0.6105026602745056,,,
realmlp,all,47,0.4969232849338475,0.46828576922416687,0.6395375728607178,0.5405313249896554,0.29072028310859904,0.4121708571910858
realmlp,kpx_group_1,47,0.4867217067409964,0.4377996027469635,0.6709645390510559,,,
realmlp,kpx_group_2,47,0.4694158535669832,0.4453890919685364,0.6484766006469727,,,
realmlp,kpx_group_3,47,0.5346322857281741,0.521668553352356,0.5991716384887695,,,
realmlp,all,48,0.4979734929168926,0.46315088868141174,0.6465160846710205,0.5416917257449206,0.2914548660902416,0.408899188041687
realmlp,kpx_group_1,48,0.4887050613760948,0.44276243448257446,0.6686347126960754,,,
realmlp,kpx_group_2,48,0.4681846477529582,0.44186684489250183,0.6551077365875244,,,
realmlp,kpx_group_3,48,0.5370307941647137,0.5048235058784485,0.6158059239387512,,,
realmlp,all,49,0.5023566927103436,0.47805604338645935,0.6356680989265442,0.5461302057785147,0.29182340818292957,0.3912932872772217
realmlp,kpx_group_1,49,0.4926086620372884,0.43857187032699585,0.6708704233169556,,,
realmlp,kpx_group_2,49,0.47314802250441385,0.44525906443595886,0.6524170637130737,,,
realmlp,kpx_group_3,49,0.5413133870152866,0.550337016582489,0.583716869354248,,,
realmlp,all,50,0.5030755773186684,0.4727966785430908,0.6347963213920593,0.5470654903089299,0.29326607111622305,0.41178417205810547
realmlp,kpx_group_1,50,0.49129415434949536,0.43344274163246155,0.6711846590042114,,,
realmlp,kpx_group_2,50,0.47482797591125264,0.45528069138526917,0.6401565074920654,,,
realmlp,kpx_group_3,50,0.5431045933681375,0.5296667218208313,0.5930477380752563,,,
realmlp,all,51,0.5044733364792431,0.47352632880210876,0.636509895324707,0.5484214223483029,0.29298728266183066,0.427832692861557
realmlp,kpx_group_1,51,0.4927591072285877,0.4194633662700653,0.6811380386352539,,,
realmlp,kpx_group_2,51,0.4771730912958874,0.4540611207485199,0.6456405520439148,,,
realmlp,kpx_group_3,51,0.5434878091601765,0.547054648399353,0.5827512145042419,,,
realmlp,all,52,0.5069149772033972,0.4774201810359955,0.6360294222831726,0.5511220649761313,0.2947138753883979,0.40766751766204834
realmlp,kpx_group_1,52,0.4939463673269047,0.44316670298576355,0.6680618524551392,,,
realmlp,kpx_group_2,52,0.4756885232294307,0.44724616408348083,0.6515448689460754,,,
realmlp,kpx_group_3,52,0.551110054640209,0.5418476462364197,0.5884815454483032,,,
realmlp,all,53,0.5095754629548859,0.4748200476169586,0.6361415982246399,0.5538467212634928,0.29514164652894526,0.40063390135765076
realmlp,kpx_group_1,53,0.498843508608201,0.4672348201274872,0.6494285464286804,,,
realmlp,kpx_group_2,53,0.48361125413109274,0.43661320209503174,0.6597902774810791,,,
realmlp,kpx_group_3,53,0.5462716318228665,0.520612359046936,0.5992060303688049,,,
realmlp,all,54,0.5082085246548933,0.48838886618614197,0.6272165179252625,0.5525141971952775,0.2953711568432696,0.39488640427589417
realmlp,kpx_group_1,54,0.4998948679250829,0.45533081889152527,0.658137321472168,,,
realmlp,kpx_group_2,54,0.4798277248354519,0.45028266310691833,0.6480419635772705,,,
realmlp,kpx_group_3,54,0.5449029737535644,0.5595531463623047,0.5754702091217041,,,
realmlp,all,55,0.5084838529720026,0.4689358174800873,0.6403726935386658,0.5527795167530284,0.29530440183246837,0.4002649784088135
realmlp,kpx_group_1,55,0.4989854312118362,0.439104288816452,0.6714368462562561,,,
realmlp,kpx_group_2,55,0.4794299549916211,0.45373082160949707,0.6443029642105103,,,
realmlp,kpx_group_3,55,0.5470361692063949,0.5139722228050232,0.6053781509399414,,,
realmlp,all,56,0.5109066564370605,0.4923001229763031,0.6237367391586304,0.555439194335657,0.29688360936501446,0.3897590637207031
realmlp,kpx_group_1,56,0.49758916216738086,0.46402880549430847,0.6511737108230591,,,
realmlp,kpx_group_2,56,0.48317767942652984,0.44836926460266113,0.6471603512763977,,,
realmlp,kpx_group_3,56,0.55195312815554,0.5645021200180054,0.5728762149810791,,,
realmlp,all,57,0.5112281226936508,0.49272704124450684,0.6240801215171814,0.5554606467485428,0.29488342781277266,0.3960512578487396
realmlp,kpx_group_1,57,0.4997301618842518,0.45244836807250977,0.6583412885665894,,,
realmlp,kpx_group_2,57,0.4794890302069047,0.45850270986557007,0.641128659248352,,,
realmlp,kpx_group_3,57,0.5544651900144184,0.5672300457954407,0.5727704763412476,,,
realmlp,all,58,0.5098263730897623,0.48815593123435974,0.6282718181610107,0.5540869393769432,0.29507040495381637,0.4062926471233368
realmlp,kpx_group_1,58,0.49641065956915126,0.47786033153533936,0.6423839330673218,,,
realmlp,kpx_group_2,58,0.48111772712539225,0.4432108402252197,0.6537066698074341,,,
realmlp,kpx_group_3,58,0.5519507395870545,0.5433967113494873,0.5887248516082764,,,
realmlp,all,59,0.5115075869595304,0.4785318076610565,0.6373610496520996,0.556222198640599,0.298097410622765,0.3857658803462982
realmlp,kpx_group_1,59,0.49986373414011565,0.44385284185409546,0.6681042909622192,,,
realmlp,kpx_group_2,59,0.4833339448360836,0.4287296533584595,0.668658435344696,,,
realmlp,kpx_group_3,59,0.5513250836554695,0.5630127787590027,0.5753204226493835,,,
realmlp,all,60,0.5104323371368296,0.4812640845775604,0.6312441229820251,0.5547653971349492,0.29555369957404976,0.40821361541748047
realmlp,kpx_group_1,60,0.4970311215695213,0.4552967846393585,0.656295120716095,,,
realmlp,kpx_group_2,60,0.4796511504579993,0.44059738516807556,0.6550993323326111,,,
realmlp,kpx_group_3,60,0.5546147569137461,0.54789799451828,0.5823378562927246,,,
realmlp,all,61,0.510937952381723,0.4713168144226074,0.6379386186599731,0.5548733288750929,0.29290250557310443,0.3969855308532715
realmlp,kpx_group_1,61,0.4988071734414381,0.44297105073928833,0.6657667756080627,,,
realmlp,kpx_group_2,61,0.4802110580837025,0.44500383734703064,0.6512796878814697,,,
realmlp,kpx_group_3,61,0.5537956435890758,0.5259755849838257,0.5967694520950317,,,
realmlp,all,62,0.511964767733041,0.48098722100257874,0.6325773596763611,0.5561043716528836,0.2942640242331168,0.3779495060443878
realmlp,kpx_group_1,62,0.5007160450605785,0.435799777507782,0.6734092831611633,,,
realmlp,kpx_group_2,62,0.48430899267687516,0.45136576890945435,0.6471949219703674,,,
realmlp,kpx_group_3,62,0.5508692597641665,0.5557960271835327,0.577127993106842,,,
realmlp,all,63,0.5099456976441776,0.4619501531124115,0.6467255353927612,0.554160451187807,0.2947649780441733,0.3890019357204437
realmlp,kpx_group_1,63,0.5007678844472941,0.45304349064826965,0.6582049131393433,,,
realmlp,kpx_group_2,63,0.4800295816624866,0.43026721477508545,0.6645206212997437,,,
realmlp,kpx_group_3,63,0.5490396233165965,0.5025396347045898,0.617451012134552,,,
realmlp,all,64,0.5077550336718559,0.49107107520103455,0.6263301372528076,0.5520961135625839,0.2956072236685192,0.38757529854774475
realmlp,kpx_group_1,64,0.49537218405919914,0.4827786684036255,0.6368829607963562,,,
realmlp,kpx_group_2,64,0.48273172098047595,0.4358927607536316,0.6598982810974121,,,
realmlp,kpx_group_3,64,0.5451611955376232,0.5545418858528137,0.5822091102600098,,,
realmlp,all,65,0.5057106666705188,0.490250825881958,0.6257371306419373,0.549812533399638,0.2940124724717701,0.38687798380851746
realmlp,kpx_group_1,65,0.4958358621772598,0.46734267473220825,0.6451747417449951,,,
realmlp,kpx_group_2,65,0.47596316872274175,0.4447748363018036,0.6538466215133667,,,
realmlp,kpx_group_3,65,0.5453329717411715,0.5586348176002502,0.5781899094581604,,,
realmlp,all,66,0.5024903894347303,0.5025086402893066,0.6185198426246643,0.5466264521374422,0.2942404164110913,0.38068142533302307
realmlp,kpx_group_1,66,0.49187282209887223,0.49967604875564575,0.6251563429832458,,,
realmlp,kpx_group_2,66,0.47245198488235474,0.4284762740135193,0.6651209592819214,,,
realmlp,kpx_group_3,66,0.5431463569402695,0.5793737769126892,0.5652823448181152,,,
realmlp,all,67,0.5001479084877407,0.48273977637290955,0.6322571039199829,0.543768188532661,0.29080182839842406,0.37021341919898987
realmlp,kpx_group_1,67,0.4877207897165242,0.49041786789894104,0.6310674548149109,,,
realmlp,kpx_group_2,67,0.47187215878682975,0.428655207157135,0.665998101234436,,,
realmlp,kpx_group_3,67,0.5408507944906459,0.5291464328765869,0.5997058153152466,,,
realmlp,all,68,0.49727263257784005,0.4702219069004059,0.6410698294639587,0.5410517287604949,0.2918606742339976,0.3784566819667816
realmlp,kpx_group_1,68,0.48771007490508694,0.44647926092147827,0.6646863222122192,,,
realmlp,kpx_group_2,68,0.46861723372164893,0.43375399708747864,0.6613743305206299,,,
realmlp,kpx_group_3,68,0.5354905834092814,0.5304324626922607,0.5971488952636719,,,
realmlp,all,69,0.4931626517106505,0.46995940804481506,0.6424505710601807,0.5365239031174603,0.28907497709288316,0.3941158354282379
realmlp,kpx_group_1,69,0.4831475514699431,0.4720603823661804,0.6457309126853943,,,
realmlp,kpx_group_2,69,0.46590625144102993,0.425453782081604,0.670389711856842,,,
realmlp,kpx_group_3,69,0.530434159671559,0.5123640894889832,0.6112310886383057,,,
realmlp,all,70,0.4915865778046496,0.4674009382724762,0.6440637111663818,0.5349250313113717,0.2889230054091005,0.3944159746170044
realmlp,kpx_group_1,70,0.47858278234215346,0.45741957426071167,0.6600726842880249,,,
realmlp,kpx_group_2,70,0.4656740492757629,0.42982012033462524,0.6661046147346497,,,
realmlp,kpx_group_3,70,0.530502909246613,0.5149632692337036,0.6060138940811157,,,
realmlp,all,71,0.4895675550488865,0.48167839646339417,0.6316957473754883,0.5324664405163597,0.28599254830795173,0.37964725494384766
realmlp,kpx_group_1,71,0.47788556095431833,0.451082706451416,0.6612317562103271,,,
realmlp,kpx_group_2,71,0.4622207244529444,0.4378410577774048,0.6565728187561035,,,
realmlp,kpx_group_3,71,0.5285963630851578,0.5561113953590393,0.5772826671600342,,,
realmlp,all,72,0.48448603994706096,0.4858149588108063,0.6292949914932251,0.5271146542885724,0.2841907840441255,0.35301247239112854
realmlp,kpx_group_1,72,0.4738643655882162,0.48254215717315674,0.6372339725494385,,,
realmlp,kpx_group_2,72,0.4587669223546982,0.42938849329948425,0.6658198833465576,,,
realmlp,kpx_group_3,72,0.5208268165588379,0.5455143451690674,0.5848311185836792,,,
realmlp,all,73,0.4800807404167512,0.4736502468585968,0.6378239393234253,0.5225575675859171,0.28317884092821793,0.37626922130584717
realmlp,kpx_group_1,73,0.46885697280659394,0.445436954498291,0.6656240224838257,,,
realmlp,kpx_group_2,73,0.45330482633674846,0.4360198378562927,0.6587503552436829,,,
realmlp,kpx_group_3,73,0.5180804203538334,0.5394939184188843,0.5890976190567017,,,
realmlp,all,74,0.4798096979365629,0.46758219599723816,0.6413469910621643,0.5222929356729283,0.28322159389362617,0.3787926137447357
realmlp,kpx_group_1,74,0.46992916000239987,0.4258716106414795,0.6785974502563477,,,
realmlp,kpx_group_2,74,0.4510858260533389,0.43397605419158936,0.6616278886795044,,,
realmlp,kpx_group_3,74,0.5184141143279917,0.5428987741470337,0.5838156938552856,,,
realmlp,all,75,0.47532064204706864,0.4688771069049835,0.6414801478385925,0.517531115342589,0.28140312783858357,0.3655826151371002
realmlp,kpx_group_1,75,0.4669593195704853,0.43742120265960693,0.6708078384399414,,,
realmlp,kpx_group_2,75,0.44700414512087316,0.43171361088752747,0.6605987548828125,,,
realmlp,kpx_group_3,75,0.5119984575054225,0.5374965667724609,0.5930337309837341,,,
realmlp,all,76,0.4691833301502116,0.44987747073173523,0.6571651697158813,0.51104016865001,0.27904560110148263,0.3757350444793701
realmlp,kpx_group_1,76,0.4592319030095549,0.4523639380931854,0.6604558229446411,,,
realmlp,kpx_group_2,76,0.44403669413398295,0.4222908020019531,0.670260488986969,,,
realmlp,kpx_group_3,76,0.5042813915540191,0.4749775528907776,0.6407791376113892,,,
realmlp,all,77,0.4659475622808232,0.47224465012550354,0.6394023299217224,0.5076281402040931,0.27787049509146633,0.36893048882484436
realmlp,kpx_group_1,77,0.4558306367081754,0.47192925214767456,0.6445119976997375,,,
realmlp,kpx_group_2,77,0.43767618387937546,0.42923566699028015,0.6662399172782898,,,
realmlp,kpx_group_3,77,0.5043358482858714,0.5155690908432007,0.6074549555778503,,,
realmlp,all,78,0.460996059810414,0.455498069524765,0.6509590148925781,0.5025588225792436,0.2770850496257053,0.3670213222503662
realmlp,kpx_group_1,78,0.4538479504339835,0.4578227698802948,0.6547303199768066,,,
realmlp,kpx_group_2,78,0.4359624157933628,0.42647311091423035,0.6657308340072632,,,
realmlp,kpx_group_3,78,0.4931778289815959,0.48219847679138184,0.632415771484375,,,
realmlp,all,79,0.4587683988844647,0.4667748510837555,0.6432754993438721,0.5002369091791266,0.27645668475066915,0.36770185828208923
realmlp,kpx_group_1,79,0.4502772325102021,0.4426080882549286,0.6669918894767761,,,
realmlp,kpx_group_2,79,0.4336013368823949,0.43597590923309326,0.6582869291305542,,,
realmlp,kpx_group_3,79,0.4924266351496472,0.5217406153678894,0.6045477986335754,,,
realmlp,all,80,0.45509475381935344,0.4718001186847687,0.6395244002342224,0.4961981212391573,0.27402245034189787,0.36098572611808777
realmlp,kpx_group_1,80,0.44553393739111286,0.4635173976421356,0.6501539349555969,,,
realmlp,kpx_group_2,80,0.4300827822264503,0.4282127022743225,0.6668775081634521,,,
realmlp,kpx_group_3,80,0.48966754447011385,0.5236703157424927,0.6015418171882629,,,
realmlp,all,81,0.45150960938018914,0.4679611623287201,0.6417932510375977,0.4923051797291812,0.2719704530694905,0.3615022599697113
realmlp,kpx_group_1,81,0.4427119629348026,0.4501683712005615,0.6590839624404907,,,
realmlp,kpx_group_2,81,0.4262373272110434,0.43418213725090027,0.6619597673416138,,,
realmlp,kpx_group_3,81,0.48557954807491865,0.5195330381393433,0.6043359637260437,,,
realmlp,all,82,0.4497787032057257,0.46699586510658264,0.642712414264679,0.4904554775532554,0.2711784578859806,0.35708531737327576
realmlp,kpx_group_1,82,0.4414934638668509,0.4499855041503906,0.6607083082199097,,,
realmlp,kpx_group_2,82,0.425297555678031,0.4276551306247711,0.6670085787773132,,,
realmlp,kpx_group_3,82,0.48254510234383974,0.5233468413352966,0.6004202961921692,,,
realmlp,all,83,0.44566265888073864,0.45953187346458435,0.6490645408630371,0.486276960986502,0.27076199475456686,0.35966289043426514
realmlp,kpx_group_1,83,0.4361088100601645,0.4431832432746887,0.6667446494102478,,,
realmlp,kpx_group_2,83,0.42261824493899064,0.42895859479904175,0.664492666721344,,,
realmlp,kpx_group_3,83,0.47826092997018027,0.506453812122345,0.6159563064575195,,,
realmlp,all,84,0.44130925352082534,0.4539513885974884,0.6527277827262878,0.4816654438481611,0.2690412614713697,0.357715368270874
realmlp,kpx_group_1,84,0.43286945889977846,0.43747013807296753,0.6695393323898315,,,
realmlp,kpx_group_2,84,0.4163410996689516,0.42784497141838074,0.6680718064308167,,,
realmlp,kpx_group_3,84,0.47471720506163206,0.4965391457080841,0.6205724477767944,,,
realmlp,all,85,0.43876972663051944,0.4700082540512085,0.6406326293945312,0.4790940403061755,0.26882876653005094,0.3610781133174896
realmlp,kpx_group_1,85,0.4310806454981075,0.4592733383178711,0.6552589535713196,,,
realmlp,kpx_group_2,85,0.414901758379796,0.4292912781238556,0.6665905714035034,,,
realmlp,kpx_group_3,85,0.4703267633038409,0.521460235118866,0.600048303604126,,,
realmlp,all,86,0.436905398088343,0.4639977514743805,0.6461641788482666,0.477108136695974,0.2680182402186534,0.3577934205532074
realmlp,kpx_group_1,86,0.4291274863130906,0.44392162561416626,0.6655493378639221,,,
realmlp,kpx_group_2,86,0.41371941873255896,0.42674916982650757,0.6700451374053955,,,
realmlp,kpx_group_3,86,0.4678692936020739,0.5213226079940796,0.6028980016708374,,,
realmlp,all,87,0.43387497917694207,0.4671519100666046,0.6426805853843689,0.47406982236048756,0.26796559879885,0.35908690094947815
realmlp,kpx_group_1,87,0.4273060902076609,0.4532836079597473,0.6595200300216675,,,
realmlp,kpx_group_2,87,0.4115297461257261,0.4297751784324646,0.6671990752220154,,,
realmlp,kpx_group_3,87,0.4627891169751392,0.5183969736099243,0.6013225317001343,,,
realmlp,all,88,0.4320620329064481,0.4618905782699585,0.6464157104492188,0.4721367565148017,0.26716480776667595,0.3573916256427765
realmlp,kpx_group_1,88,0.42555103713975234,0.4464414715766907,0.6616722941398621,,,
realmlp,kpx_group_2,88,0.4096308245378382,0.42718982696533203,0.6680662631988525,,,
realmlp,kpx_group_3,88,0.46100423967137055,0.5120404362678528,0.6095086336135864,,,
realmlp,all,89,0.43014324675588045,0.4605773985385895,0.6486690640449524,0.47021891483489203,0.26717108751044555,0.3564375638961792
realmlp,kpx_group_1,89,0.42373006001991387,0.44634246826171875,0.6610876321792603,,,
realmlp,kpx_group_2,89,0.408384489662507,0.4282991886138916,0.6682949662208557,,,
realmlp,kpx_group_3,89,0.4583151866407955,0.5070905685424805,0.6166245341300964,,,
realmlp,all,90,0.42945770875496025,0.46195849776268005,0.6473040580749512,0.46950235875213847,0.26696432140820164,0.3579525053501129
realmlp,kpx_group_1,90,0.4225204525625004,0.4510974884033203,0.6587525606155396,,,
realmlp,kpx_group_2,90,0.40769293728996725,0.42879703640937805,0.6660438776016235,,,
realmlp,kpx_group_3,90,0.45815972677048517,0.5059808492660522,0.6171157360076904,,,
realmlp,all,91,0.42800890216056037,0.4641149938106537,0.6450046896934509,0.4679713257971932,0.26641613507972045,0.3578522503376007
realmlp,kpx_group_1,91,0.42087122315869613,0.451071560382843,0.6587311029434204,,,
realmlp,kpx_group_2,91,0.4045255315654418,0.42883872985839844,0.6664947271347046,,,
realmlp,kpx_group_3,91,0.4586299578933155,0.5124346017837524,0.609788179397583,,,
realmlp,all,92,0.42865782362573285,0.4632594883441925,0.6459199786186218,0.4685567485935548,0.2659928397658993,0.35684195160865784
realmlp,kpx_group_1,92,0.42147152827066536,0.4487232565879822,0.6598211526870728,,,
realmlp,kpx_group_2,92,0.40627725422382355,0.4293602705001831,0.6656805276870728,,,
realmlp,kpx_group_3,92,0.45822468794444027,0.5116950273513794,0.6122583150863647,,,
realmlp,all,93,0.427335497649277,0.463215708732605,0.645680844783783,0.4672505745992941,0.2661004734828192,0.3568820059299469
realmlp,kpx_group_1,93,0.4205376256038161,0.4491935670375824,0.6595768928527832,,,
realmlp,kpx_group_2,93,0.4065558980492985,0.4292139410972595,0.6651613712310791,,,
realmlp,kpx_group_3,93,0.4549129754304886,0.5112395882606506,0.612304151058197,,,
realmlp,all,94,0.42642248290426593,0.46313348412513733,0.6455419659614563,0.466366568032433,0.2662939148790696,0.3569047451019287
realmlp,kpx_group_1,94,0.42118139564991,0.4490468502044678,0.6591745615005493,,,
realmlp,kpx_group_2,94,0.40536366096314264,0.4292134642601013,0.6651565432548523,,,
realmlp,kpx_group_3,94,0.4527223907849368,0.5111401677131653,0.6122947335243225,,,
realmlp,all,95,0.42633319032542843,0.4628722369670868,0.6460451483726501,0.466205457554144,0.2658150811844012,0.35700976848602295
realmlp,kpx_group_1,95,0.4205102166708778,0.4490340054035187,0.6597261428833008,,,
realmlp,kpx_group_2,95,0.40591585592311974,0.4291810989379883,0.6652044653892517,,,
realmlp,kpx_group_3,95,0.452573501450174,0.5104016661643982,0.6132047176361084,,,
realmlp,all,96,0.4276422520770746,0.46338462829589844,0.6463241577148438,0.4675717047032188,0.2661963655229877,0.35702574253082275
realmlp,kpx_group_1,96,0.42149024281431646,0.45021992921829224,0.6600474715232849,,,
realmlp,kpx_group_2,96,0.40633563609684215,0.42854058742523193,0.6672028303146362,,,
realmlp,kpx_group_3,96,0.4551008891533403,0.5113934874534607,0.6117221713066101,,,
realmlp,all,97,0.42688342928886414,0.4633054733276367,0.6462001800537109,0.46672125555136623,0.2655855195925516,0.3569824695587158
realmlp,kpx_group_1,97,0.42092066652634563,0.45004549622535706,0.6604326963424683,,,
realmlp,kpx_group_2,97,0.4046488285941236,0.42942965030670166,0.6657066345214844,,,
realmlp,kpx_group_3,97,0.4550807997584343,0.5104413628578186,0.612461268901825,,,
realmlp,all,98,0.4274798272287144,0.46107378602027893,0.6477523446083069,0.46742064418161616,0.2662721107549527,0.35593345761299133
realmlp,kpx_group_1,98,0.4216410381829037,0.44676104187965393,0.6607708930969238,,,
realmlp,kpx_group_2,98,0.40538959205150604,0.42890095710754395,0.6663380861282349,,,
realmlp,kpx_group_3,98,0.45540884093326683,0.5075593590736389,0.6161481142044067,,,
realmlp,all,99,0.4285149723291397,0.46274134516716003,0.6468520760536194,0.4684065716231571,0.2659439657102613,0.3572567403316498
realmlp,kpx_group_1,99,0.4223150641602628,0.4520043134689331,0.6589868664741516,,,
realmlp,kpx_group_2,99,0.40662939934169545,0.428188294172287,0.6675827503204346,,,
realmlp,kpx_group_3,99,0.45660046225084977,0.5080313682556152,0.613986611366272,,,
realmlp,all,100,0.42861050805624795,0.4661811292171478,0.6427196860313416,0.46864158572519526,0.2668738330111784,0.35540899634361267
realmlp,kpx_group_1,100,0.4222114261458902,0.451308935880661,0.6586916446685791,,,
realmlp,kpx_group_2,100,0.4070836783331983,0.42772045731544495,0.6669281125068665,,,
realmlp,kpx_group_3,100,0.4565364188131164,0.5195138454437256,0.6025391817092896,,,
realmlp,all,101,0.4293062963029918,0.4665186107158661,0.644066333770752,0.46932007766821804,0.26675854119307857,0.3600141108036041
realmlp,kpx_group_1,101,0.42204571077052283,0.45315927267074585,0.6583012342453003,,,
realmlp,kpx_group_2,101,0.4080032846506904,0.42879027128219604,0.6665796041488647,,,
realmlp,kpx_group_3,101,0.45786989261122313,0.5176061987876892,0.6073181629180908,,,
realmlp,all,102,0.4306548540206516,0.4601290225982666,0.6493611335754395,0.4707304331309655,0.2671705052694854,0.357281357049942
realmlp,kpx_group_1,102,0.42511580270879407,0.4485590159893036,0.6614723205566406,,,
realmlp,kpx_group_2,102,0.4089614564881605,0.42653563618659973,0.6677094101905823,,,
realmlp,kpx_group_3,102,0.45788731206865874,0.5052924752235413,0.6189017295837402,,,
realmlp,all,103,0.4315471153925447,0.46549558639526367,0.6449432373046875,0.47163764343542214,0.26727018154719295,0.36092033982276917
realmlp,kpx_group_1,103,0.4247528709032956,0.4658224284648895,0.6499161124229431,,,
realmlp,kpx_group_2,103,0.4088296824518372,0.42535585165023804,0.6696189641952515,,,
realmlp,kpx_group_3,103,0.4610588029026985,0.5053085088729858,0.6152947545051575,,,
realmlp,all,104,0.43275831289151134,0.46192672848701477,0.6483171582221985,0.4728958926656667,0.2675838457310901,0.3544800281524658
realmlp,kpx_group_1,104,0.4252769982113558,0.4493353068828583,0.6615022420883179,,,
realmlp,kpx_group_2,104,0.4107700700269026,0.4245941638946533,0.6703673005104065,,,
realmlp,kpx_group_3,104,0.46222786780665903,0.5118507146835327,0.6130818724632263,,,
realmlp,all,105,0.43325528853079853,0.46972835063934326,0.6414945125579834,0.473410040140152,0.2676983177661896,0.3538762032985687
realmlp,kpx_group_1,105,0.42604197079644485,0.4606262445449829,0.6545863151550293,,,
realmlp,kpx_group_2,105,0.40996669934076424,0.43005862832069397,0.6671842336654663,,,
realmlp,kpx_group_3,105,0.4637572002761504,0.5185002088546753,0.6027129888534546,,,
realmlp,all,106,0.43417950325152455,0.467672199010849,0.6424970626831055,0.4742969436680569,0.2674495917471016,0.3587619960308075
realmlp,kpx_group_1,106,0.42762548082015095,0.45723459124565125,0.6561833620071411,,,
realmlp,kpx_group_2,106,0.41196459882399616,0.4273169934749603,0.6667667627334595,,,
realmlp,kpx_group_3,106,0.4629484318635043,0.5184650421142578,0.6045410633087158,,,
realmlp,all,107,0.4339466436820872,0.47140100598335266,0.641080379486084,0.47419755160808563,0.268339381498449,0.36324450373649597
realmlp,kpx_group_1,107,0.42817817716037526,0.4727143943309784,0.6447583436965942,,,
realmlp,kpx_group_2,107,0.41078637277378754,0.4288480579853058,0.6683465242385864,,,
realmlp,kpx_group_3,107,0.4628753811120987,0.5126405358314514,0.6101361513137817,,,
realmlp,all,108,0.43609027871314215,0.4652649164199829,0.644105851650238,0.4764348790049553,0.2689639884321129,0.35953912138938904
realmlp,kpx_group_1,108,0.4285280665054041,0.4452141523361206,0.6639177799224854,,,
realmlp,kpx_group_2,108,0.4119514836107983,0.42973870038986206,0.6657347083091736,,,
realmlp,kpx_group_3,108,0.46779128821457133,0.5208419561386108,0.6026650667190552,,,
realmlp,all,109,0.43858833348049836,0.4661116302013397,0.6444149613380432,0.47898858347359824,0.26933500762371454,0.36029982566833496
realmlp,kpx_group_1,109,0.42924970782854976,0.4461319148540497,0.6639703512191772,,,
realmlp,kpx_group_2,109,0.41675083908964605,0.4279192090034485,0.6668304800987244,,,
realmlp,kpx_group_3,109,0.469764443443102,0.5242836475372314,0.6024441719055176,,,
realmlp,all,110,0.4379153120167115,0.47051334381103516,0.6413679122924805,0.47829233723528247,0.26918012977522965,0.3517872095108032
realmlp,kpx_group_1,110,0.42996741173898473,0.44609731435775757,0.6657932996749878,,,
realmlp,kpx_group_2,110,0.4146232157945633,0.42302969098091125,0.670073390007019,,,
realmlp,kpx_group_3,110,0.46915531070793376,0.5424129366874695,0.5882370471954346,,,
realmlp,all,111,0.43997324345742955,0.47162356972694397,0.6405885815620422,0.4804190914420521,0.26963897465783004,0.35438212752342224
realmlp,kpx_group_1,111,0.4329509244245641,0.4769073724746704,0.6402881145477295,,,
realmlp,kpx_group_2,111,0.4151252416126868,0.4210033416748047,0.6730958819389343,,,
realmlp,kpx_group_3,111,0.4718435700325405,0.5169599056243896,0.6083816289901733,,,
realmlp,all,112,0.44113341762739067,0.4655374586582184,0.6443910002708435,0.4816715392996283,0.27025411650538445,0.35705873370170593
realmlp,kpx_group_1,112,0.43367602676153183,0.45447906851768494,0.6560900807380676,,,
realmlp,kpx_group_2,112,0.41787628610344496,0.43236884474754333,0.6623785495758057,,,
realmlp,kpx_group_3,112,0.4718479400171953,0.5097644329071045,0.6147043704986572,,,
realmlp,all,113,0.4427788117352654,0.4634435176849365,0.6476086378097534,0.48329395055770874,0.2701008957536781,0.3524705469608307
realmlp,kpx_group_1,113,0.4365655499346116,0.4458545446395874,0.6679198145866394,,,
realmlp,kpx_group_2,113,0.41791025242384744,0.4279974102973938,0.6665743589401245,,,
realmlp,kpx_group_3,113,0.47386064774849834,0.5164786577224731,0.6083317995071411,,,
realmlp,all,114,0.44259028881788254,0.460523396730423,0.6480563282966614,0.483169287443161,0.2705266146975405,0.3500482738018036
realmlp,kpx_group_1,114,0.4372120258562705,0.44493338465690613,0.6649144291877747,,,
realmlp,kpx_group_2,114,0.417111898169798,0.42480188608169556,0.668969988822937,,,
realmlp,kpx_group_3,114,0.47344695163123746,0.5118348598480225,0.6102844476699829,,,
realmlp,all,115,0.4408338736085331,0.4845377504825592,0.63107830286026,0.4813571028849658,0.2701548381763346,0.35590556263923645
realmlp,kpx_group_1,115,0.4344254197443233,0.4819498062133789,0.6365435123443604,,,
realmlp,kpx_group_2,115,0.4170163926832816,0.42537909746170044,0.6687824726104736,,,
realmlp,kpx_group_3,115,0.4710598193547305,0.5462843179702759,0.5879088640213013,,,
realmlp,all,116,0.44379040993311825,0.4671821594238281,0.6434389352798462,0.4845389789518188,0.2716571272296064,0.35495829582214355
realmlp,kpx_group_1,116,0.4382394372540362,0.4388505816459656,0.6687471270561218,,,
realmlp,kpx_group_2,116,0.41897418788250756,0.42552635073661804,0.6690168380737305,,,
realmlp,kpx_group_3,116,0.4741576143047389,0.5371695756912231,0.5925527811050415,,,
realmlp,all,117,0.44516433731598015,0.47123515605926514,0.6404546499252319,0.4861147359890096,0.2730026567245231,0.3542836904525757
realmlp,kpx_group_1,117,0.43745124822153764,0.4695890545845032,0.6475746631622314,,,
realmlp,kpx_group_2,117,0.42058249957421245,0.42356353998184204,0.6699228882789612,,,
realmlp,kpx_group_3,117,0.47745926020776525,0.520552933216095,0.603866457939148,,,
realmlp,all,118,0.44381073687006445,0.4712194502353668,0.6413417458534241,0.48469485167194815,0.2725607494221014,0.3540860116481781
realmlp,kpx_group_1,118,0.4389953012852108,0.442312628030777,0.6674389243125916,,,
realmlp,kpx_group_2,118,0.4187620948342716,0.42626962065696716,0.6677627563476562,,,
realmlp,kpx_group_3,118,0.47367482500917774,0.5450761914253235,0.5888234972953796,,,
realmlp,all,119,0.44443156044272814,0.4791657626628876,0.6325973868370056,0.4851536636843401,0.2714806766632725,0.35729360580444336
realmlp,kpx_group_1,119,0.43695419632336674,0.4633062481880188,0.6501531004905701,,,
realmlp,kpx_group_2,119,0.4217725808129591,0.4320446848869324,0.660007119178772,,,
realmlp,kpx_group_3,119,0.4745678984943558,0.5421462059020996,0.5876320600509644,,,
realmlp,all,120,0.4447840408367269,0.47780904173851013,0.6347440481185913,0.48546333304222894,0.27119530364871025,0.35030296444892883
realmlp,kpx_group_1,120,0.438305023838492,0.48874610662460327,0.6308833360671997,,,
realmlp,kpx_group_2,120,0.4199353829026222,0.4254188537597656,0.6679967641830444,,,
realmlp,kpx_group_3,120,0.4761117214665693,0.5192621350288391,0.6053520441055298,,,
realmlp,all,121,0.4448239759487264,0.46398115158081055,0.6472558975219727,0.48553502866450476,0.27140699896742315,0.35515114665031433
realmlp,kpx_group_1,121,0.4375562755500569,0.4308427572250366,0.6770848631858826,,,
realmlp,kpx_group_2,121,0.4218217200216125,0.42677441239356995,0.6691290140151978,,,
realmlp,kpx_group_3,121,0.47509394805220995,0.5343263149261475,0.5955538153648376,,,
realmlp,all,122,0.44616329582298503,0.47298887372016907,0.6387081146240234,0.4869798413094352,0.27211029718027396,0.3419071435928345
realmlp,kpx_group_1,122,0.4381968462291886,0.4614894688129425,0.6515665054321289,,,
realmlp,kpx_group_2,122,0.4216630384325981,0.4278676509857178,0.6681647300720215,,,
realmlp,kpx_group_3,122,0.47862999842447396,0.5296095013618469,0.5963929891586304,,,
realmlp,all,123,0.445601864334415,0.46871694922447205,0.6448168754577637,0.4862329639932689,0.2708740105085513,0.3398609161376953
realmlp,kpx_group_1,123,0.43778713661081653,0.45349979400634766,0.6608603000640869,,,
realmlp,kpx_group_2,123,0.4211456503938226,0.4162500500679016,0.6776895523071289,,,
realmlp,kpx_group_3,123,0.4778727910974446,0.5364009141921997,0.59590083360672,,,
realmlp,all,124,0.442295764299,0.47782406210899353,0.6367083191871643,0.48308689059580073,0.2719408475300845,0.34459319710731506
realmlp,kpx_group_1,124,0.4356732841800241,0.4700334072113037,0.6494683027267456,,,
realmlp,kpx_group_2,124,0.41814781681579705,0.42098408937454224,0.6721385717391968,,,
realmlp,kpx_group_3,124,0.47306618401232886,0.5424548387527466,0.5885180234909058,,,
realmlp,all,125,0.44109613755170035,0.4819442331790924,0.6345927715301514,0.4817422067417818,0.27097378890304,0.344634085893631
realmlp,kpx_group_1,125,0.4350645901525722,0.45061996579170227,0.6617223620414734,,,
realmlp,kpx_group_2,125,0.4154272355577525,0.426479697227478,0.6687889099121094,,,
realmlp,kpx_group_3,125,0.4727965716053458,0.5687329769134521,0.5732670426368713,,,
realmlp,all,126,0.4422469178543371,0.4697900712490082,0.641779363155365,0.4830747102113331,0.27218526360743184,0.33767470717430115
realmlp,kpx_group_1,126,0.4347221347339013,0.44970595836639404,0.6625865697860718,,,
realmlp,kpx_group_2,126,0.417093388736248,0.4279743432998657,0.6653439402580261,,,
realmlp,kpx_group_3,126,0.4749252274632454,0.5316900014877319,0.5974075198173523,,,
realmlp,all,127,0.4415675300885649,0.4614044725894928,0.6472572684288025,0.4822159970507902,0.2709897701792857,0.3476492464542389
realmlp,kpx_group_1,127,0.43648990506634994,0.4393761456012726,0.6669360399246216,,,
realmlp,kpx_group_2,127,0.4171674667912371,0.42154982686042786,0.6720380783081055,,,
realmlp,kpx_group_3,127,0.47104521446368275,0.5232874751091003,0.6027976274490356,,,
realmlp,all,128,0.4377921092159608,0.47081029415130615,0.6432788372039795,0.4785820854937329,0.27193321528680187,0.35379764437675476
realmlp,kpx_group_1,128,0.43210047658751993,0.456330806016922,0.6562697887420654,,,
realmlp,kpx_group_2,128,0.4133780186667162,0.4221268892288208,0.6742479801177979,,,
realmlp,kpx_group_3,128,0.46789781617767673,0.5339730978012085,0.5993186235427856,,,
realmlp,all,129,0.44067556936951247,0.4863542318344116,0.6294229030609131,0.4811759819002712,0.27000273391604424,0.35958731174468994
realmlp,kpx_group_1,129,0.4350755885243416,0.4980553686618805,0.6237250566482544,,,
realmlp,kpx_group_2,129,0.416321307859,0.42685356736183167,0.6692237257957458,,,
realmlp,kpx_group_3,129,0.47062982136712356,0.5341537594795227,0.5953200459480286,,,
realmlp,all,130,0.44209204175892997,0.47020354866981506,0.6429681777954102,0.482780804967179,0.27125842080396767,0.3355077803134918
realmlp,kpx_group_1,130,0.4333750684471691,0.45271196961402893,0.6611891984939575,,,
realmlp,kpx_group_2,130,0.4175337715183987,0.42021921277046204,0.6738393306732178,,,
realmlp,kpx_group_3,130,0.4753672826816054,0.5376794934272766,0.5938759446144104,,,
realmlp,all,131,0.4381142214817159,0.4770932197570801,0.6356391310691833,0.47867433244691177,0.2704007726381807,0.3389037549495697
realmlp,kpx_group_1,131,0.43111492342808666,0.4637080132961273,0.6494910717010498,,,
realmlp,kpx_group_2,131,0.4147594698211726,0.416974276304245,0.6755123138427734,,,
realmlp,kpx_group_3,131,0.4684682777699302,0.5505974292755127,0.5819138288497925,,,
realmlp,all,132,0.43753880700644326,0.475146621465683,0.6377369165420532,0.4779667771037887,0.2695198133587837,0.3615094721317291
realmlp,kpx_group_1,132,0.4306944464059437,0.4428291320800781,0.6655329465866089,,,
realmlp,kpx_group_2,132,0.4100128793541123,0.4254548251628876,0.6686239838600159,,,
realmlp,kpx_group_3,132,0.47190909701235156,0.5571557879447937,0.5790538191795349,,,
realmlp,all,133,0.4335747028098387,0.48884448409080505,0.6288449168205261,0.473751991548959,0.2678486049613532,0.34199729561805725
realmlp,kpx_group_1,133,0.4274482867297004,0.4739059507846832,0.6426751613616943,,,
realmlp,kpx_group_2,133,0.40900321830721464,0.42387476563453674,0.6720219850540161,,,
realmlp,kpx_group_3,133,0.46427259725682873,0.5687527656555176,0.5718376636505127,,,
realmlp,all,134,0.4336158558726311,0.4736863374710083,0.6389489769935608,0.4736746593433268,0.26705867008251305,0.3471206724643707
realmlp,kpx_group_1,134,0.427624350084978,0.45785075426101685,0.6558992266654968,,,
realmlp,kpx_group_2,134,0.41119295358657837,0.43001002073287964,0.6654242277145386,,,
realmlp,kpx_group_3,134,0.46203026000191183,0.5331981778144836,0.595523476600647,,,
realmlp,all,135,0.4326760663705714,0.4767892360687256,0.635380208492279,0.47288405895233154,0.26805326254928813,0.3491833508014679
realmlp,kpx_group_1,135,0.42783332835225496,0.45440852642059326,0.6554715037345886,,,
realmlp,kpx_group_2,135,0.4072125181555748,0.42616820335388184,0.6680548191070557,,,
realmlp,kpx_group_3,135,0.4629823574248482,0.5497909784317017,0.5826144218444824,,,
realmlp,all,136,0.4298700821750304,0.48245319724082947,0.6330366730690002,0.46992213016047196,0.2670136414030019,0.3596382141113281
realmlp,kpx_group_1,136,0.42273373156785965,0.47642675042152405,0.6403444409370422,,,
realmlp,kpx_group_2,136,0.4043524006710333,0.4203149080276489,0.6735309362411499,,,
realmlp,kpx_group_3,136,0.4625241221750484,0.550618052482605,0.5852346420288086,,,
realmlp,all,137,0.4264777280828532,0.4735889434814453,0.6390641331672668,0.4663832275306477,0.2660366423866328,0.34473899006843567
realmlp,kpx_group_1,137,0.42507116671870737,0.4480629563331604,0.662357747554779,,,
realmlp,kpx_group_2,137,0.39944349755259123,0.423043817281723,0.6715946793556213,,,
realmlp,kpx_group_3,137,0.454918512088411,0.5496600270271301,0.5832399129867554,,,
realmlp,all,138,0.4207668966230224,0.4836965501308441,0.6321096420288086,0.46049635769689784,0.2648630499401513,0.34261178970336914
realmlp,kpx_group_1,138,0.41748906978789496,0.4683974087238312,0.6449607014656067,,,
realmlp,kpx_group_2,138,0.3975823078961933,0.4227137267589569,0.6735939979553223,,,
realmlp,kpx_group_3,138,0.4472293275244096,0.5599784851074219,0.5777742862701416,,,
realmlp,all,139,0.42106976929832907,0.47964248061180115,0.6353440284729004,0.46068037739571405,0.26407070874291305,0.34066271781921387
realmlp,kpx_group_1,139,0.4159641033586334,0.4725917875766754,0.6442791223526001,,,
realmlp,kpx_group_2,139,0.39538973306908326,0.4244517683982849,0.6701005697250366,,,
realmlp,kpx_group_3,139,0.45185548549189286,0.5418837666511536,0.591652512550354,,,
realmlp,all,140,0.41905539833447514,0.48007091879844666,0.6364105343818665,0.4585636595592779,0.263388403417433,0.34289035201072693
realmlp,kpx_group_1,140,0.41548391475396995,0.46965986490249634,0.6466302871704102,,,
realmlp,kpx_group_2,140,0.3954666064066045,0.43083593249320984,0.6693630814552307,,,
realmlp,kpx_group_3,140,0.4462156751576592,0.5397169589996338,0.5932382345199585,,,
realmlp,all,141,0.418485564782339,0.48084792494773865,0.6326339244842529,0.45776890481219573,0.26188891950775595,0.3395191431045532
realmlp,kpx_group_1,141,0.4112752373604214,0.47665131092071533,0.6383045315742493,,,
realmlp,kpx_group_2,141,0.39457250649438186,0.4254954159259796,0.6685672402381897,,,
realmlp,kpx_group_3,141,0.4496089395354776,0.5403971076011658,0.5910301804542542,,,
realmlp,all,142,0.4122563140357242,0.4971020221710205,0.6227930188179016,0.45152613564449195,0.26179880407803197,0.35571110248565674
realmlp,kpx_group_1,142,0.40985812860376697,0.4947011470794678,0.6273190975189209,,,
realmlp,kpx_group_2,142,0.3905238224303021,0.42956674098968506,0.6672123074531555,,,
realmlp,kpx_group_3,142,0.43638698143117566,0.5670379996299744,0.5738476514816284,,,
realmlp,all,143,0.40803662731366996,0.4821462631225586,0.6338117718696594,0.44680383757633324,0.2584480794475359,0.34955525398254395
realmlp,kpx_group_1,143,0.4001452138318735,0.4779960513114929,0.6397010684013367,,,
realmlp,kpx_group_2,143,0.38389759466928597,0.42216694355010986,0.672931432723999,,,
realmlp,kpx_group_3,143,0.4400670686188866,0.546275794506073,0.5888028144836426,,,
realmlp,all,144,0.4038885485600023,0.48094654083251953,0.6344987750053406,0.4425211434855181,0.25755064320914883,0.33506491780281067
realmlp,kpx_group_1,144,0.3997521505636327,0.4855895936489105,0.6358190774917603,,,
realmlp,kpx_group_2,144,0.3809465156758533,0.42271876335144043,0.6752959489822388,,,
realmlp,kpx_group_3,144,0.43096698294667635,0.5345311760902405,0.5923812389373779,,,
realmlp,all,145,0.40152082767556696,0.4866568148136139,0.6284032464027405,0.4399256395066486,0.2560320954550715,0.3425951898097992
realmlp,kpx_group_1,145,0.39707889539353985,0.47086337208747864,0.6430655121803284,,,
realmlp,kpx_group_2,145,0.3790061215267462,0.43416282534599304,0.6611441373825073,,,
realmlp,kpx_group_3,145,0.4284774507669842,0.5549441576004028,0.5809999704360962,,,
realmlp,all,146,0.3998779010246782,0.49005022644996643,0.629546582698822,0.4383941880043815,0.25677521417246146,0.3409738540649414
realmlp,kpx_group_1,146,0.3979545204954989,0.5003550052642822,0.625173807144165,,,
realmlp,kpx_group_2,146,0.37771693880067153,0.42863956093788147,0.6693891286849976,,,
realmlp,kpx_group_3,146,0.42396225341979193,0.5411561727523804,0.5940767526626587,,,
realmlp,all,147,0.3940525085610502,0.4935024678707123,0.6248865127563477,0.43215760720126767,0.25403400291414824,0.34611400961875916
realmlp,kpx_group_1,147,0.39105381728971705,0.4870254695415497,0.6363672018051147,,,
realmlp,kpx_group_2,147,0.3745351709863719,0.42749109864234924,0.6668106913566589,,,
realmlp,kpx_group_3,147,0.4165685439811033,0.5659909248352051,0.5714815258979797,,,
realmlp,all,148,0.39143116553040114,0.4870132505893707,0.6287491917610168,0.4291841308860218,0.25168639048933983,0.34866395592689514
realmlp,kpx_group_1,148,0.3863823076381403,0.47779715061187744,0.6385390758514404,,,
realmlp,kpx_group_2,148,0.3689779148382299,0.43120867013931274,0.6643743515014648,,,
realmlp,kpx_group_3,148,0.41893328068887487,0.5520340204238892,0.58333420753479,,,
realmlp,all,149,0.3838437949033344,0.48914191126823425,0.6270341277122498,0.4212763116640203,0.24955014314721613,0.35806331038475037
realmlp,kpx_group_1,149,0.3809390633421786,0.47754496335983276,0.6377766728401184,,,
realmlp,kpx_group_2,149,0.36272474816616845,0.42826804518699646,0.6669780015945435,,,
realmlp,kpx_group_3,149,0.4078675784608897,0.561612606048584,0.5763475894927979,,,
realmlp,all,150,0.3793143498546937,0.4756592810153961,0.6387410163879395,0.41656139273853865,0.24831362156306996,0.3539392054080963
realmlp,kpx_group_1,150,0.377300484215512,0.467654824256897,0.6466304063796997,,,
realmlp,kpx_group_2,150,0.3605884098831345,0.4226117730140686,0.673491358757019,,,
realmlp,kpx_group_3,150,0.4000541554654346,0.5367112755775452,0.5961011648178101,,,
realmlp,all,151,0.372273309265866,0.4866444170475006,0.6296845078468323,0.4093528538942337,0.24719694103388226,0.3466731607913971
realmlp,kpx_group_1,151,0.37134401105782566,0.47265660762786865,0.6443866491317749,,,
realmlp,kpx_group_2,151,0.35322775472612944,0.4293893277645111,0.6665254831314087,,,
realmlp,kpx_group_3,151,0.3922481672728763,0.5578873157501221,0.578141450881958,,,
realmlp,all,152,0.3671770608600448,0.47437289357185364,0.6399812698364258,0.4037078285918516,0.24353840486968265,0.34289953112602234
realmlp,kpx_group_1,152,0.3641302353319,0.4639870822429657,0.6502677798271179,,,
realmlp,kpx_group_2,152,0.34795695236500573,0.42011943459510803,0.6728031039237976,,,
realmlp,kpx_group_3,152,0.3894439975128454,0.5390121340751648,0.5968728065490723,,,
realmlp,all,153,0.3615504792507957,0.4810355007648468,0.6327385902404785,0.39783823533969764,0.24191835478824728,0.3624631464481354
realmlp,kpx_group_1,153,0.36293870254474525,0.4692107141017914,0.6438450813293457,,,
realmlp,kpx_group_2,153,0.34289883120971565,0.42554888129234314,0.6681054830551147,,,
realmlp,kpx_group_3,153,0.3788139140781234,0.5483468770980835,0.5862652063369751,,,
realmlp,all,154,0.3551803196177763,0.49451038241386414,0.6248770356178284,0.3910819804843734,0.2393444230889573,0.34862110018730164
realmlp,kpx_group_1,154,0.35449981864760904,0.4886533319950104,0.6326923370361328,,,
realmlp,kpx_group_2,154,0.3371552583925864,0.42669400572776794,0.6684269905090332,,,
realmlp,kpx_group_3,154,0.3738858796217862,0.5681837797164917,0.5735118389129639,,,
realmlp,all,155,0.34976999899920297,0.490549236536026,0.6267902255058289,0.3852975206340061,0.23685012713951223,0.3498856723308563
realmlp,kpx_group_1,155,0.35135360281257066,0.4847390949726105,0.6337354183197021,,,
realmlp,kpx_group_2,155,0.33282533331828956,0.42634281516075134,0.6708281636238098,,,
realmlp,kpx_group_3,155,0.36513106174328747,0.5605658292770386,0.5758070945739746,,,
realmlp,all,156,0.3440443654270733,0.4878486692905426,0.6302176713943481,0.37950242661377964,0.23638704966972857,0.35538601875305176
realmlp,kpx_group_1,156,0.34279416545349006,0.4764079749584198,0.6400914192199707,,,
realmlp,kpx_group_2,156,0.328601693844094,0.4233050048351288,0.6714421510696411,,,
realmlp,kpx_group_3,156,0.36073723303921085,0.5638331174850464,0.5791193842887878,,,
realmlp,all,157,0.33706514274372773,0.4818659722805023,0.6348750591278076,0.37228335615466623,0.23478808144436164,0.34813210368156433
realmlp,kpx_group_1,157,0.33787711315295277,0.4727940857410431,0.6435678601264954,,,
realmlp,kpx_group_2,157,0.3230396702009089,0.4232540428638458,0.6748955249786377,,,
realmlp,kpx_group_3,157,0.3502786391798188,0.5495498180389404,0.5861618518829346,,,
realmlp,all,158,0.3302900046110153,0.4873383045196533,0.629949152469635,0.3650714290492675,0.23187613005147262,0.3540717661380768
realmlp,kpx_group_1,158,0.33107200396411557,0.49292147159576416,0.6285005211830139,,,
realmlp,kpx_group_2,158,0.3178741668953615,0.4239960014820099,0.672791600227356,,,
realmlp,kpx_group_3,158,0.34192385042414947,0.5450974106788635,0.5885553359985352,,,
realmlp,all,159,0.3241305583540131,0.4812423884868622,0.6356814503669739,0.35848355775370316,0.22901999950408936,0.3585905134677887
realmlp,kpx_group_1,159,0.3258323274991092,0.4807440936565399,0.638664186000824,,,
realmlp,kpx_group_2,159,0.30868137189570594,0.4172264635562897,0.6779501438140869,,,
realmlp,kpx_group_3,159,0.33787797128452973,0.5457565784454346,0.5904299020767212,,,
realmlp,all,160,0.32007404767415104,0.48897233605384827,0.6293482780456543,0.35417517143137317,0.22734082292984514,0.35265979170799255
realmlp,kpx_group_1,160,0.32300757967373905,0.4837508201599121,0.6356834173202515,,,
realmlp,kpx_group_2,160,0.30683983073515053,0.42391958832740784,0.6718508005142212,,,
realmlp,kpx_group_3,160,0.33037472121855793,0.5592465996742249,0.580510675907135,,,
realmlp,all,161,0.31067005939343395,0.48159170150756836,0.6341622471809387,0.34440942020977244,0.22492909102755435,0.3600105345249176
realmlp,kpx_group_1,161,0.3145364198614569,0.4672645926475525,0.6488799452781677,,,
realmlp,kpx_group_2,161,0.2981746547362384,0.42260098457336426,0.672152042388916,,,
realmlp,kpx_group_3,161,0.3192991119097261,0.5549094676971436,0.581454873085022,,,
realmlp,all,162,0.3072865785044782,0.4935014545917511,0.6271542906761169,0.34077873256276636,0.2232810171211467,0.35332515835762024
realmlp,kpx_group_1,162,0.30885932726018567,0.48512300848960876,0.6358152627944946,,,
realmlp,kpx_group_2,162,0.29610665931421165,0.42747974395751953,0.6717072129249573,,,
realmlp,kpx_group_3,162,0.3168937432415345,0.5679016709327698,0.5739402770996094,,,
realmlp,all,163,0.29836291337714477,0.4831598699092865,0.634321928024292,0.3313814051011029,0.22012325880282066,0.3661835491657257
realmlp,kpx_group_1,163,0.3021833690650323,0.4761759340763092,0.6399509906768799,,,
realmlp,kpx_group_2,163,0.2865689905250774,0.41985955834388733,0.678011953830719,,,
realmlp,kpx_group_3,163,0.3063363748438218,0.5534441471099854,0.5850029587745667,,,
realmlp,all,164,0.29142534382203045,0.4818520247936249,0.6340720057487488,0.3242894082384951,0.21909373385064743,0.36477991938591003
realmlp,kpx_group_1,164,0.29667313046315136,0.4687172770500183,0.6470422744750977,,,
realmlp,kpx_group_2,164,0.28039107690839205,0.4258066713809967,0.6694611310958862,,,
realmlp,kpx_group_3,164,0.29721182672416463,0.5510321259498596,0.5857126116752625,,,
realmlp,all,165,0.2861759522381951,0.488157719373703,0.6316278576850891,0.31844988772097754,0.21515954526908257,0.3672165870666504
realmlp,kpx_group_1,165,0.2900986434782253,0.48950645327568054,0.6329917907714844,,,
realmlp,kpx_group_2,165,0.27541449052446026,0.4228350520133972,0.6741421818733215,,,
realmlp,kpx_group_3,165,0.2930147301624803,0.5521315336227417,0.5877496004104614,,,
realmlp,all,166,0.2775170031715842,0.4930862486362457,0.6262568831443787,0.30927996030625177,0.21175301688558915,0.3629286587238312
realmlp,kpx_group_1,166,0.2825479603865567,0.4899860918521881,0.6331842541694641,,,
realmlp,kpx_group_2,166,0.2696027188178371,0.42824870347976685,0.6672124862670898,,,
realmlp,kpx_group_3,166,0.2804003449923852,0.5610238909721375,0.5783739686012268,,,
realmlp,all,167,0.27045000300687905,0.48993125557899475,0.6281525492668152,0.3018231830176185,0.2091545346466934,0.3690342605113983
realmlp,kpx_group_1,167,0.2760842863251181,0.48239052295684814,0.6362731456756592,,,
realmlp,kpx_group_2,167,0.26284312434932766,0.42770230770111084,0.6692154407501221,,,
realmlp,kpx_group_3,167,0.2724225957165746,0.5597009062767029,0.5789690613746643,,,
realmlp,all,168,0.2647378260598463,0.4893282353878021,0.6293799877166748,0.2958541047923705,0.20744184426525059,0.37100091576576233
realmlp,kpx_group_1,168,0.2705686447374961,0.4846327006816864,0.6364648938179016,,,
realmlp,kpx_group_2,168,0.2564517943298115,0.42184343934059143,0.6737833023071289,,,
realmlp,kpx_group_3,168,0.2671930397696355,0.5615084767341614,0.5778917670249939,,,
realmlp,all,169,0.2581167326254003,0.4869738519191742,0.6310031414031982,0.28892939450109706,0.20541770975379384,0.37980949878692627
realmlp,kpx_group_1,169,0.2640028216821306,0.48872801661491394,0.6320804357528687,,,
realmlp,kpx_group_2,169,0.2508083726553356,0.4208173453807831,0.6742382645606995,,,
realmlp,kpx_group_3,169,0.25953901537200985,0.5513761639595032,0.5866906046867371,,,
realmlp,all,170,0.25192296417320476,0.48909953236579895,0.6307230591773987,0.282284639775753,0.20241115351810174,0.37485888600349426
realmlp,kpx_group_1,170,0.2601261169594877,0.48550304770469666,0.6359277963638306,,,
realmlp,kpx_group_2,170,0.24310579435790286,0.4242165982723236,0.6727935671806335,,,
realmlp,kpx_group_3,170,0.2525369930354988,0.5575789213180542,0.5834479928016663,,,
realmlp,all,171,0.24545016819063356,0.4874744415283203,0.6303037405014038,0.2754605903344996,0.2000694892862264,0.3764314651489258
realmlp,kpx_group_1,171,0.2529622329508557,0.48619043827056885,0.6348400712013245,,,
realmlp,kpx_group_2,171,0.23918435569195187,0.42380210757255554,0.6706617474555969,,,
realmlp,kpx_group_3,171,0.24420390979332082,0.5524308085441589,0.5854092836380005,,,
realmlp,all,172,0.23846436335760005,0.49003732204437256,0.6298975944519043,0.2680922672152519,0.1975193477290518,0.3846851885318756
realmlp,kpx_group_1,172,0.2470822682713761,0.48668837547302246,0.6355249881744385,,,
realmlp,kpx_group_2,172,0.23140279291307225,0.423831582069397,0.673719048500061,,,
realmlp,kpx_group_3,172,0.23690802253344478,0.559592068195343,0.5804488658905029,,,
realmlp,all,173,0.2321933391777908,0.4881596565246582,0.6299088597297668,0.2613140611964114,0.1941381539492046,0.3844481408596039
realmlp,kpx_group_1,173,0.24156184888937893,0.485726922750473,0.6341578960418701,,,
realmlp,kpx_group_2,173,0.22645680518711314,0.42560455203056335,0.6705093383789062,,,
realmlp,kpx_group_3,173,0.22856136104639838,0.5531474947929382,0.585059404373169,,,
realmlp,all,174,0.22635958650532892,0.49296554923057556,0.6255378723144531,0.2551180360948338,0.19172298448050723,0.3856852948665619
realmlp,kpx_group_1,174,0.23613983480369344,0.49944767355918884,0.6227914094924927,,,
realmlp,kpx_group_2,174,0.2204470351776656,0.4245763123035431,0.6710407137870789,,,
realmlp,kpx_group_3,174,0.2224918849327985,0.5548726916313171,0.5827815532684326,,,
realmlp,all,175,0.22133881204268513,0.49383702874183655,0.626563310623169,0.24978338225799449,0.1896304424632998,0.38307514786720276
realmlp,kpx_group_1,175,0.23030949559281855,0.49366122484207153,0.6289761662483215,,,
realmlp,kpx_group_2,175,0.21636225458453684,0.42847853899002075,0.6698688864707947,,,
realmlp,kpx_group_3,175,0.21734468770377777,0.5593713521957397,0.580845057964325,,,
realmlp,all,176,0.21588869217564077,0.4898848533630371,0.6300593018531799,0.24393857270479202,0.18699918424381928,0.39380303025245667
realmlp,kpx_group_1,176,0.22568901606342373,0.48888564109802246,0.6342571973800659,,,
realmlp,kpx_group_2,176,0.2105612612384207,0.4254635274410248,0.6701229810714722,,,
realmlp,kpx_group_3,176,0.21141578826834173,0.5553054213523865,0.5857978463172913,,,
realmlp,all,177,0.20969553423278472,0.49275776743888855,0.6270766854286194,0.23742731463383226,0.18487852329716964,0.3931504189968109
realmlp,kpx_group_1,177,0.21995261464925372,0.4931243360042572,0.630250096321106,,,
realmlp,kpx_group_2,177,0.2048027852878851,0.4268058240413666,0.6697214245796204,,,
realmlp,kpx_group_3,177,0.2043312082395834,0.5583431124687195,0.5812585353851318,,,
realmlp,all,178,0.20491392296903274,0.4923210144042969,0.6284191012382507,0.23229515771655476,0.18254156520261483,0.39047035574913025
realmlp,kpx_group_1,178,0.21509835386977477,0.49384787678718567,0.6303591728210449,,,
realmlp,kpx_group_2,178,0.20015262264539213,0.4277951121330261,0.6689603328704834,,,
realmlp,kpx_group_3,178,0.19949078603702433,0.5553200244903564,0.5859377384185791,,,
realmlp,all,179,0.1997651729513617,0.493429034948349,0.6262457370758057,0.2267725000924924,0.18004883190288262,0.39860138297080994
realmlp,kpx_group_1,179,0.20983869494760737,0.4936803877353668,0.629513144493103,,,
realmlp,kpx_group_2,179,0.19586540605215466,0.42850372195243835,0.6688284277915955,,,
realmlp,kpx_group_3,179,0.19359141632038004,0.5581029057502747,0.5803955793380737,,,
realmlp,all,180,0.19468443139510996,0.4955524206161499,0.6249392628669739,0.2213521878070691,0.17778502536170623,0.4010801315307617
realmlp,kpx_group_1,180,0.20549709130735958,0.5003260970115662,0.6233760118484497,,,
realmlp,kpx_group_2,180,0.19055004834252245,0.4275650382041931,0.6708110570907593,,,
realmlp,kpx_group_3,180,0.18800616921747432,0.5587660670280457,0.5806306600570679,,,
realmlp,all,181,0.1900064298773513,0.4926263391971588,0.6261451840400696,0.21629955619573593,0.17528751667808085,0.39881157875061035
realmlp,kpx_group_1,181,0.20007887526470072,0.49144047498703003,0.630090057849884,,,
realmlp,kpx_group_2,181,0.18616519057575395,0.42881783843040466,0.6690372824668884,,,
realmlp,kpx_group_3,181,0.18377522620208123,0.5576208829879761,0.579308271408081,,,
realmlp,all,182,0.18577776126125278,0.4957820475101471,0.6245214343070984,0.21176808962927146,0.17326885900076697,0.40664586424827576
realmlp,kpx_group_1,182,0.19694470197838895,0.4963313341140747,0.6287006735801697,,,
realmlp,kpx_group_2,182,0.18211531507618287,0.4291415810585022,0.6668702363967896,,,
realmlp,kpx_group_3,182,0.1782732726458241,0.561873197555542,0.5779933929443359,,,
realmlp,all,183,0.18198543524040894,0.49488404393196106,0.6258396506309509,0.20772577164804235,0.17160223008078687,0.4048149585723877
realmlp,kpx_group_1,183,0.19263283448184237,0.49652090668678284,0.6275784969329834,,,
realmlp,kpx_group_2,183,0.17794878693187938,0.42776551842689514,0.6701488494873047,,,
realmlp,kpx_group_3,183,0.17537468080134952,0.5603656768798828,0.5797914862632751,,,
realmlp,all,184,0.1778409332036972,0.49777379631996155,0.6231165528297424,0.2032119370996952,0.16914001633139217,0.40877804160118103
realmlp,kpx_group_1,184,0.18870148763937108,0.500869631767273,0.6225423812866211,,,
realmlp,kpx_group_2,184,0.17422446805764646,0.429878294467926,0.6687233448028564,,,
realmlp,kpx_group_3,184,0.17059683405301151,0.5625736713409424,0.578083872795105,,,
realmlp,all,185,0.17418210120762095,0.4974648952484131,0.6235319972038269,0.19932892195442142,0.16764546733568697,0.40996477007865906
realmlp,kpx_group_1,185,0.18492571746601777,0.5034307837486267,0.6212074756622314,,,
realmlp,kpx_group_2,185,0.17007251237245166,0.4295068383216858,0.6690744161605835,,,
realmlp,kpx_group_3,185,0.16754807049737258,0.5594571232795715,0.580314040184021,,,
realmlp,all,186,0.1710876311887713,0.495981901884079,0.6246253848075867,0.1959423315437401,0.1656979765085613,0.4125445783138275
realmlp,kpx_group_1,186,0.18178687923971346,0.5002951622009277,0.6238754391670227,,,
realmlp,kpx_group_2,186,0.16693032511016903,0.42966607213020325,0.6687626242637634,,,
realmlp,kpx_group_3,186,0.1645456889972967,0.5579844117164612,0.5812381505966187,,,
realmlp,all,187,0.16805735361926696,0.4968079626560211,0.6242658495903015,0.1926797218620777,0.16414911694386425,0.4105081260204315
realmlp,kpx_group_1,187,0.17896210533731124,0.5002327561378479,0.6249415874481201,,,
realmlp,kpx_group_2,187,0.16387097077334628,0.4295790493488312,0.668883204460144,,,
realmlp,kpx_group_3,187,0.16133898671935587,0.5606120824813843,0.5789726376533508,,,
realmlp,all,188,0.16535536528510206,0.4977905750274658,0.6225095391273499,0.1897406159516643,0.1625683204654385,0.41209647059440613
realmlp,kpx_group_1,188,0.17603129104656332,0.5011995434761047,0.6225029826164246,,,
realmlp,kpx_group_2,188,0.16122224554419518,0.4307785928249359,0.6665472984313965,,,
realmlp,kpx_group_3,188,0.15881256320897272,0.5613935589790344,0.5784781575202942,,,
realmlp,all,189,0.16255389920928898,0.4966677129268646,0.6245707273483276,0.18676095302490628,0.1613803589168717,0.41573095321655273
realmlp,kpx_group_1,189,0.1729828220079927,0.500978410243988,0.6237026453018188,,,
realmlp,kpx_group_2,189,0.1582821386263651,0.42879655957221985,0.668999195098877,,,
realmlp,kpx_group_3,189,0.15639672340715632,0.5602282881736755,0.5810103416442871,,,
realmlp,all,190,0.16017982188393087,0.497114896774292,0.6230797171592712,0.18416709825396538,0.15991518668392124,0.4180229604244232
realmlp,kpx_group_1,190,0.17053921564536936,0.4992561340332031,0.6231417655944824,,,
realmlp,kpx_group_2,190,0.15583769779871492,0.43010905385017395,0.6675041317939758,,,
realmlp,kpx_group_3,190,0.15416254848241806,0.5619796514511108,0.5785933136940002,,,
realmlp,all,191,0.1582726529415916,0.4982193410396576,0.6221909523010254,0.182077717693413,0.15870044073637793,0.41801905632019043
realmlp,kpx_group_1,191,0.16871065909371658,0.5027181506156921,0.619945764541626,,,
realmlp,kpx_group_2,191,0.15369732962811694,0.4295012354850769,0.6682683825492859,,,
realmlp,kpx_group_3,191,0.15240996243322597,0.5624386072158813,0.57835853099823,,,
realmlp,all,192,0.15646509431740818,0.49812546372413635,0.6231589913368225,0.1801343643490006,0.1577951333978597,0.4178372323513031
realmlp,kpx_group_1,192,0.16672255230300567,0.5003848075866699,0.6243669390678406,,,
realmlp,kpx_group_2,192,0.1519447288968984,0.43061330914497375,0.6674374341964722,,,
realmlp,kpx_group_3,192,0.15072799167212317,0.5633783340454102,0.5776726007461548,,,
realmlp,all,193,0.15498650183572488,0.49788951873779297,0.6230360865592957,0.17851416218806715,0.1568510481978164,0.41852807998657227
realmlp,kpx_group_1,193,0.16517562704051242,0.5010177493095398,0.623050332069397,,,
realmlp,kpx_group_2,193,0.1504539321450626,0.430012047290802,0.6678091883659363,,,
realmlp,kpx_group_3,193,0.14932995738790317,0.5626387596130371,0.5782488584518433,,,
realmlp,all,194,0.1535163423156037,0.49839362502098083,0.622408390045166,0.17691869858433218,0.15601569720927408,0.42021337151527405
realmlp,kpx_group_1,194,0.16390985075165243,0.5017381310462952,0.6222040057182312,,,
realmlp,kpx_group_2,194,0.14874701968887272,0.4300604462623596,0.6672379970550537,,,
realmlp,kpx_group_3,194,0.147892158040229,0.5633823275566101,0.5777831077575684,,,
realmlp,all,195,0.15259307885871215,0.4979068338871002,0.6232885718345642,0.1758952408152468,0.15534775923280156,0.42046651244163513
realmlp,kpx_group_1,195,0.16267848277793212,0.5005531311035156,0.6245514750480652,,,
realmlp,kpx_group_2,195,0.14805259248789618,0.43047764897346497,0.6676062345504761,,,
realmlp,kpx_group_3,195,0.14704815385972753,0.5626896619796753,0.5777080655097961,,,
realmlp,all,196,0.1515654318911188,0.49864479899406433,0.6228503584861755,0.17479180829489932,0.15484250534106703,0.4210769236087799
realmlp,kpx_group_1,196,0.16168637573719025,0.5029187798500061,0.6226284503936768,,,
realmlp,kpx_group_2,196,0.14696327312027707,0.4305002689361572,0.667807400226593,,,
realmlp,kpx_group_3,196,0.14604665086988142,0.5625153183937073,0.5781151056289673,,,
realmlp,all,197,0.1509263962507248,0.4985271990299225,0.6229264736175537,0.17409063240184502,0.15442822303842096,0.42155981063842773
realmlp,kpx_group_1,197,0.160990720943493,0.5018620491027832,0.6235977411270142,,,
realmlp,kpx_group_2,197,0.1461037737043465,0.43038830161094666,0.6670924425125122,,,
realmlp,kpx_group_3,197,0.14568469761049047,0.5633311867713928,0.5780891180038452,,,
realmlp,all,198,0.15048066044554992,0.49850448966026306,0.6229557394981384,0.17362966936300783,0.15432673736530192,0.42158207297325134
realmlp,kpx_group_1,198,0.16050975879325585,0.5018497109413147,0.6235461831092834,,,
realmlp,kpx_group_2,198,0.14565584304578164,0.4304013252258301,0.6672368049621582,,,
realmlp,kpx_group_3,198,0.1452763746766483,0.5632624626159668,0.5780842304229736,,,
realmlp,all,199,0.15025621236247175,0.49855002760887146,0.6228238940238953,0.1733749171390253,0.15412469931385098,0.4216349124908447
realmlp,kpx_group_1,199,0.1601810560506933,0.5019997358322144,0.6235424280166626,,,
realmlp,kpx_group_2,199,0.14541637064779506,0.430396169424057,0.6672731637954712,,,
realmlp,kpx_group_3,199,0.14517120381488519,0.5632540583610535,0.5776560306549072,,,
realmlp,all,200,0.15012527301031,0.4985344409942627,0.6228241324424744,0.1732326956356273,0.15404946006396236,0.4216423034667969
realmlp,kpx_group_1,200,0.16004846398444736,0.5019728541374207,0.6235431432723999,,,
realmlp,kpx_group_2,200,0.1452757066444439,0.4303991198539734,0.6672733426094055,,,
realmlp,kpx_group_3,200,0.14505165727699504,0.5632312893867493,0.5776559114456177,,,
